method,node_index,seed,runtime_s,fidelity_plus,fidelity_minus,sparsity,group_fidelity_plus,group_fidelity_minus,group_sparsity,top_features,efficiency_gap,top_groups
gnnexplainer,136551,0,1.1747629820001748,0.9739324769816449,0.9688108693808317,0.9393939393939394,0.23684537410736084,0.9734268588363193,0.7575757575757576,"142,2,114,154,111,51,52,79,76,163",,"11,10,8"
gnnexplainer,136551,1,0.9001615400002265,0.9739211658525164,0.9686098569072783,0.9393939393939394,0.670447587966919,0.9737872975674691,0.7575757575757576,"142,2,154,114,111,51,52,79,163,54",,"10,11,0"
gnnexplainer,136551,2,0.9301613259995065,0.9738986037918949,0.9705467442981899,0.9393939393939394,0.23684537410736084,0.9734268588363193,0.7575757575757576,"111,114,142,2,154,51,156,52,79,148",,"11,10,8"
gnnexplainer,136551,3,0.8775519299997541,0.9739247521465586,0.9679081910289824,0.9393939393939394,0.23684537410736084,0.9734268588363193,0.7575757575757576,"114,142,111,2,154,51,52,156,79,54",,"10,11,8"
gnnexplainer,136551,4,0.8655181089998223,0.9739245788186963,0.9702356355264783,0.9393939393939394,0.23684537410736084,0.9734268588363193,0.7575757575757576,"142,111,2,114,51,154,163,52,156,79",,"11,10,8"
gnnexplainer,136551,5,0.9043199640000239,0.973921165925276,0.9686098541133106,0.9393939393939394,0.23684537410736084,0.9734268588363193,0.7575757575757576,"142,2,111,114,154,51,52,79,163,54",,"10,11,8"
gnnexplainer,136551,6,0.8882531560002462,0.9739295348317683,0.9699596273712814,0.9393939393939394,0.23684537410736084,0.9734268588363193,0.7575757575757576,"142,154,114,111,2,51,52,79,163,131",,"11,10,8"
gnnexplainer,136551,7,0.8853959170000962,0.9739247521465586,0.9679081910289824,0.9393939393939394,0.23684537410736084,0.9734268588363193,0.7575757575757576,"142,114,111,2,154,51,52,79,156,54",,"11,10,8"
gnnexplainer,136551,8,0.8944458010000744,0.9738987230011844,0.9705468635074794,0.9393939393939394,0.23684537410736084,0.9734268588363193,0.7575757575757576,"142,2,111,114,154,51,52,79,148,156",,"11,10,8"
gnnexplainer,136551,9,0.9179882739999812,0.9739245787823165,0.9702356355264783,0.9393939393939394,0.670447587966919,0.9737872973928461,0.7575757575757576,"142,2,154,114,111,51,52,79,163,156",,"11,10,0"
gnnexplainer,170429,0,0.9001315530003922,0.9644943029788919,0.9635733921895735,0.9393939393939394,0.017125427722930908,0.9633640110259876,0.7575757575757576,"2,147,90,155,114,51,163,79,80,162",,"10,11,6"
gnnexplainer,170429,1,0.9189540589995886,0.9644912959261092,0.963703126530163,0.9393939393939394,0.017125427722930908,0.9633640110259876,0.7575757575757576,"2,90,147,155,163,114,51,52,80,145",,"10,11,6"
gnnexplainer,170429,2,0.8798760760000732,0.9644884363888195,0.9634513520868495,0.9393939393939394,0.5447632372379303,0.9644371900758415,0.7575757575757576,"2,90,155,147,163,145,114,148,52,51",,"10,11,8"
gnnexplainer,170429,3,0.9270961470001566,0.9644966586503188,0.9618250553030521,0.9393939393939394,0.017125427722930908,0.9633640110259876,0.7575757575757576,"2,90,147,155,163,114,51,52,148,80",,"10,11,6"
gnnexplainer,170429,4,0.9110765380000885,0.9644971158997464,0.9617956224828959,0.9393939393939394,0.017125427722930908,0.9633640110259876,0.7575757575757576,"155,90,2,114,147,79,51,163,52,80",,"10,11,6"
gnnexplainer,170429,5,0.915784373999486,0.9644617324738647,0.9640989879262634,0.9393939393939394,0.017125427722930908,0.9633640110259876,0.7575757575757576,"2,90,155,147,114,52,51,163,143,145",,"10,11,6"
gnnexplainer,170429,6,0.9098032460005925,0.9644915520580071,0.9631747243693098,0.9393939393939394,0.017125427722930908,0.9633640110259876,0.7575757575757576,"2,90,147,155,163,51,148,114,52,143",,"10,11,6"
gnnexplainer,170429,7,0.8883958730002632,0.9644963425404285,0.9624073738232255,0.9393939393939394,0.017125427722930908,0.9633640110259876,0.7575757575757576,"2,155,90,147,114,52,51,163,162,79",,"10,11,6"
gnnexplainer,170429,8,0.9274435389997961,0.9644938424348766,0.9626937333960086,0.9393939393939394,0.5447632372379303,0.9644371900758415,0.7575757575757576,"2,155,90,147,52,114,143,51,148,79",,"10,11,8"
gnnexplainer,170429,9,0.9152804969999124,0.964488436398824,0.9634513520868495,0.9393939393939394,0.5447632372379303,0.9644371900758415,0.7575757575757576,"2,90,155,147,51,114,163,52,145,148",,"10,11,8"
gnnexplainer,150888,0,0.9360082720004357,0.05662548542022705,0.8456669410225004,0.9393939393939394,0.08279383182525635,0.34472471475601196,0.7515151515151515,"142,145,149,146,143,148,2,90,80,144",,"10,6,7"
gnnexplainer,150888,1,0.9199848460002613,0.05662548542022705,0.8456669410225004,0.9393939393939394,0.08279383182525635,0.34472471475601196,0.7515151515151515,"145,146,149,142,143,148,2,90,80,144",,"10,6,7"
gnnexplainer,150888,2,0.9431629939999766,0.4006389081478119,0.8411204069852829,0.9393939393939394,0.08279383182525635,0.34472471475601196,0.7515151515151515,"146,145,149,142,143,2,148,90,147,144",,"10,6,7"
gnnexplainer,150888,3,0.912467060000381,0.05662548542022705,0.8456669410225004,0.9393939393939394,0.08279383182525635,0.34472471475601196,0.7515151515151515,"145,146,142,149,143,148,2,90,80,144",,"10,6,7"
gnnexplainer,150888,4,0.9058913150001899,0.05662548542022705,0.8456669410225004,0.9393939393939394,0.0827939510345459,0.3447245955467224,0.7515151515151515,"146,145,142,149,143,148,2,90,80,144",,"10,6,7"
gnnexplainer,150888,5,0.9305730590003805,0.0566256046295166,0.8456668218132108,0.9393939393939394,0.08279383182525635,0.34472471475601196,0.7515151515151515,"145,146,142,149,143,148,2,90,80,144",,"10,6,7"
gnnexplainer,150888,6,0.9417587759999151,0.05662548542022705,0.8456669410225004,0.9393939393939394,0.0827939510345459,0.3447245955467224,0.7515151515151515,"145,146,149,142,143,148,2,90,80,144",,"10,6,7"
gnnexplainer,150888,7,0.932430179000221,0.05662548542022705,0.8456669410225004,0.9393939393939394,0.08279383182525635,0.3447246551513672,0.7515151515151515,"145,146,142,149,143,148,2,90,80,144",,"10,6,7"
gnnexplainer,150888,8,0.9487797370002227,0.05662548542022705,0.8456669410225004,0.9393939393939394,0.0827939510345459,0.3447245955467224,0.7515151515151515,"145,146,149,142,143,148,2,90,80,144",,"10,6,7"
gnnexplainer,150888,9,0.9145587610000803,0.05662548542022705,0.8456669410225004,0.9393939393939394,0.08279383182525635,0.3447246551513672,0.7515151515151515,"142,149,146,145,143,148,2,90,80,144",,"10,6,7"
gnnexplainer,160689,0,0.882492892999835,0.8119655094233167,0.7634876444935799,0.9393939393939394,0.07901328802108765,0.7932835090905428,0.7515151515151515,"2,114,142,154,147,155,143,90,144,52",,"10,7,8"
gnnexplainer,160689,1,0.918357248000575,0.8119924993079621,0.75904531031847,0.9393939393939394,0.07901328802108765,0.7932835146784782,0.7515151515151515,"2,114,142,154,52,147,90,149,143,155",,"10,8,7"
gnnexplainer,160689,2,0.9054413610001575,0.8119988645794365,0.7638263180851936,0.9393939393939394,0.07901328802108765,0.7932835146784782,0.7515151515151515,"114,2,142,154,143,147,108,155,90,52",,"10,7,8"
gnnexplainer,160689,3,0.9186042620003718,0.8120033706945833,0.6542088091373444,0.9393939393939394,0.07901328802108765,0.7932835146784782,0.7515151515151515,"114,2,142,154,147,111,52,90,143,149",,"10,7,8"
gnnexplainer,160689,4,0.9487837450005827,0.8119570532908256,0.7944144457578659,0.9393939393939394,0.07901328802108765,0.7932835146784782,0.7515151515151515,"2,114,142,154,155,52,147,149,143,108",,"10,7,8"
gnnexplainer,160689,5,0.9337248920001002,0.8120007441220878,0.7514195404946804,0.9393939393939394,0.07901328802108765,0.7932835090905428,0.7515151515151515,"114,2,142,154,147,149,143,90,108,52",,"10,7,8"
gnnexplainer,160689,6,0.9495812240002124,0.8120067397088633,0.7100682109594345,0.9393939393939394,0.07901322841644287,0.793283574283123,0.7515151515151515,"2,114,142,149,154,52,108,147,155,90",,"10,7,8"
gnnexplainer,160689,7,0.9416422269996474,0.8119924992788583,0.75904531031847,0.9393939393939394,0.07901328802108765,0.7932835146784782,0.7515151515151515,"114,2,142,154,149,90,147,143,52,155",,"10,8,7"
gnnexplainer,160689,8,0.9614199269999517,0.8120067397100001,0.7100682109594345,0.9393939393939394,0.07901328802108765,0.7932835090905428,0.7515151515151515,"114,2,142,149,154,52,147,90,155,108",,"10,7,8"
gnnexplainer,160689,9,0.994896625000365,0.8119995834267684,0.7031228765845299,0.9393939393939394,0.07901328802108765,0.7932835146784782,0.7515151515151515,"114,2,142,154,90,149,51,52,155,143",,"10,7,8"
gnnexplainer,154039,0,0.9817204289993242,0.5701369597782104,0.5647811004891992,0.9393939393939394,0.33041776716709137,0.5435087624937296,0.7575757575757576,"155,51,114,147,90,143,145,52,2,142",,"10,6,11"
gnnexplainer,154039,1,0.9384135810005318,0.5701368405689209,0.5647809812799096,0.9393939393939394,0.3304176777601242,0.543508630245924,0.7575757575757576,"51,114,90,143,147,155,2,52,145,142",,"10,11,6"
gnnexplainer,154039,2,0.9210364600003231,0.5701369597782104,0.5647811004891992,0.9393939393939394,0.3304177075624466,0.5435086898505688,0.7575757575757576,"114,51,90,143,155,147,145,2,52,142",,"10,11,6"
gnnexplainer,154039,3,0.9390903920002529,0.5701368405689209,0.5647809812799096,0.9393939393939394,0.05921196937561035,0.5696700518601574,0.7575757575757576,"114,51,147,90,143,155,2,145,52,142",,"10,11,8"
gnnexplainer,154039,4,0.9444872029998805,0.5701368405689209,0.5647809812799096,0.9393939393939394,0.3304177522659302,0.5435087028890848,0.7575757575757576,"143,90,51,155,147,114,2,145,52,142",,"10,11,6"
gnnexplainer,154039,5,0.9286533920003421,0.5701369597782104,0.5647811004891992,0.9393939393939394,0.330417737364769,0.5435086898505688,0.7575757575757576,"51,114,90,147,155,143,2,145,52,142",,"10,11,6"
gnnexplainer,154039,6,1.0296621760007838,0.5701370193828552,0.5647811600938439,0.9393939393939394,0.33041760325431824,0.543508630245924,0.7575757575757576,"51,147,114,143,90,155,2,145,52,142",,"10,11,6"
gnnexplainer,154039,7,0.9260081829997944,0.5701369597782104,0.5647811004891992,0.9393939393939394,0.059211909770965576,0.5696699922555126,0.7575757575757576,"114,51,143,90,155,147,2,52,145,142",,"10,11,8"
gnnexplainer,154039,8,0.914689074999842,0.5701368405689209,0.5647809812799096,0.9393939393939394,0.3304176777601242,0.543508630245924,0.7575757575757576,"90,51,147,155,143,114,2,145,52,142",,"10,11,6"
gnnexplainer,154039,9,1.0033753050001906,0.5701369001735657,0.5647810408845544,0.9393939393939394,0.05921202898025513,0.5696701114648022,0.7575757575757576,"114,51,90,143,147,155,145,2,142,52",,"10,11,8"
gnnexplainer,201916,0,0.9818263170000137,0.9168020432830417,0.7995829880237579,0.9393939393939394,0.8915477301925421,0.9164423581387382,0.7575757575757576,"83,85,84,138,135,51,99,91,19,48",,"6,10,11"
gnnexplainer,201916,1,0.9008784969992121,0.9168036062935698,0.8652384169399738,0.9393939393939394,0.8915477301925421,0.916442357993219,0.7575757575757576,"83,85,138,135,84,99,51,91,19,102",,"6,10,11"
gnnexplainer,201916,2,0.8894294760002595,0.9168030926236952,0.9016102580353618,0.9393939393939394,0.8915477301925421,0.916442357993219,0.7575757575757576,"83,85,91,84,99,135,138,133,134,51",,"6,10,11"
gnnexplainer,201916,3,0.8694488250002905,0.9167998943526072,0.8586580567061901,0.9393939393939394,0.8915477301925421,0.9164423581387382,0.7575757575757576,"83,85,135,138,91,84,99,88,102,19",,"6,10,11"
gnnexplainer,201916,4,0.9062007359998461,0.9168033225134877,0.8807288482785225,0.9393939393939394,0.8915477301925421,0.916442357993219,0.7575757575757576,"83,138,135,85,84,99,91,19,133,51",,"6,10,11"
gnnexplainer,201916,5,0.9040712550004173,0.9167996277305974,0.730982169508934,0.9393939393939394,0.8915477301925421,0.916442357993219,0.7575757575757576,"83,85,135,138,99,84,91,19,134,102",,"6,10,11"
gnnexplainer,201916,6,0.8954073369995967,0.9167960281047272,0.567322164773941,0.9393939393939394,0.8915477301925421,0.916442357993219,0.7575757575757576,"83,85,135,91,84,138,48,19,99,133",,"6,10,11"
gnnexplainer,201916,7,0.9283715530000336,0.9167988485933165,0.9031204106286168,0.9393939393939394,0.8915477301925421,0.916442357993219,0.7575757575757576,"83,85,84,138,135,51,134,91,133,19",,"6,10,11"
gnnexplainer,201916,8,0.8862316580007246,0.91680293820923,0.8736759126186371,0.9393939393939394,0.8915477301925421,0.916442357993219,0.7575757575757576,"85,83,138,84,91,135,99,19,86,51",,"6,10,11"
gnnexplainer,201916,9,0.8994703620001019,0.9168024644654906,0.8720001056790352,0.9393939393939394,0.8915477301925421,0.916442357993219,0.7575757575757576,"83,85,135,138,84,99,134,51,91,19",,"6,10,11"
gnnexplainer,174769,0,0.914996954000344,0.9522819774783784,0.21339958906173706,0.9393939393939394,0.8230310082435608,0.9403396043926477,0.7515151515151515,"115,90,147,155,109,146,51,150,91,85",,"6,10,8"
gnnexplainer,174769,1,0.9011061740002333,0.9522782382446167,0.36320507526397705,0.9393939393939394,0.8230310082435608,0.9403396043926477,0.7515151515151515,"115,147,90,109,155,51,150,91,85,20",,"6,8,10"
gnnexplainer,174769,2,0.9575588730003801,0.95228353055154,0.26297158002853394,0.9393939393939394,0.8230310380458832,0.9403396043926477,0.7515151515151515,"115,109,147,155,90,91,150,51,143,62",,"6,10,8"
gnnexplainer,174769,3,0.8595583819997046,0.9522709779103025,0.3415061831474304,0.9393939393939394,0.8230310082435608,0.9403396043926477,0.7515151515151515,"115,147,155,90,109,91,51,143,150,85",,"6,10,8"
gnnexplainer,174769,4,0.8752707430003284,0.9520999010273954,0.739096462726593,0.9393939393939394,0.8230310529470444,0.9403396043926477,0.7515151515151515,"115,147,90,155,109,91,51,146,110,150",,"6,10,8"
gnnexplainer,174769,5,0.8679326060000676,0.952281223697355,0.27293169498443604,0.9393939393939394,0.8230310380458832,0.9403396043926477,0.7515151515151515,"115,147,90,109,155,146,91,150,51,143",,"6,10,8"
gnnexplainer,174769,6,0.8617906059998859,0.9520999010273954,0.739096462726593,0.9393939393939394,0.8230310380458832,0.9403396043926477,0.7515151515151515,"115,147,90,109,155,91,146,150,51,110",,"6,10,8"
gnnexplainer,174769,7,0.8959722189993045,0.9522819774783784,0.21339958906173706,0.9393939393939394,0.8230310082435608,0.9403396043926477,0.7515151515151515,"115,155,147,90,109,51,91,85,146,150",,"6,10,8"
gnnexplainer,174769,8,0.8870846299996629,0.9522819774783784,0.21339958906173706,0.9393939393939394,0.8230310082435608,0.9403396043926477,0.7515151515151515,"115,90,147,109,155,51,146,91,85,150",,"6,10,8"
gnnexplainer,174769,9,0.8882515029999922,0.9522784289129049,0.24960917234420776,0.9393939393939394,0.8230310380458832,0.9403396043926477,0.7515151515151515,"115,147,109,90,155,146,51,150,91,11",,"6,10,8"
gnnexplainer,156014,0,0.8868447690001631,0.6998950094626508,0.15694111585617065,0.9393939393939394,0.5963921546936035,0.29939860105514526,0.7515151515151515,"90,147,155,142,114,51,143,52,2,144",,"10,3,6"
gnnexplainer,156014,1,0.9256622029997743,0.6998950094626508,0.15694117546081543,0.9393939393939394,0.5963920652866364,0.2993987202644348,0.7515151515151515,"90,147,51,155,142,114,143,52,2,144",,"10,3,6"
gnnexplainer,156014,2,0.8841748429995278,0.699894949858006,0.15694111585617065,0.9393939393939394,0.5963922441005707,0.2993985414505005,0.7515151515151515,"90,147,114,155,51,143,142,52,2,144",,"10,3,6"
gnnexplainer,156014,3,0.8890814120004507,0.6998948902533613,0.15694105625152588,0.9393939393939394,0.5963921248912811,0.29939866065979004,0.7515151515151515,"90,147,114,142,155,143,51,52,2,144",,"10,3,6"
gnnexplainer,156014,4,0.8834324580002431,0.699894949858006,0.15694111585617065,0.9393939393939394,0.569132849574089,0.028851449489593506,0.7515151515151515,"90,147,142,155,114,51,143,52,2,144",,"10,3,7"
gnnexplainer,156014,5,0.8609820370002126,0.6998950690672956,0.15694117546081543,0.9393939393939394,0.5963921844959259,0.29939860105514526,0.7515151515151515,"90,147,142,143,51,155,114,52,2,144",,"10,3,6"
gnnexplainer,156014,6,0.8939331980000134,0.6998951833694687,0.31259363889694214,0.9393939393939394,0.550054743885994,0.14183074235916138,0.7515151515151515,"90,147,155,142,51,114,143,52,2,145",,"10,3,8"
gnnexplainer,156014,7,0.947713044000011,0.6998950690672956,0.15694117546081543,0.9393939393939394,0.5500546246767044,0.14183086156845093,0.7515151515151515,"90,147,114,142,155,51,143,52,2,144",,"10,3,8"
gnnexplainer,156014,8,0.8799929060005525,0.699887154732096,0.07318460941314697,0.9393939393939394,0.550054743885994,0.14183074235916138,0.7515151515151515,"90,147,155,142,51,114,143,52,112,144",,"10,3,8"
gnnexplainer,156014,9,0.8838725349996821,0.699894949858006,0.15694111585617065,0.9393939393939394,0.5500548183917999,0.1418306827545166,0.7515151515151515,"147,90,142,114,51,155,143,52,144,2",,"10,3,8"
gnnexplainer,153009,0,0.9468295030001173,0.7285223628859967,0.7297019536126754,0.9393939393939394,0.3177397847175598,0.20678597688674927,0.7515151515151515,"90,147,2,51,148,145,146,143,150,114",,"10,6,7"
gnnexplainer,153009,1,0.9360484569997425,0.7062926851212978,0.7297404780474608,0.9393939393939394,0.3177397847175598,0.20678603649139404,0.7515151515151515,"90,147,2,51,148,145,146,143,114,136",,"10,6,7"
gnnexplainer,153009,2,0.9032150570001249,0.7285223621875048,0.7297019536126754,0.9393939393939394,0.3177397847175598,0.20678603649139404,0.7515151515151515,"90,147,2,51,148,145,146,143,150,114",,"10,6,7"
gnnexplainer,153009,3,0.8909509350005465,0.7287849001586437,0.7296661140062497,0.9393939393939394,0.31773969531059265,0.20678597688674927,0.7515151515151515,"90,147,2,51,148,145,146,143,150,52",,"10,6,7"
gnnexplainer,153009,4,0.893723232999946,0.6948875598609447,0.7296704908658285,0.9393939393939394,0.3177398443222046,0.2067861557006836,0.7515151515151515,"90,147,2,148,51,145,146,143,136,150",,"10,6,7"
gnnexplainer,153009,5,0.9639739160002136,0.7287849606946111,0.7296661736108945,0.9393939393939394,0.3177398145198822,0.20678621530532837,0.7515151515151515,"90,147,2,51,148,145,146,143,150,52",,"10,6,7"
gnnexplainer,153009,6,0.9301633389995914,0.6948876194655895,0.7296705504704732,0.9393939393939394,0.3177397549152374,0.20678603649139404,0.7515151515151515,"90,147,2,148,51,145,143,146,136,150",,"10,6,7"
gnnexplainer,153009,7,0.9172290679998696,0.7287849606946111,0.7296661736108945,0.9393939393939394,0.3177398443222046,0.20678603649139404,0.7515151515151515,"90,147,2,51,148,145,146,143,150,52",,"10,6,7"
gnnexplainer,153009,8,0.9711169459997109,0.6948875598609447,0.7296704908658285,0.9393939393939394,0.3177398443222046,0.2067861557006836,0.7515151515151515,"90,147,2,51,148,145,146,143,136,150",,"10,6,7"
gnnexplainer,153009,9,0.9525910880001902,0.6948875598609447,0.7296704908658285,0.9393939393939394,0.3177397549152374,0.2067861557006836,0.7515151515151515,"90,147,2,148,145,51,146,143,150,136",,"10,6,7"
gnnexplainer,138359,0,0.9706146729995453,0.13217812776565552,0.9995108476286987,0.9393939393939394,0.2933465242385864,0.9996224423666717,0.7515151515151515,"148,2,155,90,149,147,99,114,102,100",,"10,0,6"
gnnexplainer,138359,1,0.9154333840006075,0.07858234643936157,0.9995780209865188,0.9393939393939394,0.2933465242385864,0.9996224424539832,0.7515151515151515,"148,2,155,90,149,147,100,114,99,136",,"10,6,0"
gnnexplainer,138359,2,0.8981168479995176,0.23419266939163208,0.9996744540694635,0.9393939393939394,0.2933465242385864,0.9996224423666717,0.7515151515151515,"148,2,90,155,149,147,114,143,100,136",,"10,0,6"
gnnexplainer,138359,3,0.891723897000702,0.23419278860092163,0.9996744540294458,0.9393939393939394,0.2933465838432312,0.9996224423666717,0.7515151515151515,"148,2,155,90,149,147,114,100,143,136",,"10,0,6"
gnnexplainer,138359,4,0.8854289190003328,0.23419272899627686,0.9996744540694635,0.9393939393939394,0.2933465242385864,0.9996224423666717,0.7515151515151515,"148,2,155,90,149,147,100,114,143,136",,"10,0,6"
gnnexplainer,138359,5,0.8893470309994882,0.23419266939163208,0.9996744540294458,0.9393939393939394,0.2933465838432312,0.9996224423666717,0.7515151515151515,"148,2,155,90,149,147,114,143,100,136",,"10,6,0"
gnnexplainer,138359,6,0.8926738720001595,0.3356524109840393,0.9996009883689112,0.9393939393939394,0.2933465242385864,0.9996224423666717,0.7515151515151515,"148,2,155,90,149,114,143,147,100,99",,"10,6,0"
gnnexplainer,138359,7,0.9065429000002041,0.06894659996032715,0.9996390455853543,0.9393939393939394,0.2933465242385864,0.9996224423666717,0.7515151515151515,"148,2,155,90,149,114,147,100,136,102",,"10,0,6"
gnnexplainer,138359,8,0.9048975980003888,0.13217812776565552,0.9995108476286987,0.9393939393939394,0.2933465242385864,0.9996224423666717,0.7515151515151515,"148,2,155,90,149,100,147,114,99,102",,"10,0,6"
gnnexplainer,138359,9,0.9112669160003861,0.23419272899627686,0.9996744540694635,0.9393939393939394,0.2933465242385864,0.9996224423666717,0.7515151515151515,"148,2,155,90,149,143,147,114,100,136",,"10,6,0"
gnnexplainer,152136,0,0.9111730300001,0.0036374926567077637,0.9881191117342496,0.9393939393939394,0.004133701324462891,0.5975901186466217,0.7515151515151515,"147,148,90,145,2,146,136,143,144,112",,"10,6,7"
gnnexplainer,152136,1,0.9066666829994574,0.04994720220565796,0.9881111336071626,0.9393939393939394,0.004133701324462891,0.5975901484489441,0.7515151515151515,"147,90,148,145,2,146,136,143,149,144",,"10,6,7"
gnnexplainer,152136,2,0.9045919640002467,0.0036374926567077637,0.9881191117342496,0.9393939393939394,0.004133701324462891,0.5975901186466217,0.7515151515151515,"147,148,90,145,2,146,136,143,112,144",,"10,6,7"
gnnexplainer,152136,3,0.9265985620004358,0.0036374926567077637,0.9881191117342496,0.9393939393939394,0.004133701324462891,0.5975900590419769,0.7515151515151515,"147,148,90,145,146,2,136,143,144,112",,"10,6,7"
gnnexplainer,152136,4,0.9396145270002307,0.0036374926567077637,0.9881191117342496,0.9393939393939394,0.004133701324462891,0.5975901186466217,0.7515151515151515,"147,148,90,145,146,2,143,136,144,112",,"10,6,7"
gnnexplainer,152136,5,0.9502584259998912,0.0036374926567077637,0.9881191117342496,0.9393939393939394,0.004133701324462891,0.5975900590419769,0.7515151515151515,"147,148,90,145,2,146,136,143,144,112",,"10,6,7"
gnnexplainer,152136,6,0.9123240319995602,0.0036374926567077637,0.9881191117342496,0.9393939393939394,0.004133701324462891,0.5975900590419769,0.7515151515151515,"147,148,90,145,146,2,136,143,144,112",,"10,6,7"
gnnexplainer,152136,7,0.9060196169994015,0.0036374926567077637,0.9881191117342496,0.9393939393939394,0.004133701324462891,0.5975900590419769,0.7515151515151515,"147,148,90,145,2,146,136,143,112,144",,"10,6,7"
gnnexplainer,152136,8,0.9156584469992595,0.0036374926567077637,0.9881191117342496,0.9393939393939394,0.004133701324462891,0.5975900590419769,0.7515151515151515,"147,148,90,145,146,2,136,143,144,112",,"10,6,7"
gnnexplainer,152136,9,0.9348793609997301,0.0036374926567077637,0.9881191117342496,0.9393939393939394,0.004133701324462891,0.5975900590419769,0.7515151515151515,"147,148,90,145,146,2,136,143,144,112",,"10,6,7"
gnnexplainer,137831,0,0.8977573530000882,0.109974205493927,0.999562104101642,0.9393939393939394,0.27744060754776,0.9996563938693726,0.7515151515151515,"148,2,155,90,149,114,147,99,102,100",,"10,0,6"
gnnexplainer,137831,1,0.8971456939998461,0.109974205493927,0.999562104101642,0.9393939393939394,0.27744054794311523,0.9996563938693726,0.7515151515151515,"148,2,155,90,149,114,147,100,99,102",,"10,6,0"
gnnexplainer,137831,2,0.9081249620003291,0.43324780464172363,0.9996732467407128,0.9393939393939394,0.27744054794311523,0.9996563938693726,0.7515151515151515,"148,2,90,155,149,147,114,143,100,88",,"10,0,6"
gnnexplainer,137831,3,0.9053604980008458,0.109974205493927,0.999562104101642,0.9393939393939394,0.27744048833847046,0.9996563938693726,0.7515151515151515,"148,2,155,90,149,114,147,100,99,102",,"10,0,6"
gnnexplainer,137831,4,0.9098126630005936,0.10569131374359131,0.99965785376844,0.9393939393939394,0.27744060754776,0.9996563938693726,0.7515151515151515,"148,2,155,90,149,147,114,100,136,88",,"10,0,6"
gnnexplainer,137831,5,0.955317672000092,0.20699280500411987,0.9997118037390464,0.9393939393939394,0.27744054794311523,0.9996563938693726,0.7515151515151515,"148,2,155,90,149,147,114,100,143,136",,"10,0,6"
gnnexplainer,137831,6,0.8642622799998207,0.29355674982070923,0.9996472436541808,0.9393939393939394,0.27744060754776,0.9996563938693726,0.7515151515151515,"148,2,155,90,149,114,147,143,100,99",,"10,6,0"
gnnexplainer,137831,7,0.8896952149998469,0.059025347232818604,0.9996773453967762,0.9393939393939394,0.27744054794311523,0.9996563938693726,0.7515151515151515,"148,2,155,90,149,114,147,102,100,136",,"10,0,6"
gnnexplainer,137831,8,0.909780162000061,0.109974205493927,0.999562104101642,0.9393939393939394,0.27744060754776,0.9996563938693726,0.7515151515151515,"148,2,155,90,149,114,100,147,99,102",,"10,0,6"
gnnexplainer,137831,9,0.9090112180001597,0.20699280500411987,0.9997118037390464,0.9393939393939394,0.2774406671524048,0.9996563938693726,0.7515151515151515,"148,2,155,90,149,114,147,100,143,136",,"10,0,6"
gnnexplainer,150802,0,0.8973156830006701,0.775001583431731,0.7747661249886733,0.9393939393939394,0.03155982494354248,0.7636701697483659,0.7575757575757576,"90,52,2,51,79,163,145,114,80,143",,"10,11,6"
gnnexplainer,150802,1,0.890122858999348,0.7749965329148836,0.7748829365882557,0.9393939393939394,0.03155982494354248,0.7636701697483659,0.7575757575757576,"90,2,51,52,163,79,145,80,155,143",,"10,11,6"
gnnexplainer,150802,2,0.897443903999374,0.7750115042827019,0.7745532588742208,0.9393939393939394,0.03155982494354248,0.7636701697483659,0.7575757575757576,"90,2,114,51,52,80,79,163,145,155",,"10,11,6"
gnnexplainer,150802,3,0.8851469499995801,0.775001583431731,0.7747661249886733,0.9393939393939394,0.03155982494354248,0.7636701697483659,0.7575757575757576,"90,2,51,80,52,79,114,163,143,145",,"10,11,6"
gnnexplainer,150802,4,0.8817420519999359,0.7749965329148836,0.7748829365882557,0.9393939393939394,0.03155982494354248,0.7636701697483659,0.7575757575757576,"90,51,2,145,163,52,80,79,143,155",,"10,11,6"
gnnexplainer,150802,5,0.9102029360001325,0.7750015834499209,0.7747661249886733,0.9393939393939394,0.435241162776947,0.7720149841625243,0.7575757575757576,"90,2,52,80,51,163,79,114,145,143",,"10,11,5"
gnnexplainer,150802,6,0.8973825089997263,0.7750202941790576,0.7733962013153359,0.9393939393939394,0.435241162776947,0.7720149841625243,0.7575757575757576,"90,79,51,145,52,80,2,143,147,155",,"10,11,5"
gnnexplainer,150802,7,0.935288951000075,0.775001583431731,0.7747661249886733,0.9393939393939394,0.03155982494354248,0.7636701697483659,0.7575757575757576,"90,51,52,80,2,163,145,79,114,143",,"10,11,6"
gnnexplainer,150802,8,0.8910244329999841,0.7749965329148836,0.7748829365882557,0.9393939393939394,0.03155982494354248,0.7636701697483659,0.7575757575757576,"90,51,2,52,145,79,80,155,163,143",,"10,11,6"
gnnexplainer,150802,9,0.8625141249995067,0.7750124249196233,0.7746339947916567,0.9393939393939394,0.03155982494354248,0.7636701697483659,0.7575757575757576,"90,52,51,145,2,163,114,80,79,162",,"10,11,6"
gnnexplainer,141885,0,0.9037010499996541,0.5318638309811377,0.5318216870109609,0.9393939393939394,0.42866605520248413,0.5318648505157597,0.7575757575757576,"155,147,90,145,143,91,51,146,52,62",,"10,6,11"
gnnexplainer,141885,1,0.8667158190000919,0.5318647463880666,0.5317892457169364,0.9393939393939394,0.42866599559783936,0.5318648505157597,0.7575757575757576,"155,147,90,145,51,143,91,52,146,79",,"10,6,11"
gnnexplainer,141885,2,0.8724669949997406,0.5318638309811377,0.5318216870109609,0.9393939393939394,0.42866605520248413,0.5318648505157597,0.7575757575757576,"155,147,90,143,145,51,91,146,52,62",,"10,6,11"
gnnexplainer,141885,3,0.8745150240001749,0.5318638309811377,0.5318216870109609,0.9393939393939394,0.42866605520248413,0.531864850515916,0.7575757575757576,"155,147,90,145,143,91,146,51,52,62",,"10,6,11"
gnnexplainer,141885,4,0.8745421350004108,0.5318638309811377,0.5318216870109609,0.9393939393939394,0.42866605520248413,0.5318648505157597,0.7575757575757576,"155,147,145,90,143,146,91,51,52,62",,"10,6,11"
gnnexplainer,141885,5,0.8724877439999545,0.531863771375356,0.5318216274063161,0.9393939393939394,0.42866605520248413,0.531864850515916,0.7575757575757576,"155,147,90,145,91,143,146,51,52,62",,"10,6,11"
gnnexplainer,141885,6,0.875013530000615,0.5318646867834218,0.5317891861122916,0.9393939393939394,0.42866599559783936,0.5318648505157597,0.7575757575757576,"155,147,90,143,145,91,51,146,52,79",,"10,6,11"
gnnexplainer,141885,7,0.8729691689995889,0.5318637713764929,0.5318216274063161,0.9393939393939394,0.42866599559783936,0.5318648505157597,0.7575757575757576,"155,147,90,145,143,51,52,91,146,62",,"10,6,11"
gnnexplainer,141885,8,0.8819810909999433,0.5318638309811377,0.5318216870109609,0.9393939393939394,0.42866605520248413,0.5318648505157597,0.7575757575757576,"155,147,90,145,91,143,146,51,52,62",,"10,6,11"
gnnexplainer,141885,9,0.9029395090001344,0.5318645691950792,0.5318112507848127,0.9393939393939394,0.42866605520248413,0.5318648505157597,0.7575757575757576,"155,147,143,145,90,51,146,91,52,80",,"10,6,11"
gnnexplainer,202292,0,0.862516209000205,0.8934230695096517,0.5293960273265839,0.9393939393939394,0.826222263276577,0.8934093317748193,0.7575757575757576,"83,138,85,48,91,99,19,61,135,84",,"6,10,11"
gnnexplainer,202292,1,0.8643711639997491,0.8934230695096517,0.5293960273265839,0.9393939393939394,0.8915228598052636,0.8928486348013394,0.7575757575757576,"138,83,85,91,99,48,19,61,135,84",,"6,10,9"
gnnexplainer,202292,2,0.8740787939996153,0.893422060288799,0.4646385610103607,0.9393939393939394,0.8915228607365862,0.8928486348013394,0.7575757575757576,"91,99,83,138,85,135,48,61,19,20",,"6,10,9"
gnnexplainer,202292,3,0.8675709159997496,0.8934225896250041,0.8399915397167206,0.9393939393939394,0.8262222334742546,0.8934093317748193,0.7575757575757576,"83,138,91,85,61,19,48,99,84,155",,"6,10,11"
gnnexplainer,202292,4,0.8722885010001846,0.8934230695096517,0.5293960273265839,0.9393939393939394,0.826222263276577,0.8934093317748193,0.7575757575757576,"83,138,91,48,99,19,85,135,61,84",,"6,10,11"
gnnexplainer,202292,5,0.8599633320000066,0.8934233110915528,0.4735981523990631,0.9393939393939394,0.8915228607365862,0.8928486348013394,0.7575757575757576,"83,91,138,99,85,19,48,84,135,102",,"6,10,9"
gnnexplainer,202292,6,0.8846155809997072,0.8934230695096517,0.5293960273265839,0.9393939393939394,0.8262222334742546,0.8934093317748193,0.7575757575757576,"91,48,138,83,85,19,99,135,84,61",,"6,10,11"
gnnexplainer,202292,7,0.8940323639999406,0.8934230695096517,0.5293960273265839,0.9393939393939394,0.8915228607365862,0.8928486348013394,0.7575757575757576,"138,83,85,91,48,19,99,84,61,135",,"6,10,9"
gnnexplainer,202292,8,0.9638037360000453,0.8934226856737837,0.6106716096401215,0.9393939393939394,0.8915228598052636,0.8928486348013394,0.7575757575757576,"138,91,83,99,85,19,84,135,61,86",,"6,10,9"
gnnexplainer,202292,9,0.8902699350001058,0.8934227293200934,0.5188931822776794,0.9393939393939394,0.8915228607365862,0.8928486348013394,0.7575757575757576,"83,138,85,91,48,99,19,134,61,135",,"6,10,9"
gnnexplainer,169364,0,0.8983947899996565,0.9598064047377193,0.959745165448112,0.9393939393939394,0.9330685902386904,0.9597177637042478,0.7515151515151515,"2,90,155,143,114,51,148,147,52,149",,"10,6,0"
gnnexplainer,169364,1,0.9265877410007306,0.9598064047377193,0.9597451653826283,0.9393939393939394,0.9330686032772064,0.9597177637042478,0.7515151515151515,"2,90,155,143,114,148,51,149,52,147",,"10,6,0"
gnnexplainer,169364,2,0.8996838420007407,0.9598064047327171,0.9597451653826283,0.9393939393939394,0.9330685902386904,0.9597177637042478,0.7515151515151515,"2,90,155,143,114,51,148,147,52,149",,"10,6,0"
gnnexplainer,169364,3,0.8960665759996118,0.9598064047377193,0.9597451655063196,0.9393939393939394,0.9330686032772064,0.9597177637042478,0.7515151515151515,"2,90,155,143,114,51,148,149,147,52",,"10,6,0"
gnnexplainer,169364,4,0.8991239910001241,0.9598064047377193,0.9597451653826283,0.9393939393939394,0.9330686032772064,0.9597177637042478,0.7515151515151515,"2,90,155,143,114,51,148,147,52,149",,"10,6,0"
gnnexplainer,169364,5,0.9485416099996655,0.9598064047327171,0.959745165448112,0.9393939393939394,0.9330686032772064,0.9597177637042478,0.7515151515151515,"2,90,155,143,114,148,51,149,147,52",,"10,6,0"
gnnexplainer,169364,6,0.9593853939995824,0.9598064047327171,0.959745165448112,0.9393939393939394,0.9330686032772064,0.9597177637042478,0.7515151515151515,"2,90,155,143,114,148,51,149,52,147",,"10,6,0"
gnnexplainer,169364,7,0.9248676500001238,0.9598064047377193,0.959745165448112,0.9393939393939394,0.9330686032772064,0.9597177637042478,0.7515151515151515,"2,90,155,143,114,148,51,52,147,149",,"10,6,0"
gnnexplainer,169364,8,0.9089905979999457,0.9598064047377193,0.9597451653826283,0.9393939393939394,0.9330685902386904,0.9597177637988352,0.7515151515151515,"2,90,155,143,114,149,51,148,52,147",,"10,6,0"
gnnexplainer,169364,9,0.9538659939998979,0.9598064047377193,0.9597451653826283,0.9393939393939394,0.9330686032772064,0.9597177637042478,0.7515151515151515,"2,90,155,143,114,51,148,149,52,147",,"10,6,0"
gnnexplainer,143000,0,0.9109891640000569,0.653738260269165,0.7148330518975854,0.9393939393939394,0.5018665939569473,0.23175129294395447,0.7515151515151515,"149,145,146,80,79,90,148,91,2,147",,"10,6,5"
gnnexplainer,143000,1,0.9563252349998947,0.653738260269165,0.7148330530617386,0.9393939393939394,0.5018666237592697,0.23175141215324402,0.7515151515151515,"149,145,146,90,80,79,2,91,148,147",,"10,6,5"
gnnexplainer,143000,2,0.9098396839999623,0.6537381708621979,0.7148329922929406,0.9393939393939394,0.5018665641546249,0.23175141215324402,0.7515151515151515,"149,145,146,80,90,79,2,91,148,147",,"10,6,5"
gnnexplainer,143000,3,0.9279295229998752,0.653738260269165,0.7148330518975854,0.9393939393939394,0.5018666535615921,0.23175141215324402,0.7515151515151515,"149,145,146,80,79,90,148,2,91,147",,"10,6,5"
gnnexplainer,143000,4,0.9167639839997719,0.6537381112575531,0.7148329338524491,0.9393939393939394,0.5018665194511414,0.23175135254859924,0.7515151515151515,"149,145,146,80,90,79,2,91,148,147",,"10,6,5"
gnnexplainer,143000,5,0.9236514049998732,0.6537382006645203,0.7148329934570938,0.9393939393939394,0.5018666237592697,0.23175135254859924,0.7515151515151515,"149,145,146,80,90,79,91,2,148,147",,"10,6,5"
gnnexplainer,143000,6,0.9194953360001819,0.6537382006645203,0.7148329922929406,0.9393939393939394,0.5018665194511414,0.23175135254859924,0.7515151515151515,"149,145,146,80,79,90,148,2,91,147",,"10,6,5"
gnnexplainer,143000,7,0.9627681500005565,0.653738260269165,0.7148330518975854,0.9393939393939394,0.5018665194511414,0.23175135254859924,0.7515151515151515,"149,145,146,80,79,90,148,91,2,147",,"10,6,5"
gnnexplainer,143000,8,0.9007451560000845,0.653738260269165,0.7148330518975854,0.9393939393939394,0.5018665194511414,0.23175135254859924,0.7515151515151515,"149,145,146,80,79,90,2,91,148,147",,"10,6,5"
gnnexplainer,143000,9,0.9067143819993362,0.6537382304668427,0.7148330518975854,0.9393939393939394,0.5018665045499802,0.23175129294395447,0.7515151515151515,"149,145,146,80,79,90,148,91,2,147",,"10,6,5"
gnnexplainer,156901,0,0.9147749470002964,0.4706292152404785,0.9772206037305295,0.9393939393939394,0.5406655967235565,0.0033985376358032227,0.7515151515151515,"147,150,90,51,146,145,143,112,92,148",,"10,6,3"
gnnexplainer,156901,1,0.922741935999511,0.6112716495990753,0.9680867176502943,0.9393939393939394,0.5406655073165894,0.0033985376358032227,0.7515151515151515,"147,150,90,51,146,145,143,92,148,149",,"10,6,3"
gnnexplainer,156901,2,0.8908852309996291,0.9318454898893833,0.9507896713912487,0.9393939393939394,0.5406655669212341,0.0033985376358032227,0.7515151515151515,"147,150,90,146,51,145,149,92,112,133",,"10,6,3"
gnnexplainer,156901,3,0.9422530450001432,0.9107826575636864,0.9471773505210876,0.9393939393939394,0.5406656265258789,0.0033985376358032227,0.7515151515151515,"147,150,90,51,146,145,143,92,112,149",,"10,6,3"
gnnexplainer,156901,4,0.9129525130001639,0.537021279335022,0.9787423410452902,0.9393939393939394,0.5406656265258789,0.0033985376358032227,0.7515151515151515,"147,150,90,146,51,145,112,148,80,149",,"10,6,3"
gnnexplainer,156901,5,0.9273766040005285,0.4931276738643646,0.9777032667770982,0.9393939393939394,0.5406655073165894,0.0033985376358032227,0.7515151515151515,"147,150,90,51,146,145,149,148,92,112",,"10,6,3"
gnnexplainer,156901,6,0.8879859039998337,0.8792971447110176,0.914867527782917,0.9393939393939394,0.5406655967235565,0.0033985376358032227,0.7515151515151515,"147,150,90,51,146,145,143,148,80,142",,"10,6,3"
gnnexplainer,156901,7,0.9268678380003621,0.4235304594039917,0.978798808529973,0.9393939393939394,0.5406655967235565,0.0033985376358032227,0.7515151515151515,"90,147,150,51,146,145,143,133,112,148",,"10,6,3"
gnnexplainer,156901,8,0.911152710999886,0.32732945680618286,0.9789971532300115,0.9393939393939394,0.5406656265258789,0.0033985376358032227,0.7515151515151515,"147,150,90,51,146,145,143,148,149,112",,"10,6,3"
gnnexplainer,156901,9,0.9317827429995305,0.8569800853729248,0.9004151746630669,0.9393939393939394,0.5406655073165894,0.0033985376358032227,0.7515151515151515,"147,150,90,146,51,145,143,148,142,92",,"10,6,3"
gnnexplainer,170917,0,0.9109370550004314,0.7807776927947998,0.9625125350430608,0.9393939393939394,0.9656331172529917,0.9656321970805948,0.7454545454545455,"1,114,104,83,9,115,69,63,37,140",,"8,0,5"
gnnexplainer,170917,1,0.9526567209995846,0.9177703745663166,0.8306507766246796,0.9393939393939394,0.44408905506134033,0.9656332675613837,0.7454545454545455,"1,64,42,134,61,125,65,139,90,89",,"4,2,8"
gnnexplainer,170917,2,0.9103563949993259,0.03351390361785889,0.9656030193418701,0.9393939393939394,0.9656333907172245,0.9655801114131464,0.7454545454545455,"1,96,145,157,70,7,78,65,25,143",,"6,0,5"
gnnexplainer,170917,3,0.9111216930004957,0.7479602992534637,0.9456996433436871,0.9393939393939394,0.9656277896997381,0.9656269862807676,0.7454545454545455,"1,119,97,80,115,98,11,30,31,10",,"8,0,4"
gnnexplainer,170917,4,0.9267723890006891,0.9607360674999654,0.7319616079330444,0.9393939393939394,0.9656331559620313,0.9656262390981283,0.7454545454545455,"1,104,92,90,41,139,8,52,160,111",,"0,2,6"
gnnexplainer,170917,5,0.9372130649999235,0.9603023421950638,0.008354246616363525,0.9393939393939394,0.9656333141129849,0.9656072240632056,0.7454545454545455,"1,144,65,85,34,142,68,7,52,55",,"3,0,1"
gnnexplainer,170917,6,0.9573799459994916,0.4090978503227234,0.9642636803910136,0.9393939393939394,0.9654343319853069,0.9656324262258522,0.7454545454545455,"1,153,105,81,132,62,121,72,21,158",,"5,4,3"
gnnexplainer,170917,7,0.9293649789997289,0.7093287408351898,0.9617002573795617,0.9393939393939394,0.9656333141129849,0.9656072240632056,0.7454545454545455,"1,41,99,15,48,101,29,18,52,138",,"0,3,1"
gnnexplainer,170917,8,0.9321472669998911,0.8314161598682404,0.9467790257185698,0.9393939393939394,0.9655844895496557,0.9656332131097187,0.7454545454545455,"1,126,146,89,123,97,140,84,115,76",,"0,8,1"
gnnexplainer,170917,9,0.8998178140000164,0.20926564931869507,0.9633342020679265,0.9393939393939394,0.9656332436890267,0.9655070094158873,0.7454545454545455,"1,68,77,74,27,58,129,42,94,145",,"0,4,6"
gnnexplainer,167298,0,0.9021055229995909,0.9795080473122653,0.9794421861879528,0.9393939393939394,0.011426031589508057,0.7842738181352615,0.7575757575757576,"147,155,90,2,143,114,51,148,149,52",,"10,6,11"
gnnexplainer,167298,1,0.9686541190003481,0.9795080473122653,0.9794421861879528,0.9393939393939394,0.011426031589508057,0.7842738032341003,0.7575757575757576,"147,155,90,2,143,148,114,51,52,149",,"10,6,11"
gnnexplainer,167298,2,0.8838732459998937,0.9795607113192091,0.9788743052631617,0.9393939393939394,0.011426031589508057,0.7842737883329391,0.7575757575757576,"147,155,90,2,143,148,114,51,52,144",,"10,6,11"
gnnexplainer,167298,3,0.8836861649997445,0.9795080473122653,0.9794421861879528,0.9393939393939394,0.011426031589508057,0.7842737585306168,0.7575757575757576,"147,90,155,2,143,114,51,148,52,149",,"10,6,11"
gnnexplainer,167298,4,0.9365344699999696,0.9719793731346726,0.9795763626461849,0.9393939393939394,0.011426031589508057,0.7842737585306168,0.7575757575757576,"147,155,90,2,143,148,114,51,144,149",,"10,6,11"
gnnexplainer,167298,5,0.9146761410002,0.979560711159138,0.9788743052631617,0.9393939393939394,0.011426031589508057,0.7842737287282944,0.7575757575757576,"147,155,90,2,143,114,148,51,52,144",,"10,6,11"
gnnexplainer,167298,6,1.00554843899954,0.9795080473122653,0.9794421861879528,0.9393939393939394,0.011426031589508057,0.784273773431778,0.7575757575757576,"147,155,90,2,143,148,114,51,149,52",,"10,6,11"
gnnexplainer,167298,7,0.9111186370000723,0.9795080473122653,0.9794421861879528,0.9393939393939394,0.011426031589508057,0.7842737287282944,0.7575757575757576,"147,155,90,2,143,148,114,51,52,149",,"10,6,11"
gnnexplainer,167298,8,0.9363666239996746,0.9795080473122653,0.9794421861879528,0.9393939393939394,0.011426031589508057,0.784273773431778,0.7575757575757576,"147,155,90,2,143,148,114,51,52,149",,"10,6,11"
gnnexplainer,167298,9,0.8940658569999869,0.9795080473122653,0.9794421861879528,0.9393939393939394,0.011426031589508057,0.7842737585306168,0.7575757575757576,"147,155,90,2,143,148,114,51,52,149",,"10,6,11"
gnnexplainer,143208,0,0.8570290899997417,0.6717469941497711,0.5358291417360306,0.9393939393939394,0.6714654146344401,0.6714210386562627,0.7575757575757576,"83,85,20,102,133,135,99,138,84,139",,"10,6,9"
gnnexplainer,143208,1,0.8573222400000304,0.6717469208570037,0.5993252620100975,0.9393939393939394,0.6714654146344401,0.6714210386562627,0.7575757575757576,"138,99,85,20,83,135,61,133,102,84",,"10,6,9"
gnnexplainer,143208,2,0.8476405800001885,0.6717469507267424,0.6001961901783943,0.9393939393939394,0.6658323756419122,0.6717444104413062,0.7575757575757576,"83,99,135,84,85,102,133,91,138,139",,"10,6,11"
gnnexplainer,143208,3,0.8694678299998486,0.6717450728579024,0.6255958080291748,0.9393939393939394,0.6658323756419122,0.6717444104413062,0.7575757575757576,"83,135,102,99,91,133,85,61,20,138",,"10,6,11"
gnnexplainer,143208,4,0.8761265409993939,0.6717469635887028,0.5809053927659988,0.9393939393939394,0.66583237843588,0.6717444104413062,0.7575757575757576,"83,135,138,84,99,102,133,91,85,20",,"10,6,11"
gnnexplainer,143208,5,0.8710060109997357,0.6717450083551739,0.6149078384041786,0.9393939393939394,0.6714654146344401,0.6714210386562627,0.7575757575757576,"102,99,83,135,91,20,134,85,138,133",,"10,6,9"
gnnexplainer,143208,6,0.8908942979996937,0.6717470699347814,0.6001963093876839,0.9393939393939394,0.6658324976451695,0.6717445296505957,0.7575757575757576,"135,83,84,138,102,85,91,99,133,139",,"10,6,11"
gnnexplainer,143208,7,0.8854783919996407,0.6717471133590607,0.5358292609453201,0.9393939393939394,0.6658324948512018,0.6717445296505957,0.7575757575757576,"135,83,133,102,138,99,85,84,139,20",,"10,6,11"
gnnexplainer,143208,8,0.8709011439996175,0.6717469635887028,0.5809053927659988,0.9393939393939394,0.6658324976451695,0.6717445296505957,0.7575757575757576,"83,133,84,135,85,91,138,99,102,20",,"10,6,11"
gnnexplainer,143208,9,0.878814221000539,0.6717451759946016,0.56413684040308,0.9393939393939394,0.6714655338437296,0.6714211578655522,0.7575757575757576,"83,135,85,20,84,99,61,138,134,133",,"10,6,9"
gnnexplainer,164192,0,0.87442873100008,0.8938528560101986,0.9147612666711211,0.9393939393939394,0.914792038500309,0.9129627514630556,0.7575757575757576,"90,51,114,99,111,155,102,52,135,1",,"10,7,11"
gnnexplainer,164192,1,0.8714983449999636,0.9150688365043607,0.8806043155491352,0.9393939393939394,0.907519893720746,0.9107821169309318,0.7575757575757576,"90,51,114,111,52,99,155,147,148,1",,"10,11,6"
gnnexplainer,164192,2,0.8716698969992649,0.9150688365043607,0.8806043155491352,0.9393939393939394,0.907519893720746,0.9107821169309318,0.7575757575757576,"90,51,114,99,52,111,155,1,148,147",,"10,11,6"
gnnexplainer,164192,3,0.8840693940001074,0.9144562569563277,0.8856236562132835,0.9393939393939394,0.907519893720746,0.9107821169309318,0.7575757575757576,"90,51,114,99,111,155,52,147,1,89",,"10,11,6"
gnnexplainer,164192,4,0.8715554230002454,0.8938528560101986,0.9147612666711211,0.9393939393939394,0.9147920382092707,0.9129627514630556,0.7575757575757576,"51,90,114,99,52,111,155,102,135,1",,"10,7,11"
gnnexplainer,164192,5,0.8738004010001532,0.8938528560101986,0.9147612666711211,0.9393939393939394,0.914792038500309,0.9129627514630556,0.7575757575757576,"51,90,114,99,52,155,111,102,1,135",,"10,7,11"
gnnexplainer,164192,6,0.881318456000372,0.8938528560101986,0.9147612666711211,0.9393939393939394,0.914792038500309,0.9129627514630556,0.7575757575757576,"51,90,99,114,155,52,111,1,135,102",,"10,11,7"
gnnexplainer,164192,7,0.8724774349993822,0.8938528560101986,0.9147612666711211,0.9393939393939394,0.914792038500309,0.9129627514630556,0.7575757575757576,"51,114,90,99,52,111,155,102,135,1",,"10,7,11"
gnnexplainer,164192,8,0.8894727770002646,0.8938528560101986,0.9147612666711211,0.9393939393939394,0.9147920382092707,0.9129627514630556,0.7575757575757576,"90,51,114,52,155,111,99,1,102,135",,"10,11,7"
gnnexplainer,164192,9,0.888612921999993,0.8938528560101986,0.9147612666711211,0.9393939393939394,0.914792038500309,0.9129627514630556,0.7575757575757576,"90,51,114,111,99,52,155,102,135,1",,"10,7,11"
gnnexplainer,138377,0,0.8854496180001661,0.765548742179817,0.7655242909604567,0.9393939393939394,0.12310457229614258,0.7624994430225343,0.7575757575757576,"155,147,90,51,143,162,52,2,114,131",,"10,11,6"
gnnexplainer,138377,1,0.9324241679996703,0.7655254029523348,0.7654586766730063,0.9393939393939394,0.12310463190078735,0.762499502627179,0.7575757575757576,"155,147,90,51,143,162,52,2,114,89",,"10,11,6"
gnnexplainer,138377,2,0.8805768530000933,0.7655254626515671,0.765458736277651,0.9393939393939394,0.12310457229614258,0.762499502627179,0.7575757575757576,"155,147,90,51,143,162,2,52,114,89",,"10,11,6"
gnnexplainer,138377,3,0.8636971180003457,0.7655487420997815,0.7655242909604567,0.9393939393939394,0.12310463190078735,0.762499502627179,0.7575757575757576,"155,147,90,51,143,162,52,2,114,131",,"10,11,6"
gnnexplainer,138377,4,0.9755999890003295,0.7655254626515671,0.765458736277651,0.9393939393939394,0.12310463190078735,0.762499502627179,0.7575757575757576,"155,147,90,51,143,162,2,52,89,114",,"10,11,6"
gnnexplainer,138377,5,0.9426942440004495,0.7655254626515671,0.765458736277651,0.9393939393939394,0.12310457229614258,0.762499502627179,0.7575757575757576,"155,147,90,51,143,162,2,52,114,89",,"10,11,6"
gnnexplainer,138377,6,0.877431121999507,0.7654541537485784,0.7655097531169304,0.9393939393939394,0.12310463190078735,0.762499502627179,0.7575757575757576,"155,147,90,51,143,162,52,2,114,144",,"10,11,6"
gnnexplainer,138377,7,0.8684569209999609,0.7655254626515671,0.765458736277651,0.9393939393939394,0.12310457229614258,0.762499502627179,0.7575757575757576,"155,147,90,51,143,162,2,52,89,114",,"10,11,6"
gnnexplainer,138377,8,0.8595412399999987,0.7655254626515671,0.765458736277651,0.9393939393939394,0.12310463190078735,0.762499502627179,0.7575757575757576,"155,147,90,51,143,162,2,52,114,89",,"10,11,6"
gnnexplainer,138377,9,0.8863478760004,0.7655254626515671,0.765458736277651,0.9393939393939394,0.12310463190078735,0.762499502627179,0.7575757575757576,"155,147,90,51,143,162,2,52,89,114",,"10,11,6"
gnnexplainer,168076,0,0.8990420260006431,0.9903876678727102,0.9907593083153188,0.9393939393939394,0.9346265681087971,0.9895941434660926,0.7515151515151515,"147,155,2,90,148,143,114,51,149,144",,"10,6,0"
gnnexplainer,168076,1,0.8935104140000476,0.9903876678727102,0.990759308282577,0.9393939393939394,0.9346265979111195,0.9895941434660926,0.7515151515151515,"147,2,90,155,148,143,114,51,144,149",,"10,6,0"
gnnexplainer,168076,2,0.8776260590002494,0.9903876678727102,0.990759308282577,0.9393939393939394,0.9346265681087971,0.9895941434660926,0.7515151515151515,"147,155,2,90,148,143,114,51,149,144",,"10,6,0"
gnnexplainer,168076,3,0.9047550199993566,0.9903876678727102,0.9907593083153188,0.9393939393939394,0.9346265830099583,0.9895941434660926,0.7515151515151515,"147,155,90,2,148,143,114,51,144,149",,"10,6,0"
gnnexplainer,168076,4,0.914074661000086,0.9903876678727102,0.9907593083480606,0.9393939393939394,0.9346265681087971,0.9895941434660926,0.7515151515151515,"147,155,90,2,148,143,114,51,144,149",,"10,6,0"
gnnexplainer,168076,5,0.9091169260000243,0.9903876678727102,0.9907593083153188,0.9393939393939394,0.9346265979111195,0.9895941434660926,0.7515151515151515,"147,2,155,90,148,143,114,144,51,149",,"10,6,0"
gnnexplainer,168076,6,0.8986584260001109,0.9903876678727102,0.9907593083153188,0.9393939393939394,0.9346265830099583,0.9895941434660926,0.7515151515151515,"147,155,2,90,148,143,114,144,51,149",,"10,6,0"
gnnexplainer,168076,7,0.8961959190000925,0.9903876678727102,0.9907593083153188,0.9393939393939394,0.9346265681087971,0.9895941434660926,0.7515151515151515,"147,155,2,90,148,143,114,51,144,149",,"10,6,0"
gnnexplainer,168076,8,0.8989195260000997,0.9903876678727102,0.9907593083153188,0.9393939393939394,0.9346265830099583,0.9895941434660926,0.7515151515151515,"147,155,2,90,148,143,114,51,149,144",,"10,6,0"
gnnexplainer,168076,9,0.8835537559998556,0.9903876678727102,0.990759308282577,0.9393939393939394,0.9346265979111195,0.9895941434660926,0.7515151515151515,"147,155,90,2,148,143,114,51,144,149",,"10,6,0"
gnnexplainer,199096,0,0.854863531000774,0.9783700579806691,0.9492393843829632,0.9393939393939394,0.9022635892033577,0.9783392883764463,0.7575757575757576,"83,157,85,138,48,84,91,19,99,88",,"6,10,11"
gnnexplainer,199096,1,0.8828868330001569,0.9783701109473384,0.8295837938785553,0.9393939393939394,0.9022635892033577,0.9783392883764463,0.7575757575757576,"83,157,138,48,91,85,19,99,84,61",,"6,10,11"
gnnexplainer,199096,2,0.8590285959999164,0.9783701623949526,0.2928089499473572,0.9393939393939394,0.9022635519504547,0.9783392883764463,0.7575757575757576,"91,83,99,157,48,84,85,138,135,61",,"6,10,11"
gnnexplainer,199096,3,0.8952974610001547,0.9783701109473384,0.8295837938785553,0.9393939393939394,0.9022635519504547,0.9783392883764463,0.7575757575757576,"83,157,85,138,91,48,19,84,99,61",,"6,10,11"
gnnexplainer,199096,4,0.9029470139994373,0.9783703725035195,0.3586355447769165,0.9393939393939394,0.9022635519504547,0.9783392883764463,0.7575757575757576,"157,83,138,91,48,19,85,99,84,135",,"6,10,11"
gnnexplainer,199096,5,0.9038135710006827,0.9783703725036901,0.3586356043815613,0.9393939393939394,0.06416606903076172,0.9783695098417411,0.7515151515151515,"157,83,91,99,48,85,19,138,84,135",,"6,10,5"
gnnexplainer,199096,6,0.8775584110007912,0.9783703725036901,0.3586355447769165,0.9393939393939394,0.9022635519504547,0.9783392883764463,0.7575757575757576,"157,83,91,48,85,138,84,99,19,135",,"6,10,11"
gnnexplainer,199096,7,0.8738507859998208,0.9783701109473384,0.8295837938785553,0.9393939393939394,0.9022635519504547,0.9783392883764463,0.7575757575757576,"157,83,85,138,84,19,48,91,99,61",,"6,10,11"
gnnexplainer,199096,8,0.8690447150002001,0.9783703725036901,0.3586356043815613,0.9393939393939394,0.9022635519504547,0.9783392883764463,0.7575757575757576,"157,91,83,138,85,19,99,84,135,48",,"6,10,11"
gnnexplainer,199096,9,0.8731742250001844,0.9783703725036901,0.3586356043815613,0.9393939393939394,0.9022635519504547,0.9783392883764463,0.7575757575757576,"157,83,85,48,138,84,91,99,19,135",,"6,10,11"
gnnexplainer,194140,0,0.8965325720000692,0.6314315414056182,0.6384778510696378,0.9393939393939394,0.6104113329201937,0.6384803036001254,0.7454545454545455,"1,5,3,69,34,85,155,15,124,79",,"0,8,2"
gnnexplainer,194140,1,0.8892440079998778,0.6384770375263997,0.6322954571805894,0.9393939393939394,0.6384785409296683,0.6384385076489707,0.7454545454545455,"1,5,3,136,42,138,92,69,126,44",,"0,3,6"
gnnexplainer,194140,2,0.8926402179995421,0.6376148101408035,0.638480305636225,0.9393939393939394,0.6384782942500351,0.558977484703064,0.7454545454545455,"1,5,128,73,108,3,104,153,67,80",,"0,3,4"
gnnexplainer,194140,3,0.8910007980002774,0.6384802983427158,0.6377762956544757,0.9393939393939394,0.6199816484004259,0.6384720940141051,0.7454545454545455,"1,5,136,142,53,52,8,66,44,47",,"0,7,4"
gnnexplainer,194140,4,0.8890637290005543,0.6384779695747511,0.6384802764106201,0.9393939393939394,0.6383882895024726,0.638480301458686,0.7454545454545455,"1,5,3,142,119,78,77,145,17,112",,"0,8,5"
gnnexplainer,194140,5,0.8746281260000615,0.638480247389456,0.6384800206845966,0.9393939393939394,0.6347734506707639,0.6382578891061712,0.7454545454545455,"1,5,3,136,148,137,128,17,41,42",,"0,4,1"
gnnexplainer,194140,6,0.8854026899998644,0.6372670431155711,0.6384784027100068,0.9393939393939394,0.6367991039296612,0.6383653299926664,0.7454545454545455,"1,5,3,136,69,79,100,153,97,56",,"0,8,4"
gnnexplainer,194140,7,0.8799275530000159,0.6293850895017385,0.6384802869352448,0.9393939393939394,0.6267839726060629,0.6384802998292693,0.7454545454545455,"1,5,106,128,77,152,60,110,114,89",,"0,6,7"
gnnexplainer,194140,8,0.891777727999397,0.6379213992040604,0.6384803055875269,0.9393939393939394,0.1875426173210144,0.6384803054726791,0.7454545454545455,"1,5,80,43,3,25,8,7,112,19",,"0,8,7"
gnnexplainer,194140,9,0.8911116459994446,0.6244246624410152,0.6384803056292333,0.9393939393939394,0.6347734506707639,0.6382578891061712,0.7454545454545455,"1,5,61,161,98,24,96,118,9,3",,"0,4,1"
gnnexplainer,153891,0,0.9061201160002383,0.9873791163554415,0.9839605484157801,0.9393939393939394,0.09033352136611938,0.9442609809339046,0.7515151515151515,"148,142,87,114,90,155,51,143,149,2",,"10,6,8"
gnnexplainer,153891,1,1.0702816140001232,0.9873791163554415,0.9839605484157801,0.9393939393939394,0.09033352136611938,0.9442609809339046,0.7515151515151515,"148,87,142,51,90,114,143,155,2,149",,"10,6,8"
gnnexplainer,153891,2,0.9099525760002507,0.9873791163554415,0.9839605484157801,0.9393939393939394,0.09033352136611938,0.9442609809339046,0.7515151515151515,"148,142,87,114,155,90,51,143,149,2",,"10,6,8"
gnnexplainer,153891,3,0.9336394310003016,0.9873791163554415,0.9839605484157801,0.9393939393939394,0.09033352136611938,0.9442609809339046,0.7515151515151515,"148,142,87,114,51,155,90,143,149,2",,"10,8,6"
gnnexplainer,153891,4,0.8995337610003844,0.987379116093507,0.9839605484157801,0.9393939393939394,0.09033352136611938,0.9442609809339046,0.7515151515151515,"148,142,87,51,90,114,155,149,143,2",,"10,8,6"
gnnexplainer,153891,5,0.9417067189997397,0.9772367337718606,0.9845838907640427,0.9393939393939394,0.09033352136611938,0.9442609809339046,0.7515151515151515,"148,142,87,90,51,114,155,143,149,112",,"10,6,8"
gnnexplainer,153891,6,0.8838541400000395,0.9873791163554415,0.9839605484157801,0.9393939393939394,0.09033352136611938,0.9442609809339046,0.7515151515151515,"148,87,142,51,114,155,90,143,149,2",,"10,8,6"
gnnexplainer,153891,7,0.8681373009994786,0.987379116093507,0.9839605484157801,0.9393939393939394,0.09033352136611938,0.9442609809339046,0.7515151515151515,"148,142,87,90,114,149,155,51,143,2",,"10,8,6"
gnnexplainer,153891,8,0.9629011799997897,0.9772367337718606,0.9845838907640427,0.9393939393939394,0.09033352136611938,0.9442609809339046,0.7515151515151515,"148,142,87,51,114,155,90,149,143,112",,"10,8,6"
gnnexplainer,153891,9,0.8833875039999839,0.9873791163554415,0.9839605484157801,0.9393939393939394,0.09033352136611938,0.9442609585821629,0.7515151515151515,"148,142,87,90,114,155,51,149,2,143",,"10,8,6"
gnnexplainer,155552,0,0.8603545480000321,0.9967721416041968,0.7154737710952759,0.9393939393939394,0.9918820052407682,0.9958480572677217,0.7575757575757576,"83,135,87,84,102,85,99,91,138,139",,"10,6,11"
gnnexplainer,155552,1,0.8571242079997319,0.9967721416123823,0.7154737710952759,0.9393939393939394,0.9918820052407682,0.9958480568020605,0.7575757575757576,"83,87,138,84,135,99,102,91,85,139",,"10,6,11"
gnnexplainer,155552,2,0.8477082870003869,0.9967721416041968,0.7154737710952759,0.9393939393939394,0.9918820052407682,0.9958480572677217,0.7575757575757576,"99,83,91,135,84,102,87,138,139,85",,"10,6,11"
gnnexplainer,155552,3,0.8887795350001397,0.9967721416041968,0.7154737710952759,0.9393939393939394,0.9918820052407682,0.9958480572677217,0.7575757575757576,"83,84,135,85,138,99,87,91,102,139",,"10,6,11"
gnnexplainer,155552,4,0.9044728409999152,0.9967766893528278,0.4793165326118469,0.9393939393939394,0.9918820052407682,0.9958480568020605,0.7575757575757576,"83,135,99,87,84,91,138,102,85,157",,"10,6,11"
gnnexplainer,155552,5,0.9210133480000877,0.9967766893528278,0.4793165326118469,0.9393939393939394,0.996594817523146,0.9874035594984889,0.7575757575757576,"99,102,83,135,87,84,138,91,157,85",,"10,6,9"
gnnexplainer,155552,6,0.8845701359996383,0.9967721416041968,0.7154737412929535,0.9393939393939394,0.9918820052407682,0.9958480568020605,0.7575757575757576,"135,102,99,83,84,138,91,87,85,139",,"10,6,11"
gnnexplainer,155552,7,0.9288442509996457,0.9967721416123823,0.7154737710952759,0.9393939393939394,0.996594817523146,0.9874035594984889,0.7575757575757576,"83,99,87,135,84,102,85,138,91,139",,"10,6,9"
gnnexplainer,155552,8,0.9247985700003483,0.9967721416123823,0.7154737710952759,0.9393939393939394,0.9918820052407682,0.9958480568020605,0.7575757575757576,"83,99,138,85,135,102,84,91,87,139",,"10,6,11"
gnnexplainer,155552,9,0.8575670410000384,0.9967721416041968,0.7154737710952759,0.9393939393939394,0.9918820052407682,0.9958480572677217,0.7575757575757576,"83,99,135,102,85,84,87,138,139,91",,"10,6,11"
gnnexplainer,170111,0,0.9279349830003412,0.7247912661290457,0.7232866984559223,0.9393939393939394,0.14511722326278687,0.7243453541886993,0.7575757575757576,"2,147,90,163,155,79,145,51,52,114",,"10,11,8"
gnnexplainer,170111,1,0.887934727999891,0.7247882854294403,0.7232941674301401,0.9393939393939394,0.5280364453792572,0.7158930171281099,0.7575757575757576,"2,163,147,155,79,51,90,52,145,89",,"10,11,5"
gnnexplainer,170111,2,0.9400892289995681,0.7247917508280466,0.719120578840375,0.9393939393939394,0.5280364453792572,0.7158930171281099,0.7575757575757576,"2,147,155,163,79,51,52,89,90,114",,"10,11,5"
gnnexplainer,170111,3,0.888157074999981,0.7247924652878623,0.7209725892171264,0.9393939393939394,0.5280364602804184,0.7158930171281099,0.7575757575757576,"2,79,155,147,52,163,51,80,114,90",,"10,11,5"
gnnexplainer,170111,4,0.868385046000185,0.7247901385219393,0.7241062867688015,0.9393939393939394,0.6203499287366867,0.7246840901716496,0.7575757575757576,"2,163,147,155,52,51,111,145,79,162",,"11,10,0"
gnnexplainer,170111,5,0.9207434110003305,0.7247904262019347,0.723983705684077,0.9393939393939394,0.5280364006757736,0.7158929575234652,0.7575757575757576,"2,147,145,163,155,90,51,79,52,76",,"10,11,5"
gnnexplainer,170111,6,0.9156293020005251,0.7247904262019347,0.723983705684077,0.9393939393939394,0.5280364453792572,0.7158930171281099,0.7575757575757576,"2,147,90,79,51,155,163,52,145,76",,"10,11,5"
gnnexplainer,170111,7,0.9145351260003736,0.7247923003826031,0.7226167223416269,0.9393939393939394,0.528036430478096,0.7158930171281099,0.7575757575757576,"2,155,147,163,79,52,80,51,114,162",,"11,10,5"
gnnexplainer,170111,8,0.8677281919999587,0.7247912065244009,0.7232866388512775,0.9393939393939394,0.14511722326278687,0.7243453541886993,0.7575757575757576,"2,147,163,145,155,79,51,52,114,90",,"10,11,8"
gnnexplainer,170111,9,0.8798829890001798,0.7247895255677577,0.724144094157964,0.9393939393939394,0.5280364453792572,0.7158930171281099,0.7575757575757576,"2,147,155,163,51,79,145,52,90,162",,"10,11,5"
gnnexplainer,153011,0,0.8552987479997682,0.950374617669695,0.9489801711170003,0.9393939393939394,0.020333290100097656,0.9328247588127851,0.7575757575757576,"155,147,90,143,2,146,79,51,80,163",,"10,11,6"
gnnexplainer,153011,1,0.9052875910001603,0.950374617669695,0.9489801711170003,0.9393939393939394,0.020333290100097656,0.9328247588127851,0.7575757575757576,"147,90,155,2,143,79,146,80,51,163",,"10,11,6"
gnnexplainer,153011,2,0.8643418089995976,0.950374617669695,0.9489801711170003,0.9393939393939394,0.020333290100097656,0.9328247588127851,0.7575757575757576,"147,90,155,2,163,143,80,79,146,51",,"10,11,6"
gnnexplainer,153011,3,0.8581079559999125,0.950374617669695,0.9489801711170003,0.9393939393939394,0.020333290100097656,0.9328247588127851,0.7575757575757576,"147,155,90,79,80,2,146,143,163,51",,"10,11,6"
gnnexplainer,153011,4,0.8469398140005069,0.9503638907654022,0.9498756323591806,0.9393939393939394,0.020333290100097656,0.9328247588127851,0.7575757575757576,"147,90,155,80,2,163,143,79,145,146",,"10,11,6"
gnnexplainer,153011,5,0.8701206369996726,0.950374617669695,0.9489801711170003,0.9393939393939394,0.020333290100097656,0.9328247588127851,0.7575757575757576,"155,90,147,2,143,80,163,79,146,51",,"10,11,6"
gnnexplainer,153011,6,0.8686610650001967,0.950374617669695,0.9489801711170003,0.9393939393939394,0.020333290100097656,0.9328247588127851,0.7575757575757576,"155,90,147,143,79,2,80,163,51,146",,"10,11,6"
gnnexplainer,153011,7,0.8678812600001038,0.950374617669695,0.9489801704185084,0.9393939393939394,0.020333290100097656,0.9328247588127851,0.7575757575757576,"147,155,90,2,79,80,143,146,163,51",,"10,11,6"
gnnexplainer,153011,8,0.8694674090002081,0.950374617669695,0.9489801711170003,0.9393939393939394,0.020333290100097656,0.9328247588127851,0.7575757575757576,"155,90,147,2,143,80,163,146,51,79",,"10,11,6"
gnnexplainer,153011,9,0.8798792719999255,0.9503638907654022,0.9498756323591806,0.9393939393939394,0.020333290100097656,0.9328247588127851,0.7575757575757576,"147,155,90,2,163,143,80,146,145,79",,"10,11,6"
shap_sampled,136551,0,7.840330392000396,0.19644612073898315,0.9738123885617824,0.9393939393939394,0.7347414195537567,0.9368314705789089,0.7454545454545455,"54,42,55,43,44,45,46,47,53,52",,"3,5,4"
shap_sampled,136551,1,7.613692057000662,0.1964462399482727,0.9738123885617824,0.9393939393939394,0.7347414195537567,0.9368314705789089,0.7454545454545455,"54,42,55,43,44,45,46,47,53,52",,"3,5,4"
shap_sampled,136551,2,7.753177794000294,0.1964462399482727,0.9738123885617824,0.9393939393939394,0.7347414195537567,0.9368314705789089,0.7454545454545455,"54,42,55,43,44,45,46,47,53,52",,"3,5,4"
shap_sampled,136551,3,7.5820355209998525,0.1964462399482727,0.9738123885617824,0.9393939393939394,0.7347414195537567,0.9368314705789089,0.7454545454545455,"54,42,55,43,44,45,46,47,53,52",,"3,5,4"
shap_sampled,136551,4,7.585340257000098,0.1964462399482727,0.9738123885617824,0.9393939393939394,0.7347414195537567,0.9368314705789089,0.7454545454545455,"54,42,55,43,44,45,46,47,53,52",,"3,5,4"
shap_sampled,136551,5,7.817792676999488,0.5493967533111572,0.9737518036854453,0.9393939393939394,0.7347414195537567,0.9368314705789089,0.7454545454545455,"48,54,53,52,51,50,49,43,44,45",,"3,5,4"
shap_sampled,136551,6,7.558621176000088,0.5493967831134796,0.9737518036854453,0.9393939393939394,0.7347414195537567,0.9368314705789089,0.7454545454545455,"48,54,53,52,51,50,49,43,44,45",,"3,5,4"
shap_sampled,136551,7,7.560069670000303,0.1964462399482727,0.9738123885617824,0.9393939393939394,0.7347414195537567,0.9368314705789089,0.7454545454545455,"54,42,55,43,44,45,46,47,53,52",,"3,5,4"
shap_sampled,136551,8,7.813948377999623,0.1964462399482727,0.9738123885617824,0.9393939393939394,0.7347414642572403,0.9368314705789089,0.7454545454545455,"54,42,55,43,44,45,46,47,53,52",,"3,5,4"
shap_sampled,136551,9,7.535963411999546,0.1964462399482727,0.9738123885617824,0.9393939393939394,0.7347414642572403,0.9368314705789089,0.7454545454545455,"54,42,55,43,44,45,46,47,53,52",,"3,5,4"
shap_sampled,170429,0,3.4436211329993967,0.007756948471069336,0.9644810570844129,0.9393939393939394,0.9606621360871941,0.9621226410381496,0.7454545454545455,"83,70,71,72,73,74,75,76,82,81",,"5,3,0"
shap_sampled,170429,1,3.192516140999942,0.8542434945702553,0.964424852085358,0.9393939393939394,0.9330524653196335,0.9507944509387016,0.7515151515151515,"42,55,54,53,52,51,50,49,43,44",,"3,5,11"
shap_sampled,170429,2,3.212742001999686,0.27253448963165283,0.9644594483761466,0.9393939393939394,0.4468466639518738,0.9550975980237126,0.7454545454545455,"77,71,72,73,74,75,76,82,81,80",,"5,3,7"
shap_sampled,170429,3,3.1897493289998238,0.20153295993804932,0.9644458519069303,0.9393939393939394,0.4468466639518738,0.9550975980237126,0.7454545454545455,"54,55,42,43,44,45,46,47,53,52",,"3,5,7"
shap_sampled,170429,4,3.4487083479998546,0.80880206823349,0.9644185051074601,0.9393939393939394,0.9606621360871941,0.9621226410381496,0.7454545454545455,"76,82,81,80,79,78,77,71,72,73",,"5,3,0"
shap_sampled,170429,5,3.24590562100002,0.8542434647679329,0.964424852085358,0.9393939393939394,0.44684678316116333,0.9550977172330022,0.7454545454545455,"42,55,54,53,52,51,50,49,43,44",,"3,5,7"
shap_sampled,170429,6,3.2495685789999698,0.20153295993804932,0.9644458519069303,0.9393939393939394,0.4468466639518738,0.9550975980237126,0.7454545454545455,"54,55,42,43,44,45,46,47,53,52",,"3,5,7"
shap_sampled,170429,7,3.227334700999563,0.007756948471069336,0.964481057068042,0.9393939393939394,0.9606621360871941,0.9621226410381496,0.7454545454545455,"83,70,71,72,73,74,75,76,82,81",,"5,3,0"
shap_sampled,170429,8,3.2306970630006617,0.47356775403022766,0.9644513498533342,0.9393939393939394,0.8571586757898331,0.8711274564266205,0.7454545454545455,"70,83,82,81,80,79,78,77,71,72",,"5,3,4"
shap_sampled,170429,9,3.4284817159996237,0.80880206823349,0.9644185051074601,0.9393939393939394,0.9330524653196335,0.9507944509387016,0.7515151515151515,"76,82,81,80,79,78,77,71,72,73",,"5,3,11"
shap_sampled,150888,0,29.222736335000263,0.6617037951946259,0.8458767730917316,0.9393939393939394,0.42411747574806213,0.09417033195495605,0.7515151515151515,"42,55,54,53,52,51,50,49,43,44",,"3,10,5"
shap_sampled,150888,1,29.375808553000752,0.1422005295753479,0.8372161472216249,0.9393939393939394,0.42411747574806213,0.09417033195495605,0.7515151515151515,"144,149,150,151,148,147,146,145,143,139",,"10,3,5"
shap_sampled,150888,2,29.08753633300057,0.14220064878463745,0.8372160280123353,0.9393939393939394,0.4241173565387726,0.0941704511642456,0.7515151515151515,"144,149,150,151,148,147,146,145,143,139",,"3,10,5"
shap_sampled,150888,3,29.035884930000066,0.14220064878463745,0.8372160280123353,0.9393939393939394,0.42411747574806213,0.09417033195495605,0.7515151515151515,"144,149,150,151,148,147,146,145,143,139",,"10,3,5"
shap_sampled,150888,4,29.423418254999888,0.1422005295753479,0.8372161472216249,0.9393939393939394,0.42411744594573975,0.09417033195495605,0.7515151515151515,"144,149,150,151,148,147,146,145,143,139",,"10,3,5"
shap_sampled,150888,5,29.38631442699989,0.5661397576332092,0.8459193467570003,0.9393939393939394,0.42411747574806213,0.09417033195495605,0.7515151515151515,"48,55,54,53,52,51,50,49,43,44",,"3,10,5"
shap_sampled,150888,6,29.38873894599965,0.6617038697004318,0.8458767733100103,0.9393939393939394,0.42411741614341736,0.09417033195495605,0.7515151515151515,"51,53,54,52,55,42,43,44,50,49",,"3,10,5"
shap_sampled,150888,7,29.92081575999964,0.09625309705734253,0.8307755868881941,0.9393939393939394,0.42411738634109497,0.09417033195495605,0.7515151515151515,"144,150,149,148,147,146,145,141,139,140",,"3,10,5"
shap_sampled,150888,8,29.25507281800037,0.6617039144039154,0.8458767733100103,0.9393939393939394,0.42411741614341736,0.09417033195495605,0.7515151515151515,"51,53,54,52,55,42,43,44,50,49",,"3,10,5"
shap_sampled,150888,9,29.728893993000383,0.14220064878463745,0.8372160280123353,0.9393939393939394,0.4241172969341278,0.0941704511642456,0.7515151515151515,"144,149,150,151,148,147,146,145,143,139",,"3,10,5"
shap_sampled,160689,0,5.214134778999323,0.7928432784974575,0.8117591355694458,0.9393939393939394,0.7338765487074852,0.11640381813049316,0.7515151515151515,"42,55,54,53,52,51,50,49,43,44",,"3,5,10"
shap_sampled,160689,1,5.189278118999937,0.7928434014320374,0.8117592547787353,0.9393939393939394,0.7338765859603882,0.11640375852584839,0.7515151515151515,"42,55,54,53,52,51,50,49,43,44",,"3,10,5"
shap_sampled,160689,2,5.387523708000117,0.792843397706747,0.8117592547787353,0.9393939393939394,0.73387660831213,0.11640375852584839,0.7515151515151515,"42,55,54,53,52,51,50,49,43,44",,"3,5,10"
shap_sampled,160689,3,5.204480926000542,0.7778841070830822,0.8117490884033032,0.9393939393939394,0.7338765487074852,0.11640381813049316,0.7515151515151515,"53,55,54,52,51,50,49,48,42,43",,"3,10,5"
shap_sampled,160689,4,5.447087126999577,0.785575008019805,0.8116719501267653,0.9393939393939394,0.7338765636086464,0.11640393733978271,0.7515151515151515,"52,53,54,55,42,43,44,45,51,50",,"3,10,5"
shap_sampled,160689,5,5.168698272000256,0.7751973271369934,0.8116605248942506,0.9393939393939394,0.7338765636086464,0.11640393733978271,0.7515151515151515,"53,54,55,42,43,44,45,46,52,51",,"3,10,5"
shap_sampled,160689,6,5.169071933999476,0.785575008019805,0.8116719501267653,0.9393939393939394,0.7338765263557434,0.11640393733978271,0.7515151515151515,"52,54,55,53,42,43,44,45,51,50",,"3,10,5"
shap_sampled,160689,7,5.407204114000706,0.7855750005692244,0.8116719501267653,0.9393939393939394,0.7338765636086464,0.11640393733978271,0.7515151515151515,"52,53,54,55,42,43,44,45,51,50",,"3,5,10"
shap_sampled,160689,8,5.232693133999419,0.7743906080722809,0.8118162647733698,0.9393939393939394,0.7338766232132912,0.11640375852584839,0.7515151515151515,"48,53,54,55,52,51,50,49,43,44",,"3,5,10"
shap_sampled,160689,9,5.190606477000074,0.7928434703499079,0.8117593143833801,0.9393939393939394,0.73387660831213,0.11640375852584839,0.7515151515151515,"42,55,54,53,52,51,50,49,43,44",,"3,10,5"
shap_sampled,154039,0,7.355282860999978,0.3907424658536911,0.5700591347194859,0.9393939393939394,0.5611850917339325,0.5432531461119652,0.7454545454545455,"54,55,42,43,44,45,46,47,53,52",,"3,6,4"
shap_sampled,154039,1,7.122718682000595,0.5392060056328773,0.5700477354694158,0.9393939393939394,0.5611850917339325,0.5432531591504812,0.7454545454545455,"47,51,52,53,54,55,50,49,48,46",,"3,6,4"
shap_sampled,154039,2,7.31273981600043,0.5392060652375221,0.5700477950740606,0.9393939393939394,0.5662836176343262,0.5517222099006176,0.7454545454545455,"47,51,52,53,54,55,50,49,48,46",,"3,6,5"
shap_sampled,154039,3,7.144814999999653,0.5498167984187603,0.5700189247727394,0.9393939393939394,0.5662837352138013,0.5517223291099072,0.7454545454545455,"52,55,54,53,51,50,49,48,42,43",,"3,5,6"
shap_sampled,154039,4,7.123772853999981,0.5495514534413815,0.5700645776450983,0.9393939393939394,0.5662836176343262,0.5517222005873919,0.7454545454545455,"48,51,52,53,54,55,50,49,43,44",,"3,6,5"
shap_sampled,154039,5,7.304013828000279,0.539205938577652,0.570047675864771,0.9393939393939394,0.5662834967952222,0.551722090691328,0.7454545454545455,"47,49,50,51,52,53,54,55,48,46",,"3,6,5"
shap_sampled,154039,6,7.128312971000014,0.556429710239172,0.570031362301961,0.9393939393939394,0.5611851513385773,0.543253218755126,0.7454545454545455,"51,54,55,53,52,42,43,44,46,50",,"3,4,6"
shap_sampled,154039,7,7.100927686999967,0.3907424509525299,0.5700590751148411,0.9393939393939394,0.5662834984250367,0.551722090691328,0.7454545454545455,"54,42,55,43,44,45,46,47,53,52",,"3,6,5"
shap_sampled,154039,8,7.3600174739995055,0.5495515130460262,0.5700646373152267,0.9393939393939394,0.48172736912965775,0.5534013360738754,0.7454545454545455,"48,54,55,53,52,51,50,49,43,44",,"3,4,5"
shap_sampled,154039,9,7.102516766000008,0.5495515745133162,0.5700646968543879,0.9393939393939394,0.5662836176343262,0.5517222099006176,0.7454545454545455,"48,53,54,55,52,51,50,49,43,44",,"3,5,6"
shap_sampled,201916,0,0.7013347069996598,0.8434353247284889,0.9167035563441459,0.9393939393939394,0.9165294144768268,0.9159258208237588,0.7575757575757576,"126,138,137,136,135,134,133,127,128,131",,"9,6,10"
shap_sampled,201916,1,0.9097012359998189,0.8434353470802307,0.9167035563441459,0.9393939393939394,0.9165294142148923,0.9159258212312125,0.7575757575757576,"126,138,137,136,135,134,133,127,128,131",,"9,6,10"
shap_sampled,201916,2,0.688202913999703,0.8434353396296501,0.9167035563441459,0.9393939393939394,0.9165294144768268,0.9159258208237588,0.7575757575757576,"126,138,137,136,135,134,133,127,128,131",,"9,6,10"
shap_sampled,201916,3,0.6893677950001802,0.8434353098273277,0.9167035563441459,0.9393939393939394,0.9165294142148923,0.9159258208237588,0.7575757575757576,"126,138,137,136,135,134,133,127,128,131",,"9,6,10"
shap_sampled,201916,4,0.6858241910003926,0.8434353470802307,0.9167035563441459,0.9393939393939394,0.9165294144768268,0.9159258212312125,0.7575757575757576,"126,138,137,136,135,134,133,127,128,131",,"9,6,10"
shap_sampled,201916,5,0.6842191329997149,0.8434353470802307,0.9167035563441459,0.9393939393939394,0.9165294144768268,0.9159258208237588,0.7575757575757576,"126,138,137,136,135,134,133,127,128,131",,"9,6,10"
shap_sampled,201916,6,0.7083489560000089,0.8434353694319725,0.9167035563441459,0.9393939393939394,0.9165294144768268,0.9159258208237588,0.7575757575757576,"126,138,137,136,135,134,133,127,128,131",,"9,6,10"
shap_sampled,201916,7,0.7127590779991806,0.8434353470802307,0.9167035563441459,0.9393939393939394,0.9165294144768268,0.9159258208237588,0.7575757575757576,"126,138,137,136,135,134,133,127,128,131",,"9,6,10"
shap_sampled,201916,8,0.7132366960004219,0.8434353470802307,0.9167035563441459,0.9393939393939394,0.8934976607561111,0.9164777995611075,0.7515151515151515,"126,138,137,136,135,134,133,127,128,131",,"9,6,2"
shap_sampled,201916,9,0.7163905870002054,0.8434353247284889,0.9167035563441459,0.9393939393939394,0.9165294142148923,0.9159258208237588,0.7575757575757576,"126,138,137,136,135,134,133,127,128,131",,"9,6,10"
shap_sampled,174769,0,1.16109829800007,0.7529573887586594,0.952053983361111,0.9393939393939394,0.9459470859728754,0.9367331499233842,0.7454545454545455,"92,96,95,94,93,90,88,89,97,91",,"6,4,5"
shap_sampled,174769,1,1.1601091180000367,0.7529573887586594,0.952053983361111,0.9393939393939394,0.9459470859728754,0.9367331499233842,0.7454545454545455,"89,92,93,94,95,96,97,91,90,88",,"6,4,5"
shap_sampled,174769,2,1.19275271800052,0.1288476586341858,0.9522730792050424,0.9393939393939394,0.9459470859728754,0.9367331499233842,0.7454545454545455,"93,97,96,95,94,84,85,86,91,92",,"6,4,5"
shap_sampled,174769,3,1.159212552000099,0.7529573887586594,0.952053983361111,0.9393939393939394,0.9459470859728754,0.9367331499233842,0.7454545454545455,"89,92,93,94,95,96,91,90,97,88",,"6,4,5"
shap_sampled,174769,4,1.1546716040002138,0.7529573887586594,0.952053983361111,0.9393939393939394,0.9459470859728754,0.9367331499233842,0.7454545454545455,"89,92,93,94,95,96,97,91,90,88",,"6,4,5"
shap_sampled,174769,5,1.1522744859994418,0.6295991837978363,0.9519948339730036,0.9393939393939394,0.9459470859728754,0.9367331499233842,0.7454545454545455,"91,85,86,87,88,89,90,96,95,94",,"6,4,5"
shap_sampled,174769,6,1.1589849439997124,0.1288476586341858,0.9522730792050424,0.9393939393939394,0.9459470887668431,0.9367331499233842,0.7454545454545455,"93,97,96,95,94,84,85,86,91,92",,"6,4,5"
shap_sampled,174769,7,1.1688619060005294,0.5306804478168488,0.9520068874699064,0.9393939393939394,0.9459470859728754,0.9367331499233842,0.7454545454545455,"90,84,85,97,86,87,88,89,96,94",,"6,4,5"
shap_sampled,174769,8,1.3584179959998437,0.5478901267051697,0.9521908627357334,0.9393939393939394,0.9459470859728754,0.9367331499233842,0.7454545454545455,"93,97,96,95,92,91,90,89,94,84",,"6,4,5"
shap_sampled,174769,9,1.134048103999703,0.7529573887586594,0.9520539835793898,0.9393939393939394,0.9459470859728754,0.9367331499233842,0.7454545454545455,"92,96,95,94,93,90,88,89,97,91",,"6,4,5"
shap_sampled,156014,0,1.1440803289997348,0.07233655452728271,0.6567151881754398,0.9393939393939394,0.6168305277824402,0.29658061265945435,0.7515151515151515,"151,139,140,141,142,143,144,150,149,146",,"10,3,5"
shap_sampled,156014,1,1.1330191800007015,0.07233649492263794,0.6567151881754398,0.9393939393939394,0.6168304681777954,0.2965806722640991,0.7515151515151515,"151,139,140,141,142,143,144,150,149,146",,"10,3,5"
shap_sampled,156014,2,1.1664890550000564,0.2956997752189636,0.69766098074615,0.9393939393939394,0.6168304532766342,0.2965806722640991,0.7515151515151515,"144,149,150,151,148,147,146,145,143,139",,"10,3,5"
shap_sampled,156014,3,1.155048491999878,0.2956998348236084,0.6976609211415052,0.9393939393939394,0.6168305277824402,0.29658061265945435,0.7515151515151515,"144,149,150,151,148,147,146,145,143,139",,"10,3,5"
shap_sampled,156014,4,1.1557825220006634,0.29414546489715576,0.6891966033726931,0.9393939393939394,0.6168303936719894,0.2965807318687439,0.7515151515151515,"139,151,150,149,148,147,146,140,141,144",,"10,3,5"
shap_sampled,156014,5,1.1742864460002238,0.07233655452728271,0.6567151881754398,0.9393939393939394,0.6168304532766342,0.2965806722640991,0.7515151515151515,"151,139,140,141,142,143,144,150,149,146",,"3,10,5"
shap_sampled,156014,6,1.1917659840000852,0.07233667373657227,0.6567152477800846,0.9393939393939394,0.6168304085731506,0.2965807318687439,0.7515151515151515,"151,139,140,141,142,143,144,150,149,146",,"10,3,5"
shap_sampled,156014,7,1.1710884230005831,0.2956998348236084,0.6976609211415052,0.9393939393939394,0.6168305277824402,0.29658061265945435,0.7515151515151515,"144,150,151,149,148,147,146,145,143,139",,"10,3,5"
shap_sampled,156014,8,1.1702860639998107,0.2956998348236084,0.6976609211415052,0.9393939393939394,0.6168305724859238,0.29658055305480957,0.7515151515151515,"144,149,150,151,148,147,146,145,143,139",,"10,3,5"
shap_sampled,156014,9,1.1712608469997576,0.294145405292511,0.6891966629773378,0.9393939393939394,0.6168304905295372,0.29658061265945435,0.7515151515151515,"139,151,150,149,148,147,146,140,141,144",,"10,3,5"
shap_sampled,153009,0,15.32790385699991,0.6575535461306572,0.7297590129528544,0.9393939393939394,0.6809975281357765,0.32580775022506714,0.7515151515151515,"52,54,55,53,42,43,44,45,51,50",,"3,4,10"
shap_sampled,153009,1,15.0632812369995,0.6124198213219643,0.7297565427434165,0.9393939393939394,0.6809975281357765,0.32580775022506714,0.7515151515151515,"53,54,55,42,43,44,45,46,52,51",,"3,10,4"
shap_sampled,153009,2,15.327020075000291,0.6124197766184807,0.7297565426961228,0.9393939393939394,0.6809975206851959,0.3258076608181,0.7515151515151515,"53,54,55,42,43,44,45,46,52,51",,"3,10,4"
shap_sampled,153009,3,15.18555531400034,0.6452135592699051,0.7297636153325584,0.9393939393939394,0.6809975281357765,0.32580769062042236,0.7515151515151515,"53,55,54,52,51,50,49,48,42,43",,"3,10,4"
shap_sampled,153009,4,15.177314208000098,0.6452135592699051,0.7297636153325584,0.9393939393939394,0.6809975206851959,0.3258076608181,0.7515151515151515,"53,55,54,52,51,50,49,48,42,43",,"3,10,4"
shap_sampled,153009,5,15.380103540000164,0.6575535461306572,0.7297590129328455,0.9393939393939394,0.6809975281357765,0.32580769062042236,0.7515151515151515,"52,54,55,53,42,43,44,45,51,50",,"3,10,4"
shap_sampled,153009,6,15.340791651000472,0.612419880926609,0.7297566023244144,0.9393939393939394,0.6809975281357765,0.32580775022506714,0.7515151515151515,"53,54,55,42,43,44,45,46,52,51",,"3,4,10"
shap_sampled,153009,7,15.262137974000325,0.6452135592699051,0.7297636153325584,0.9393939393939394,0.2913247346878052,0.02493232488632202,0.7515151515151515,"52,54,53,55,51,50,49,48,42,43",,"3,10,5"
shap_sampled,153009,8,15.4838945219999,0.5886022299528122,0.7297667263774201,0.9393939393939394,0.5396831631660461,0.7246480379253626,0.7454545454545455,"47,55,54,53,52,51,50,49,48,46",,"3,4,5"
shap_sampled,153009,9,15.099519076999968,0.6124197617173195,0.7297564831151249,0.9393939393939394,0.6809975206851959,0.32580775022506714,0.7515151515151515,"53,54,55,42,43,44,45,46,52,51",,"3,10,4"
shap_sampled,138359,0,6.777041121000366,0.02210897207260132,0.9996661221302929,0.9393939393939394,0.9584971368312836,0.999030276958365,0.7454545454545455,"48,55,54,53,52,51,50,49,43,44",,"3,5,0"
shap_sampled,138359,1,6.538488099999995,0.02210897207260132,0.9996661221302929,0.9393939393939394,0.19383025169372559,0.9791505951434374,0.7454545454545455,"48,55,54,53,52,51,50,49,43,44",,"3,5,4"
shap_sampled,138359,2,6.540265823000482,0.014335095882415771,0.9996475622028811,0.9393939393939394,0.19383025169372559,0.9791505951434374,0.7454545454545455,"48,54,53,52,51,50,49,43,44,45",,"3,5,4"
shap_sampled,138359,3,6.750670714999615,0.02210897207260132,0.9996661220829992,0.9393939393939394,0.9584971480071545,0.999030276958365,0.7454545454545455,"48,55,54,53,52,51,50,49,43,44",,"3,5,0"
shap_sampled,138359,4,6.442914189000476,0.02210897207260132,0.9996661220829992,0.9393939393939394,0.9584971480071545,0.999030276958365,0.7454545454545455,"48,55,54,53,52,51,50,49,43,44",,"3,5,0"
shap_sampled,138359,5,6.717124357999637,0.005389213562011719,0.9996695253284997,0.9393939393939394,0.19049221277236938,0.9314173236489296,0.7454545454545455,"54,55,42,43,44,45,46,47,53,52",,"3,5,6"
shap_sampled,138359,6,6.507064212999467,4.661083221435547e-05,0.999689163723815,0.9393939393939394,0.19383025169372559,0.9791505951434374,0.7454545454545455,"55,42,43,44,45,46,47,48,54,53",,"3,5,4"
shap_sampled,138359,7,6.479864117999568,0.02210897207260132,0.9996661220829992,0.9393939393939394,0.9584971591830254,0.999030276958365,0.7454545454545455,"48,55,54,53,52,51,50,49,43,44",,"3,5,0"
shap_sampled,138359,8,6.761894150000444,0.02210897207260132,0.9996661220829992,0.9393939393939394,0.9584971480071545,0.999030276958365,0.7454545454545455,"48,55,54,53,52,51,50,49,43,44",,"3,5,0"
shap_sampled,138359,9,6.6793586140001935,4.661083221435547e-05,0.999689163723815,0.9393939393939394,0.19383025169372559,0.9791505951434374,0.7454545454545455,"55,42,43,44,45,46,47,48,54,53",,"3,5,4"
shap_sampled,152136,0,14.801147427000615,0.7485580593347549,0.98811430493015,0.9393939393939394,0.9245322123169899,0.9859065981581807,0.7515151515151515,"42,55,54,53,52,51,50,49,43,44",,"3,5,11"
shap_sampled,152136,1,15.14977319100035,0.4648546576499939,0.9881102925692176,0.9393939393939394,0.34199970960617065,0.3556520342826843,0.7515151515151515,"53,55,54,42,43,44,45,46,52,51",,"3,5,10"
shap_sampled,152136,2,14.727742871000373,0.7485580593347549,0.98811430493015,0.9393939393939394,0.9245322123169899,0.9859065981581807,0.7515151515151515,"42,55,54,53,52,51,50,49,43,44",,"3,5,11"
shap_sampled,152136,3,15.019496456000525,0.4648546576499939,0.9881102925692176,0.9393939393939394,0.3419996500015259,0.3556520342826843,0.7515151515151515,"53,55,54,42,43,44,45,46,52,51",,"3,5,10"
shap_sampled,152136,4,14.878903354000613,0.46485471725463867,0.9881102925692176,0.9393939393939394,0.34199976921081543,0.3556520342826843,0.7515151515151515,"53,55,54,42,43,44,45,46,52,51",,"3,5,10"
shap_sampled,152136,5,14.7242981039999,0.3458651304244995,0.9881147892538138,0.9393939393939394,0.34199970960617065,0.3556520342826843,0.7515151515151515,"47,55,54,53,52,51,50,49,48,46",,"3,5,10"
shap_sampled,152136,6,14.909955302000526,0.7485580593347549,0.98811430493015,0.9393939393939394,0.9245322123169899,0.9859065981581807,0.7515151515151515,"42,55,54,53,52,51,50,49,43,44",,"3,5,11"
shap_sampled,152136,7,14.704450383000221,0.7485580593347549,0.98811430493015,0.9393939393939394,0.9245322123169899,0.9859065993223339,0.7515151515151515,"42,55,54,53,52,51,50,49,43,44",,"3,5,11"
shap_sampled,152136,8,14.64207185000032,0.7485580593347549,0.98811430493015,0.9393939393939394,0.9245322272181511,0.9859065993223339,0.7515151515151515,"42,55,54,53,52,51,50,49,43,44",,"3,5,11"
shap_sampled,152136,9,14.90037180299987,0.4648546576499939,0.9881102925692176,0.9393939393939394,0.34199970960617065,0.3556520342826843,0.7515151515151515,"53,55,54,42,43,44,45,46,52,51",,"3,5,10"
shap_sampled,137831,0,6.449315395999292,0.01931101083755493,0.9996999775212316,0.9393939393939394,0.952126570045948,0.9990663461503573,0.7454545454545455,"48,55,54,53,52,51,50,49,43,44",,"3,5,0"
shap_sampled,137831,1,6.687887381999644,0.01931101083755493,0.9996999775212316,0.9393939393939394,0.1963626742362976,0.9791844505816698,0.7454545454545455,"48,55,54,53,52,51,50,49,43,44",,"3,5,4"
shap_sampled,137831,2,6.4803153559996645,0.012408912181854248,0.9996814176411135,0.9393939393939394,0.1963626742362976,0.9791844505816698,0.7454545454545455,"48,54,53,52,51,50,49,43,44,45",,"3,5,4"
shap_sampled,137831,3,6.486351957000807,0.01931101083755493,0.9996999775212316,0.9393939393939394,0.9521265774965286,0.9990663461503573,0.7454545454545455,"48,55,54,53,52,51,50,49,43,44",,"3,5,0"
shap_sampled,137831,4,6.694317421000051,0.01931101083755493,0.9996999775212316,0.9393939393939394,0.9521265551447868,0.9990663461503573,0.7454545454545455,"48,55,54,53,52,51,50,49,43,44",,"3,5,0"
shap_sampled,137831,5,6.489964088999841,0.004944562911987305,0.9997033807667322,0.9393939393939394,0.1675148606300354,0.9313882514834404,0.7454545454545455,"54,55,42,43,44,45,46,47,53,52",,"3,5,6"
shap_sampled,137831,6,6.480404383999485,3.1948089599609375e-05,0.9997230191620474,0.9393939393939394,0.1963626742362976,0.9791844505816698,0.7454545454545455,"55,42,43,44,45,46,47,48,54,53",,"3,5,4"
shap_sampled,137831,7,6.678465596000024,0.01931101083755493,0.9996999775212316,0.9393939393939394,0.9521265551447868,0.999066345510073,0.7454545454545455,"48,55,54,53,52,51,50,49,43,44",,"3,5,0"
shap_sampled,137831,8,6.481646588999865,0.01931101083755493,0.9996999775212316,0.9393939393939394,0.9521265551447868,0.9990663461503573,0.7454545454545455,"48,55,54,53,52,51,50,49,43,44",,"3,5,0"
shap_sampled,137831,9,6.712075944999924,3.1948089599609375e-05,0.9997230191620474,0.9393939393939394,0.1963626742362976,0.9791844505816698,0.7454545454545455,"55,42,43,44,45,46,47,48,54,53",,"3,5,4"
shap_sampled,150802,0,9.125315260999741,0.7579349838197231,0.7749736325276899,0.9393939393939394,0.7053205296397209,0.5018122792243958,0.7515151515151515,"48,53,54,55,52,51,50,49,43,44",,"3,5,10"
shap_sampled,150802,1,9.110481007999624,0.7579349242150784,0.7749735729230451,0.9393939393939394,0.7053205296397209,0.5018122792243958,0.7515151515151515,"48,53,54,55,52,51,50,49,43,44",,"3,5,10"
shap_sampled,150802,2,9.36375124099959,0.7633781330659986,0.7749336076813051,0.9393939393939394,0.7053205296397209,0.5018122792243958,0.7515151515151515,"49,55,54,53,52,51,50,42,47,45",,"3,5,10"
shap_sampled,150802,3,9.134709977000057,0.6182611882686615,0.7749763919273391,0.9393939393939394,0.7053205296397209,0.5018122792243958,0.7515151515151515,"54,55,42,43,44,45,46,47,53,52",,"3,5,10"
shap_sampled,150802,4,9.087914374999855,0.7676294106058776,0.7749589964805637,0.9393939393939394,0.7053205892443657,0.5018123388290405,0.7515151515151515,"42,55,54,53,52,51,50,49,43,44",,"3,5,10"
shap_sampled,150802,5,9.348442075000094,0.762207169085741,0.7749207652595942,0.9393939393939394,0.7053205296397209,0.5018122792243958,0.7515151515151515,"54,55,42,43,44,45,46,47,51,52",,"3,5,10"
shap_sampled,150802,6,9.172931245000655,0.7520291488617659,0.7749656442065316,0.9393939393939394,0.7585289943963289,0.7281236834824085,0.7454545454545455,"47,49,50,51,52,53,54,55,48,46",,"3,5,6"
shap_sampled,150802,7,9.386066269999901,0.04723477363586426,0.7749866430931434,0.9393939393939394,0.7585289943963289,0.7281236834824085,0.7454545454545455,"55,42,43,44,45,46,47,48,50,54",,"3,5,6"
shap_sampled,150802,8,9.192461079999703,0.7586890328675508,0.7749301527946955,0.9393939393939394,0.6073151975870132,0.7603250946849585,0.7454545454545455,"53,42,54,55,43,44,45,46,52,51",,"3,5,4"
shap_sampled,150802,9,9.214921190000496,0.7593847177922726,0.7749485831445782,0.9393939393939394,0.7585289347916842,0.7281236238777637,0.7454545454545455,"52,55,54,53,51,50,49,48,42,43",,"3,5,6"
shap_sampled,141885,0,1.881075024999518,0.5254585156217217,0.5318646512921816,0.9393939393939394,0.5180912222713232,0.5293976610992104,0.7454545454545455,"76,82,81,80,79,78,77,71,72,73",,"5,3,4"
shap_sampled,141885,1,1.6401416759999847,0.041768550872802734,0.5318650283658037,0.9393939393939394,0.5180912222713232,0.5293976599350572,0.7454545454545455,"83,70,71,72,73,74,75,76,82,81",,"5,3,4"
shap_sampled,141885,2,1.6337110479998955,0.04176849126815796,0.5318650283658641,0.9393939393939394,0.5180911682546139,0.5293976014945656,0.7454545454545455,"83,70,71,72,73,74,75,76,82,81",,"5,3,4"
shap_sampled,141885,3,1.6427877109999827,0.04176861047744751,0.5318649687612194,0.9393939393939394,0.5180912222713232,0.5293976610992104,0.7454545454545455,"83,70,71,72,73,74,75,76,82,81",,"5,3,4"
shap_sampled,141885,4,1.654453170999659,0.04176861047744751,0.5318649687612194,0.9393939393939394,0.5180911682546139,0.5293976014945656,0.7454545454545455,"83,70,71,72,73,74,75,76,82,81",,"5,3,4"
shap_sampled,141885,5,1.6388200649998907,0.04176861047744751,0.5318649091565746,0.9393939393939394,0.5180912222713232,0.5293976610992104,0.7454545454545455,"83,70,71,72,73,74,75,76,82,81",,"5,3,4"
shap_sampled,141885,6,1.6160872919999747,0.041768550872802734,0.5318649687612194,0.9393939393939394,0.518091281875968,0.5293977207038552,0.7454545454545455,"83,70,71,72,73,74,75,76,82,81",,"5,3,4"
shap_sampled,141885,7,1.6447929989999466,0.49463706463575363,0.5318648499909813,0.9393939393939394,0.5180912222713232,0.5293976610992104,0.7454545454545455,"77,83,82,81,80,79,78,72,73,74",,"5,3,4"
shap_sampled,141885,8,1.886495088000629,0.5143051091581583,0.5318646648073866,0.9393939393939394,0.5180911626666784,0.5293976003304124,0.7454545454545455,"76,82,83,81,80,79,78,77,71,72",,"5,3,4"
shap_sampled,141885,9,1.7432513149997249,0.49463706463575363,0.5318648499909813,0.9393939393939394,0.518091281875968,0.5293977207038552,0.7454545454545455,"77,83,82,81,80,79,78,72,73,74",,"5,3,4"
shap_sampled,202292,0,0.7172729750000144,0.7878222241997719,0.8933440159016754,0.9393939393939394,0.8933741489672684,0.8881132723763585,0.7515151515151515,"137,138,126,127,128,129,130,132,136,135",,"9,6,1"
shap_sampled,202292,1,0.699622948999604,0.885036357678473,0.8933325638281531,0.9393939393939394,0.8934213045959041,0.8927584079792723,0.7515151515151515,"126,138,137,136,135,134,133,131,127,128",,"9,6,7"
shap_sampled,202292,2,0.6884285359992646,0.7943380177021027,0.8933768113056431,0.9393939393939394,0.8934213045936303,0.8927584079792723,0.7515151515151515,"138,126,127,128,129,130,131,137,136,133",,"9,6,7"
shap_sampled,202292,3,0.6995880019994729,0.7878222540020943,0.8933440159016754,0.9393939393939394,0.8934213045936303,0.8927584079792723,0.7515151515151515,"137,138,126,127,128,129,130,136,135,132",,"9,6,7"
shap_sampled,202292,4,0.6946228770002563,0.885036357678473,0.8933325638281531,0.9393939393939394,0.8934213045959041,0.8927584079792723,0.7515151515151515,"126,138,137,136,135,134,133,131,127,128",,"9,6,7"
shap_sampled,202292,5,0.7005506060004336,0.3058682084083557,0.8934122728487637,0.9393939393939394,0.8934213045959041,0.8927584079792723,0.7515151515151515,"132,126,127,128,129,130,131,135,137,136",,"9,6,7"
shap_sampled,202292,6,0.7149906939994253,0.7943380773067474,0.8933768113056431,0.9393939393939394,0.8933432470585103,0.818328395485878,0.7515151515151515,"138,126,127,128,129,130,131,137,136,133",,"9,4,6"
shap_sampled,202292,7,0.7138759939998636,0.30586808919906616,0.8934122728487637,0.9393939393939394,0.8934213045959041,0.8927584079792723,0.7515151515151515,"132,126,127,128,129,130,131,137,136,135",,"9,6,7"
shap_sampled,202292,8,0.7108335920001991,0.3058682084083557,0.8934122728487637,0.9393939393939394,0.8934213045936303,0.8927584079792723,0.7515151515151515,"132,126,127,128,129,130,131,137,136,135",,"9,6,7"
shap_sampled,202292,9,0.6985884589994384,0.3058682680130005,0.8934122728487637,0.9393939393939394,0.8934213045936303,0.8927584079792723,0.7515151515151515,"132,126,127,128,129,130,131,135,137,136",,"9,7,6"
shap_sampled,169364,0,6.734574007999981,0.7007118761539459,0.9598057056236939,0.9393939393939394,0.957723502535373,0.9597735624483903,0.7454545454545455,"48,55,54,53,52,51,50,49,43,44",,"3,5,0"
shap_sampled,169364,1,6.517602025999622,0.7007119357585907,0.9598057056236939,0.9393939393939394,0.957723502535373,0.9597735624847701,0.7454545454545455,"48,55,54,53,52,51,50,49,43,44",,"3,5,0"
shap_sampled,169364,2,6.503107325999736,0.456474244594574,0.9598043460982808,0.9393939393939394,0.7114059180021286,0.9426184110343456,0.7454545454545455,"47,52,53,54,55,51,50,49,48,46",,"3,5,6"
shap_sampled,169364,3,6.719368838999799,0.7007118761539459,0.9598057056236939,0.9393939393939394,0.957723502535373,0.9597735624483903,0.7454545454545455,"48,55,54,53,52,51,50,49,43,44",,"3,5,0"
shap_sampled,169364,4,6.480998447999809,0.7007118165493011,0.9598057056236939,0.9393939393939394,0.957723502535373,0.9597735624483903,0.7454545454545455,"48,55,54,53,52,51,50,49,43,44",,"3,5,0"
shap_sampled,169364,5,6.508472795000671,0.09841340780258179,0.9598056715021812,0.9393939393939394,0.711405798792839,0.9426184203475714,0.7454545454545455,"54,55,42,43,44,45,46,47,53,52",,"3,5,6"
shap_sampled,169364,6,6.729584287000762,0.09841340780258179,0.9598056715021812,0.9393939393939394,0.7114059180021286,0.9426184203475714,0.7454545454545455,"54,55,42,43,44,45,46,47,53,52",,"3,5,6"
shap_sampled,169364,7,6.488663862000067,0.7007118463516235,0.9598057056236939,0.9393939393939394,0.957723502535373,0.9597735624483903,0.7454545454545455,"48,55,54,53,52,51,50,49,43,44",,"3,5,0"
shap_sampled,169364,8,6.680871472000035,0.7007118165493011,0.9598057056236939,0.9393939393939394,0.957723502535373,0.9597735624483903,0.7454545454545455,"48,55,54,53,52,51,50,49,43,44",,"3,5,0"
shap_sampled,169364,9,6.459542139000405,0.8475283682346344,0.9598034788687073,0.9393939393939394,0.7114059180021286,0.9426184110343456,0.7454545454545455,"42,55,54,53,52,51,50,49,43,44",,"3,5,6"
shap_sampled,143000,0,20.739808756000457,0.280267596244812,0.7094067293219268,0.9393939393939394,0.6519213989377022,0.09337770938873291,0.7515151515151515,"151,139,140,141,142,143,144,150,149,146",,"10,3,5"
shap_sampled,143000,1,21.052394094000192,0.280267596244812,0.7094067293219268,0.9393939393939394,0.6519213393330574,0.09337776899337769,0.7515151515151515,"151,139,140,141,142,143,144,150,149,146",,"10,3,5"
shap_sampled,143000,2,20.79082427999947,0.10186666250228882,0.7123549822717905,0.9393939393939394,0.6519213989377022,0.09337770938873291,0.7515151515151515,"144,149,150,151,148,147,146,145,143,139",,"10,3,5"
shap_sampled,143000,3,20.816408467000656,0.2802676260471344,0.709406781475991,0.9393939393939394,0.6519213989377022,0.09337770938873291,0.7515151515151515,"151,139,140,141,142,143,144,150,149,146",,"10,3,5"
shap_sampled,143000,4,20.951134198000545,0.2802676558494568,0.7094067889265716,0.9393939393939394,0.6519214734435081,0.09337764978408813,0.7515151515151515,"151,139,140,141,142,143,144,150,149,146",,"10,3,5"
shap_sampled,143000,5,20.688557909000338,0.10186666250228882,0.7123549226671457,0.9393939393939394,0.6519213393330574,0.09337776899337769,0.7515151515151515,"144,149,150,151,148,147,146,145,143,139",,"10,3,5"
shap_sampled,143000,6,20.980122298000424,0.28026753664016724,0.7094067293219268,0.9393939393939394,0.6519213393330574,0.09337776899337769,0.7515151515151515,"151,139,140,141,142,143,144,150,149,146",,"3,10,5"
shap_sampled,143000,7,20.798301116999937,0.2802676558494568,0.7094067889265716,0.9393939393939394,0.6519213989377022,0.09337770938873291,0.7515151515151515,"151,139,140,141,142,143,144,150,149,146",,"10,3,5"
shap_sampled,143000,8,20.806041502999506,0.10186660289764404,0.7123550418764353,0.9393939393939394,0.651921458542347,0.09337764978408813,0.7515151515151515,"144,149,150,151,148,147,146,145,143,139",,"3,10,5"
shap_sampled,143000,9,21.16674504399998,0.10186666250228882,0.7123549822717905,0.9393939393939394,0.6519213393330574,0.09337776899337769,0.7515151515151515,"144,149,150,151,148,147,146,145,143,139",,"10,3,5"
shap_sampled,156901,0,10.254073863000485,0.024720847606658936,0.9747513746842742,0.9393939393939394,0.629855215549469,0.03492558002471924,0.7515151515151515,"151,139,140,141,142,143,144,150,149,146",,"10,3,5"
shap_sampled,156901,1,10.195296814999892,0.024720847606658936,0.9747513700276613,0.9393939393939394,0.629855215549469,0.03492558002471924,0.7515151515151515,"151,139,140,141,142,143,144,150,149,146",,"10,3,5"
shap_sampled,156901,2,10.453852679000192,0.012399792671203613,0.9758390141651034,0.9393939393939394,0.629855215549469,0.03492558002471924,0.7515151515151515,"144,150,149,148,147,146,145,141,139,140",,"10,3,5"
shap_sampled,156901,3,10.253669843000353,0.024720847606658936,0.9747513700276613,0.9393939393939394,0.629855215549469,0.03492558002471924,0.7515151515151515,"151,139,140,141,142,143,144,150,149,146",,"10,3,5"
shap_sampled,156901,4,10.479849052000645,0.0052697062492370605,0.9810843002051115,0.9393939393939394,0.5406655669212341,0.0033985376358032227,0.7515151515151515,"144,149,150,151,148,147,146,145,143,139",,"10,3,6"
shap_sampled,156901,5,10.19868618199962,0.0052697062492370605,0.9810843002051115,0.9393939393939394,0.629855215549469,0.03492558002471924,0.7515151515151515,"144,149,150,151,148,147,146,145,143,139",,"10,3,5"
shap_sampled,156901,6,10.231840650999402,0.012399792671203613,0.9758390141651034,0.9393939393939394,0.629855215549469,0.03492558002471924,0.7515151515151515,"144,150,149,148,147,146,145,141,139,140",,"10,3,5"
shap_sampled,156901,7,10.562136128999555,0.024720847606658936,0.9747513746842742,0.9393939393939394,0.5406655669212341,0.0033985376358032227,0.7515151515151515,"151,139,140,141,142,143,144,150,149,146",,"10,3,6"
shap_sampled,156901,8,10.386271100999693,0.024720847606658936,0.9747513746842742,0.9393939393939394,0.6298553049564362,0.03492558002471924,0.7515151515151515,"151,139,140,141,142,143,144,150,149,146",,"10,3,5"
shap_sampled,156901,9,10.351944754000215,0.0052697062492370605,0.9810843002051115,0.9393939393939394,0.629855215549469,0.03492558002471924,0.7515151515151515,"144,149,150,151,148,147,146,145,143,139",,"10,3,5"
shap_sampled,170917,0,29.900924374999704,0.9652758684242144,0.9656036705364386,0.9393939393939394,0.9656333823587708,0.9617426004260778,0.7454545454545455,"1,0,13,12,11,10,9,8,2,3",,"0,4,3"
shap_sampled,170917,1,29.543980776999888,0.9652758684242144,0.9656036705928273,0.9393939393939394,0.9656333823587708,0.9617425932083279,0.7454545454545455,"1,0,13,12,11,10,9,8,2,3",,"0,4,3"
shap_sampled,170917,2,29.810035440999854,0.9652758687443566,0.9656036705364386,0.9393939393939394,0.9656333823587708,0.9617426004260778,0.7454545454545455,"1,0,13,12,11,10,9,8,2,3",,"0,4,3"
shap_sampled,170917,3,29.501579003000188,0.9652758687443566,0.9656036705928273,0.9393939393939394,0.9656333823587708,0.9617425932083279,0.7454545454545455,"1,0,13,12,11,10,9,8,2,3",,"0,4,3"
shap_sampled,170917,4,29.18171891899965,0.965275749535067,0.9656035513835377,0.9393939393939394,0.9656333823587708,0.9617425932083279,0.7454545454545455,"1,0,13,12,11,10,9,8,2,3",,"0,4,3"
shap_sampled,170917,5,29.414830139000514,0.9652758687443566,0.9656036705364386,0.9393939393939394,0.9656333823587708,0.9617426004260778,0.7454545454545455,"1,0,13,12,11,10,9,8,2,3",,"0,4,3"
shap_sampled,170917,6,29.191659238000284,0.965275749535067,0.965603551327149,0.9393939393939394,0.9655883525047102,0.9519887296482921,0.7515151515151515,"1,0,13,12,11,10,9,8,2,3",,"0,4,10"
shap_sampled,170917,7,29.314035651999802,0.965275749535067,0.9656035513835377,0.9393939393939394,0.9656333823587708,0.9617425932083279,0.7454545454545455,"1,0,13,12,11,10,9,8,2,3",,"0,4,3"
shap_sampled,170917,8,29.845632723000563,0.9652757492149249,0.965603551327149,0.9393939393939394,0.9656333874256906,0.9653477499668952,0.7454545454545455,"1,0,13,12,11,10,9,8,2,3",,"0,4,5"
shap_sampled,170917,9,29.67344993400002,0.9652758684242144,0.9656036705928273,0.9393939393939394,0.9656333823587708,0.9617426004260778,0.7454545454545455,"1,0,13,12,11,10,9,8,2,3",,"0,4,3"
shap_sampled,167298,0,7.838852683999903,0.0010065436363220215,0.9797276831532145,0.9393939393939394,0.9773192836437374,0.9790400437195785,0.7454545454545455,"83,70,71,72,73,74,75,76,82,81",,"5,3,0"
shap_sampled,167298,1,7.488380038999821,0.7189964652061462,0.979684366062429,0.9393939393939394,0.47784996032714844,0.09802037477493286,0.7515151515151515,"53,55,54,42,43,44,45,46,52,51",,"3,5,10"
shap_sampled,167298,2,7.420826122999642,0.7189963161945343,0.9796842468531395,0.9393939393939394,0.47784990072250366,0.09802037477493286,0.7515151515151515,"53,55,54,42,43,44,45,46,52,51",,"3,5,10"
shap_sampled,167298,3,7.842973628999971,0.7369467169046402,0.9797102593602176,0.9393939393939394,0.9773192862048745,0.9790400437195785,0.7454545454545455,"48,55,54,53,52,51,50,49,43,44",,"3,5,0"
shap_sampled,167298,4,7.591558779000479,0.8677378818392754,0.9797017840028275,0.9393939393939394,0.4778498411178589,0.09802037477493286,0.7515151515151515,"42,55,54,53,52,51,50,49,43,44",,"3,5,10"
shap_sampled,167298,5,8.015330935999373,0.7189963161945343,0.9796842468531395,0.9393939393939394,0.47784990072250366,0.09802037477493286,0.7515151515151515,"53,55,54,42,43,44,45,46,52,51",,"3,5,10"
shap_sampled,167298,6,7.481094560999736,0.8677378818392754,0.9797017840028275,0.9393939393939394,0.9724440714344382,0.9737250967882574,0.7515151515151515,"42,55,54,53,52,51,50,49,43,44",,"3,5,11"
shap_sampled,167298,7,7.439447830000063,0.0010065436363220215,0.9797276831532145,0.9393939393939394,0.9773192836437374,0.9790400437195785,0.7454545454545455,"83,70,71,72,73,74,75,76,82,81",,"5,3,0"
shap_sampled,167298,8,7.641921462999562,0.0010065436363220215,0.9797276831441195,0.9393939393939394,0.9773192836437374,0.9790400440688245,0.7454545454545455,"83,70,71,72,73,74,75,76,82,81",,"5,3,0"
shap_sampled,167298,9,7.436857300000156,0.7189963757991791,0.9796842468531395,0.9393939393939394,0.47784990072250366,0.09802037477493286,0.7515151515151515,"53,55,54,42,43,44,45,46,52,51",,"3,5,10"
shap_sampled,143208,0,0.8267324990001725,0.6519925575703382,0.6717035022811615,0.9393939393939394,0.6716698994787293,0.6554570253938437,0.7515151515151515,"136,138,137,126,127,128,129,135,134,131",,"9,6,4"
shap_sampled,143208,1,0.8225903949996791,0.6519924979656935,0.6717034426765167,0.9393939393939394,0.6717473306661077,0.6699646391207352,0.7515151515151515,"136,138,137,126,127,128,129,135,134,131",,"9,7,4"
shap_sampled,143208,2,0.8531909129997075,0.6519925575703382,0.6717035022811615,0.9393939393939394,0.6717344212929675,0.6711276588612236,0.7515151515151515,"136,138,137,126,127,128,129,135,134,131",,"9,7,6"
shap_sampled,143208,3,0.8340036300005522,0.6519924979656935,0.6717034426765167,0.9393939393939394,0.6717344212929675,0.6711276588612236,0.7515151515151515,"136,138,137,126,127,128,129,135,134,131",,"9,6,7"
shap_sampled,143208,4,0.8331364460000259,0.6519924979656935,0.6717034426765167,0.9393939393939394,0.6717473902707525,0.66996469872538,0.7515151515151515,"136,138,137,126,127,128,129,135,134,131",,"9,7,4"
shap_sampled,143208,5,1.1120140009998067,0.6519924979656935,0.6717034426765167,0.9393939393939394,0.6717473902707525,0.66996469872538,0.7515151515151515,"136,138,137,126,127,128,129,135,134,131",,"9,7,4"
shap_sampled,143208,6,0.8236364360000152,0.651992617174983,0.6717035618858063,0.9393939393939394,0.6717473902707525,0.66996469872538,0.7515151515151515,"136,138,137,126,127,128,129,135,134,131",,"9,4,7"
shap_sampled,143208,7,0.8250983110001471,0.6519924979656935,0.6717034426765167,0.9393939393939394,0.6717474498753973,0.6699647583300248,0.7515151515151515,"136,138,137,126,127,128,129,135,134,131",,"9,7,4"
shap_sampled,143208,8,0.8978150639995874,0.6519924979656935,0.6717034426765167,0.9393939393939394,0.6717344808712369,0.6711277184658684,0.7515151515151515,"136,138,137,126,127,128,129,135,134,131",,"9,6,7"
shap_sampled,143208,9,0.8220814050000627,0.651992617174983,0.6717035618858063,0.9393939393939394,0.6717473306661077,0.669964638305828,0.7515151515151515,"136,138,137,126,127,128,129,135,134,131",,"9,7,4"
shap_sampled,164192,0,7.6263416179999695,0.5776391327381134,0.9153324638682534,0.9393939393939394,0.1815706491470337,0.9153782591856725,0.7575757575757576,"53,55,54,42,43,44,45,46,48,52",,"3,9,10"
shap_sampled,164192,1,7.790573084999778,0.5776391327381134,0.9153324638682534,0.9393939393939394,0.6319758892059326,0.915393816817982,0.7515151515151515,"53,55,54,42,43,44,45,46,48,52",,"3,9,4"
shap_sampled,164192,2,7.560782800999732,0.07690578699111938,0.9153956715808866,0.9393939393939394,0.1815706491470337,0.9153782591856725,0.7575757575757576,"136,138,137,126,127,128,129,135,134,131",,"9,3,10"
shap_sampled,164192,3,7.5526551170005405,0.5776391327381134,0.9153324638682534,0.9393939393939394,0.1815706491470337,0.9153782591856725,0.7575757575757576,"53,55,54,42,43,44,45,46,48,52",,"3,9,10"
shap_sampled,164192,4,7.822029084999485,0.07246118783950806,0.9153956694175411,0.9393939393939394,0.1815706491470337,0.9153782591856725,0.7575757575757576,"126,137,138,136,135,134,133,132,128,131",,"3,9,10"
shap_sampled,164192,5,7.532826515999659,0.07246118783950806,0.9153956694175411,0.9393939393939394,0.1815706491470337,0.9153782591856725,0.7575757575757576,"126,137,138,136,135,134,133,132,128,131",,"3,9,10"
shap_sampled,164192,6,7.802859695999359,0.07246118783950806,0.9153956694175411,0.9393939393939394,0.1815706491470337,0.9153782591856725,0.7575757575757576,"126,138,137,136,135,134,133,132,128,131",,"3,9,10"
shap_sampled,164192,7,7.468458282000029,0.7340808063745499,0.9153347057472274,0.9393939393939394,0.6319758594036102,0.915393816817982,0.7515151515151515,"49,55,54,53,52,51,50,43,48,44",,"3,9,4"
shap_sampled,164192,8,7.5691024979996655,0.07246118783950806,0.9153956694175411,0.9393939393939394,0.1815706491470337,0.9153782591856725,0.7575757575757576,"126,137,138,136,135,134,133,132,128,131",,"9,3,10"
shap_sampled,164192,9,7.760674058999939,0.7989040166139603,0.9153184481037897,0.9393939393939394,0.1815706491470337,0.9153782591856725,0.7575757575757576,"42,54,53,55,52,51,50,49,47,43",,"3,9,10"
shap_sampled,138377,0,1.8469141189998481,0.5131034255027771,0.7656192689373711,0.9393939393939394,0.5496423989534378,0.7605484169907868,0.7515151515151515,"48,53,54,55,52,51,50,49,43,44",,"3,4,11"
shap_sampled,138377,1,1.8864302949996272,0.09283488988876343,0.7656189577569421,0.9393939393939394,0.45616117119789124,0.7370542399585247,0.7515151515151515,"54,55,42,43,44,45,46,47,53,52",,"3,4,10"
shap_sampled,138377,2,1.8797480849998465,0.09283488988876343,0.7656189577569421,0.9393939393939394,0.4561612010002136,0.7370542399585247,0.7515151515151515,"54,55,42,43,44,45,46,47,53,52",,"3,4,10"
shap_sampled,138377,3,1.8520559369999319,0.09283488988876343,0.7656189577510304,0.9393939393939394,0.45616111159324646,0.7370541952550411,0.7515151515151515,"54,55,42,43,44,45,46,47,53,52",,"3,4,10"
shap_sampled,138377,4,1.8275503729992124,0.5131034255027771,0.7656192689373711,0.9393939393939394,0.5496423989534378,0.7605484169907868,0.7515151515151515,"48,53,54,55,52,51,50,49,43,44",,"3,4,11"
shap_sampled,138377,5,2.053117459000532,0.12312394380569458,0.7656201971226437,0.9393939393939394,0.5496423691511154,0.7605484169907868,0.7515151515151515,"48,55,42,43,44,45,46,47,53,52",,"3,4,11"
shap_sampled,138377,6,1.8290261640004246,0.0928349494934082,0.7656190173615869,0.9393939393939394,0.1282057762145996,0.7609450076706707,0.7454545454545455,"54,55,42,43,44,45,46,47,53,52",,"3,4,7"
shap_sampled,138377,7,1.8288161280006534,0.3894352912902832,0.7656172147289908,0.9393939393939394,0.45616111159324646,0.7370541803538799,0.7515151515151515,"47,54,53,52,55,51,50,49,48,46",,"3,4,10"
shap_sampled,138377,8,1.912706875999902,0.6266767531633377,0.7656163798583293,0.9393939393939394,0.5496423691511154,0.7605484169907868,0.7515151515151515,"42,55,54,53,52,51,50,49,43,44",,"3,4,11"
shap_sampled,138377,9,1.94988579999972,0.5131033957004547,0.7656192093327263,0.9393939393939394,0.5496423840522766,0.760548357386142,0.7515151515151515,"48,53,54,55,52,51,50,49,43,44",,"3,4,11"
shap_sampled,168076,0,3.745889712000462,0.5665597021579742,0.9907916665888479,0.9393939393939394,0.9897451882716268,0.9907181622693315,0.7454545454545455,"48,55,54,53,52,51,50,49,43,44",,"3,5,0"
shap_sampled,168076,1,3.9164088469997296,0.566559761762619,0.9907916665888479,0.9393939393939394,0.9897451882716268,0.9907181622693315,0.7454545454545455,"48,55,54,53,52,51,50,49,43,44",,"3,5,0"
shap_sampled,168076,2,3.6935390119997464,0.0504680871963501,0.9907914516402343,0.9393939393939394,0.976550062187016,0.9539717398583889,0.7454545454545455,"54,55,42,43,44,45,46,47,53,52",,"3,5,6"
shap_sampled,168076,3,3.6907390759997725,0.5665596723556519,0.9907916665856646,0.9393939393939394,0.9897451882716268,0.9907181622693315,0.7454545454545455,"48,55,54,53,52,51,50,49,43,44",,"3,5,0"
shap_sampled,168076,4,3.7087768539995523,0.5665596425533295,0.9907916665888479,0.9393939393939394,0.9897451887372881,0.9907181622693315,0.7454545454545455,"48,55,54,53,52,51,50,49,43,44",,"3,5,0"
shap_sampled,168076,5,3.900980776999859,0.0504680871963501,0.9907914516402343,0.9393939393939394,0.976550062187016,0.953971728682518,0.7454545454545455,"54,55,42,43,44,45,46,47,53,52",,"3,5,6"
shap_sampled,168076,6,3.704863621000186,0.0504680871963501,0.9907914516402343,0.9393939393939394,0.976550062187016,0.9539717473089695,0.7454545454545455,"54,55,42,43,44,45,46,47,53,52",,"3,5,6"
shap_sampled,168076,7,3.6954619850002928,0.5665597021579742,0.9907916665888479,0.9393939393939394,0.9897451887372881,0.9907181622693315,0.7454545454545455,"48,55,54,53,52,51,50,49,43,44",,"3,5,0"
shap_sampled,168076,8,3.908152319000692,0.5665596723556519,0.9907916665888479,0.9393939393939394,0.9897451882716268,0.9907181622693315,0.7454545454545455,"48,55,54,53,52,51,50,49,43,44",,"3,5,0"
shap_sampled,168076,9,3.6979733480002324,0.7747802287340164,0.9907904054148275,0.9393939393939394,0.976550062187016,0.9539717398583889,0.7454545454545455,"42,55,54,53,52,51,50,49,43,44",,"3,5,6"
shap_sampled,199096,0,0.7489465750004456,0.9203998148441315,0.9782569824601524,0.9393939393939394,0.9782668849366019,0.9713446209207177,0.7515151515151515,"126,138,137,136,135,134,133,127,128,131",,"9,6,1"
shap_sampled,199096,1,0.7619806129996505,0.13012593984603882,0.9783582907321033,0.9393939393939394,0.9783612369601542,0.977187127689831,0.7515151515151515,"132,126,127,128,129,130,131,135,137,136",,"9,6,7"
shap_sampled,199096,2,0.7518643920002432,0.9201566465198994,0.9782534536643652,0.9393939393939394,0.9783612369519687,0.977187127689831,0.7515151515151515,"131,138,137,136,135,134,133,132,130,126",,"9,6,7"
shap_sampled,199096,3,0.7580638529998396,0.9203998148441315,0.9782569824601524,0.9393939393939394,0.9783612369519687,0.977187127689831,0.7515151515151515,"126,138,137,136,135,134,133,131,127,128",,"9,6,7"
shap_sampled,199096,4,0.7610678139999436,0.5983083248138428,0.9782556353966356,0.9393939393939394,0.9783612369519687,0.9771871271077543,0.7515151515151515,"137,138,126,127,128,129,130,136,135,132",,"9,6,7"
shap_sampled,199096,5,0.7541848850005408,0.9203998297452927,0.9782569824601524,0.9393939393939394,0.9783612369519687,0.977187127689831,0.7515151515151515,"126,138,137,136,135,134,133,131,127,128",,"9,6,7"
shap_sampled,199096,6,0.7611490670005878,0.5983083248138428,0.9782556353966356,0.9393939393939394,0.9782668849366019,0.9713446209207177,0.7515151515151515,"137,138,126,127,128,129,130,132,136,135",,"9,6,1"
shap_sampled,199096,7,0.7604508309996163,0.9203998297452927,0.9782569824601524,0.9393939393939394,0.9783612369519687,0.977187127689831,0.7515151515151515,"126,138,137,136,135,134,133,131,127,128",,"9,6,7"
shap_sampled,199096,8,0.7493416590004927,0.9203998148441315,0.9782569824601524,0.9393939393939394,0.9783612369519687,0.977187127689831,0.7515151515151515,"126,138,137,136,135,134,133,131,127,128",,"9,6,7"
shap_sampled,199096,9,0.7509038019998115,0.9201566092669964,0.9782534536643652,0.9393939393939394,0.9783612369519687,0.977187127689831,0.7515151515151515,"131,137,138,136,135,134,133,132,130,126",,"9,7,6"
shap_sampled,194140,0,1.9821135329993922,0.2609041929244995,0.6384799157388699,0.9393939393939394,0.6384800336654308,0.3361704349517822,0.7515151515151515,"68,69,56,57,58,59,60,61,63,67",,"4,0,9"
shap_sampled,194140,1,2.2070216069996604,0.2609041929244995,0.6384799157388699,0.9393939393939394,0.6384800336654308,0.33617064356803894,0.7515151515151515,"68,69,56,57,58,59,60,61,63,67",,"4,0,9"
shap_sampled,194140,2,2.003844969999591,0.2609041929244995,0.6384799157385856,0.9393939393939394,0.6384800336654308,0.33617085218429565,0.7515151515151515,"68,69,56,57,58,59,60,61,63,67",,"4,0,9"
shap_sampled,194140,3,2.009913525000229,0.6383743770784349,0.638479547123211,0.9393939393939394,0.6384800336654308,0.33617085218429565,0.7515151515151515,"1,0,13,12,11,10,9,8,2,3",,"0,4,9"
shap_sampled,194140,4,2.004240846000357,0.6383743770784349,0.638479547123211,0.9393939393939394,0.6384800336654308,0.3361704349517822,0.7515151515151515,"1,0,13,12,11,10,9,8,2,3",,"0,4,9"
shap_sampled,194140,5,1.9901740909999717,0.2609041929244995,0.6384799157388699,0.9393939393939394,0.6384800336654308,0.33617085218429565,0.7515151515151515,"68,69,56,57,58,59,60,61,63,67",,"4,0,9"
shap_sampled,194140,6,1.9674291040000753,0.27468904852867126,0.6384798980319317,0.9393939393939394,0.6384800336654308,0.3361704349517822,0.7515151515151515,"56,69,68,67,66,65,64,63,61,57",,"4,0,9"
shap_sampled,194140,7,2.181216255000436,0.6383743770784349,0.6384795471236657,0.9393939393939394,0.6384800336654308,0.3361704349517822,0.7515151515151515,"1,0,13,12,11,10,9,8,2,3",,"0,4,9"
shap_sampled,194140,8,1.970234349999373,0.6383743771802983,0.638479547123211,0.9393939393939394,0.6384800336654308,0.3361704349517822,0.7515151515151515,"1,0,13,12,11,10,9,8,2,3",,"0,4,9"
shap_sampled,194140,9,1.9921235539995905,0.2609041929244995,0.638479915738742,0.9393939393939394,0.6384800336654308,0.3361704349517822,0.7515151515151515,"68,69,56,57,58,59,60,61,63,67",,"4,0,9"
shap_sampled,153891,0,10.965061826000237,0.6914589107036591,0.9875932697177632,0.9393939393939394,0.7920178920030594,0.9752721833065152,0.7454545454545455,"48,53,54,55,52,51,50,49,43,44",,"3,5,4"
shap_sampled,153891,1,10.604670579000413,0.819147139787674,0.9875733960143407,0.9393939393939394,0.21042007207870483,0.4163029193878174,0.7515151515151515,"42,55,54,53,52,51,50,49,43,44",,"3,10,5"
shap_sampled,153891,2,10.668332127999747,0.6914588510990143,0.9875932697177632,0.9393939393939394,0.9381142593920231,0.9708021022379398,0.7454545454545455,"48,53,54,55,52,51,50,49,43,44",,"3,5,6"
shap_sampled,153891,3,10.817614302999573,0.6914589107036591,0.9875932696595555,0.9393939393939394,0.9381142854690552,0.9708021022379398,0.7454545454545455,"48,53,54,55,52,51,50,49,43,44",,"3,5,6"
shap_sampled,153891,4,10.609150195999973,0.6914589107036591,0.9875932697177632,0.9393939393939394,0.9381142854690552,0.9708021022379398,0.7454545454545455,"48,53,54,55,52,51,50,49,43,44",,"3,5,6"
shap_sampled,153891,5,10.663661563999995,0.8275056928396225,0.9875611073948676,0.9393939393939394,0.9381142854690552,0.9708021022379398,0.7454545454545455,"47,54,53,52,51,50,49,44,42,43",,"3,6,5"
shap_sampled,153891,6,10.790579118000096,0.819147139787674,0.9875733961016522,0.9393939393939394,0.21042007207870483,0.41630297899246216,0.7515151515151515,"51,54,55,53,52,42,43,44,50,49",,"3,5,10"
shap_sampled,153891,7,10.890493062999667,0.6914589107036591,0.9875932697177632,0.9393939393939394,0.9381142854690552,0.9708021096885204,0.7454545454545455,"48,53,54,55,52,51,50,49,43,44",,"3,5,6"
shap_sampled,153891,8,10.854481966999629,0.6914589107036591,0.9875932697177632,0.9393939393939394,0.7920179814100266,0.9752721833065152,0.7454545454545455,"48,53,54,55,52,51,50,49,43,44",,"3,5,4"
shap_sampled,153891,9,10.856981955000265,0.819147065281868,0.9875733960143407,0.9393939393939394,0.21042007207870483,0.41630297899246216,0.7515151515151515,"42,55,54,53,52,51,50,49,43,44",,"3,5,10"
shap_sampled,155552,0,0.7002688759994271,0.8522765636444092,0.9967779390590294,0.9393939393939394,0.996594817523146,0.9874035594984889,0.7575757575757576,"90,84,97,85,86,87,88,89,95,94",,"6,9,10"
shap_sampled,155552,1,0.919254108000132,0.852178156375885,0.9967782650721801,0.9393939393939394,0.9967333538443199,0.9856369318440557,0.7515151515151515,"90,84,85,86,87,88,89,95,94,93",,"6,9,7"
shap_sampled,155552,2,0.6887358889998723,0.9547811672091484,0.996760279414957,0.9393939393939394,0.9967333538443199,0.9856369318440557,0.7515151515151515,"95,97,96,84,85,86,87,88,94,93",,"6,9,7"
shap_sampled,155552,3,0.6906562230005875,0.8522765636444092,0.9967779390590294,0.9393939393939394,0.996594817523146,0.9874035594984889,0.7575757575757576,"90,84,97,85,86,87,88,89,95,94",,"6,9,10"
shap_sampled,155552,4,0.72290856500058,0.9547811672091484,0.996760279414957,0.9393939393939394,0.9967333538443199,0.9856369318440557,0.7515151515151515,"95,97,96,84,85,86,87,88,94,93",,"6,9,7"
shap_sampled,155552,5,0.710534120000375,0.8522765636444092,0.9967779390590294,0.9393939393939394,0.996594817523146,0.9874035594984889,0.7575757575757576,"90,84,97,85,86,87,88,89,95,94",,"6,9,10"
shap_sampled,155552,6,0.7164377219996823,0.9547811672091484,0.996760279414957,0.9393939393939394,0.9967333538443199,0.9856369271874428,0.7515151515151515,"95,97,96,84,85,86,87,88,94,93",,"6,9,7"
shap_sampled,155552,7,0.6960996269999669,0.852178156375885,0.9967782650721801,0.9393939393939394,0.996594817523146,0.9874035594984889,0.7575757575757576,"90,84,85,86,87,88,89,95,94,93",,"6,9,10"
shap_sampled,155552,8,0.6974437130002116,0.9547811672091484,0.996760279414957,0.9393939393939394,0.9967333538443199,0.9856369318440557,0.7515151515151515,"95,97,96,84,85,86,87,88,94,93",,"6,9,7"
shap_sampled,155552,9,0.6957928179999726,0.9547811783850193,0.996760279414957,0.9393939393939394,0.996594817523146,0.9874035594984889,0.7575757575757576,"95,97,96,84,85,86,87,88,94,93",,"6,9,10"
shap_sampled,170111,0,2.1667397759993037,0.715841275639832,0.7247031601291383,0.9393939393939394,0.7237910146359354,0.6151602268218994,0.7454545454545455,"42,55,54,53,52,51,50,49,43,44",,"3,5,6"
shap_sampled,170111,1,2.138932924999608,0.6237431243062019,0.7247300463568536,0.9393939393939394,0.7237909550312907,0.6151601672172546,0.7454545454545455,"54,55,42,43,44,45,46,47,53,52",,"3,5,6"
shap_sampled,170111,2,2.150457767000262,0.7062460407614708,0.7247235417235061,0.9393939393939394,0.7237909550312907,0.6151601672172546,0.7454545454545455,"48,54,55,53,52,51,50,49,43,44",,"3,5,6"
shap_sampled,170111,3,2.3661772759996893,0.7062460407614708,0.7247235416580224,0.9393939393939394,0.7237909550312907,0.6151601672172546,0.7454545454545455,"48,54,55,53,52,51,50,49,43,44",,"3,5,6"
shap_sampled,170111,4,2.1526408070003527,0.6237431541085243,0.7247300463568536,0.9393939393939394,0.7237910146359354,0.6151602268218994,0.7454545454545455,"54,55,42,43,44,45,46,47,53,52",,"3,5,6"
shap_sampled,170111,5,2.156896498000606,0.6237431243062019,0.7247300463568536,0.9393939393939394,0.7237910146359354,0.6151602268218994,0.7454545454545455,"54,55,42,43,44,45,46,47,53,52",,"3,5,6"
shap_sampled,170111,6,2.1417430889996467,0.7062460407614708,0.7247235416580224,0.9393939393939394,0.7237910146359354,0.6151602268218994,0.7454545454545455,"48,54,55,53,52,51,50,49,43,44",,"3,5,6"
shap_sampled,170111,7,2.1396498379999684,0.7158412160351872,0.7247031005244935,0.9393939393939394,0.7237910146359354,0.6151602268218994,0.7454545454545455,"42,55,54,53,52,51,50,49,43,44",,"3,5,6"
shap_sampled,170111,8,2.20627011400029,0.024276673793792725,0.7247556563779654,0.9393939393939394,0.7237910146359354,0.6151602268218994,0.7454545454545455,"49,42,43,44,45,46,47,48,54,53",,"3,5,6"
shap_sampled,170111,9,2.169508902999951,0.6237430647015572,0.7247299867522088,0.9393939393939394,0.7237910146359354,0.6151602268218994,0.7454545454545455,"54,55,42,43,44,45,46,47,53,52",,"3,5,6"
shap_sampled,153011,0,1.3469325389996811,0.12112563848495483,0.9503600360912969,0.9393939393939394,0.8505830019712448,0.7705633044242859,0.7515151515151515,"77,71,72,73,74,75,76,83,81,80",,"5,3,10"
shap_sampled,153011,1,1.0832347479999953,0.7417704612016678,0.9502989158645505,0.9393939393939394,0.8505829423666,0.7705632746219635,0.7515151515151515,"53,55,54,42,43,44,45,46,52,51",,"3,5,10"
shap_sampled,153011,2,1.0803644510006052,0.210779070854187,0.9503437706371187,0.9393939393939394,0.5943177342414856,0.942239317111671,0.7454545454545455,"70,82,83,81,80,79,78,77,71,72",,"5,3,7"
shap_sampled,153011,3,1.03908202599996,0.6935178637504578,0.9503295236754639,0.9393939393939394,0.5943177342414856,0.942239317111671,0.7454545454545455,"47,52,53,54,55,51,50,49,48,46",,"3,5,7"
shap_sampled,153011,4,1.0590222700002414,0.7417704612016678,0.9502989158645505,0.9393939393939394,0.8505829647183418,0.7705633044242859,0.7515151515151515,"53,55,54,42,43,44,45,46,52,51",,"3,5,10"
shap_sampled,153011,5,1.0555801439995776,0.7417704612016678,0.9502989158645505,0.9393939393939394,0.8505830019712448,0.7705632597208023,0.7515151515151515,"53,55,54,42,43,44,45,46,52,51",,"3,5,10"
shap_sampled,153011,6,1.129196333999971,0.6935178637504578,0.9503295236754639,0.9393939393939394,0.5943177342414856,0.942239317111671,0.7454545454545455,"47,52,53,54,55,51,50,49,48,46",,"3,5,7"
shap_sampled,153011,7,1.0937240950006526,0.210779070854187,0.9503437706371187,0.9393939393939394,0.850582979619503,0.7705633491277695,0.7515151515151515,"70,82,83,81,80,79,78,77,71,72",,"5,3,10"
shap_sampled,153011,8,1.075270016000104,0.2036636471748352,0.9503386776850675,0.9393939393939394,0.5943177342414856,0.942239317111671,0.7454545454545455,"54,55,42,43,44,45,46,47,53,52",,"3,5,7"
shap_sampled,153011,9,1.0538940520000324,0.8676396459341049,0.9503240903395636,0.9393939393939394,0.9032167457044125,0.8747597560286522,0.7454545454545455,"42,55,54,53,52,51,50,49,43,44",,"3,5,6"
shap_exact,136551,0,1.1034350239997366,0.19644612073898315,0.9738122693524929,0.9393939393939394,0.7347414642572403,0.9368314705789089,0.7454545454545455,"54,42,55,43,44,45,46,47,53,52",3.552713678800501e-15,"3,5,4"
shap_exact,136551,1,1.097382590000052,0.1964462399482727,0.9738123885617824,0.9393939393939394,0.7347414195537567,0.9368314705789089,0.7454545454545455,"54,42,55,43,44,45,46,47,53,52",2.6645352591003757e-15,"3,5,4"
shap_exact,136551,2,1.1074899269997331,0.1964462399482727,0.9738123885617824,0.9393939393939394,0.7347414195537567,0.9368314705789089,0.7454545454545455,"54,42,55,43,44,45,46,47,53,52",3.552713678800501e-15,"3,5,4"
shap_exact,136551,3,1.120132387999547,0.1964462399482727,0.9738123885617824,0.9393939393939394,0.7347414195537567,0.9368314705789089,0.7454545454545455,"54,42,55,43,44,45,46,47,53,52",8.881784197001252e-16,"3,5,4"
shap_exact,136551,4,1.4405978389995653,0.1964462399482727,0.9738123885617824,0.9393939393939394,0.7347414195537567,0.9368314705789089,0.7454545454545455,"54,42,55,43,44,45,46,47,53,52",1.7763568394002505e-15,"3,5,4"
shap_exact,136551,5,1.1505964830002995,0.1964462399482727,0.9738123885617824,0.9393939393939394,0.7347414195537567,0.9368314705789089,0.7454545454545455,"54,42,55,43,44,45,46,47,53,52",1.7763568394002505e-15,"3,5,4"
shap_exact,136551,6,1.1565642370005662,0.1964462399482727,0.9738123885617824,0.9393939393939394,0.7347414195537567,0.9368314705789089,0.7454545454545455,"54,42,55,43,44,45,46,47,53,52",2.6645352591003757e-15,"3,5,4"
shap_exact,136551,7,1.172700753000754,0.1964462399482727,0.9738123885617824,0.9393939393939394,0.7347414195537567,0.9368314705789089,0.7454545454545455,"54,42,55,43,44,45,46,47,53,52",3.552713678800501e-15,"3,5,4"
shap_exact,136551,8,1.1272976609998295,0.1964462399482727,0.9738123885617824,0.9393939393939394,0.7347414195537567,0.9368314705789089,0.7454545454545455,"54,42,55,43,44,45,46,47,53,52",3.552713678800501e-15,"3,5,4"
shap_exact,136551,9,1.1309857910000574,0.1964462399482727,0.9738123885617824,0.9393939393939394,0.7347414642572403,0.9368314705789089,0.7454545454545455,"54,42,55,43,44,45,46,47,53,52",8.881784197001252e-16,"3,5,4"
shap_exact,170429,0,1.11440387499988,0.8088019490242004,0.9644183858981705,0.9393939393939394,0.9606621360871941,0.9621226410381496,0.7454545454545455,"76,82,81,80,79,78,77,71,72,73",8.881784197001252e-16,"5,3,0"
shap_exact,170429,1,1.1065831140003866,0.80880206823349,0.9644185051074601,0.9393939393939394,0.9606621360871941,0.9621226410381496,0.7454545454545455,"76,82,81,80,79,78,77,71,72,73",0.0,"5,3,0"
shap_exact,170429,2,1.1216692570005762,0.8088019490242004,0.9644183858981705,0.9393939393939394,0.9606621360871941,0.9621226410381496,0.7454545454545455,"76,82,81,80,79,78,77,71,72,73",1.7763568394002505e-15,"5,3,0"
shap_exact,170429,3,1.150108261999776,0.80880206823349,0.9644185051074601,0.9393939393939394,0.9606621323619038,0.9621226410381496,0.7454545454545455,"76,82,81,80,79,78,77,71,72,73",8.881784197001252e-16,"5,3,0"
shap_exact,170429,4,1.128052796000702,0.80880206823349,0.9644185051074601,0.9393939393939394,0.9606621360871941,0.9621226410381496,0.7454545454545455,"76,82,81,80,79,78,77,71,72,73",0.0,"5,3,0"
shap_exact,170429,5,1.1120090150006945,0.80880206823349,0.9644185051074601,0.9393939393939394,0.9606621360871941,0.9621226410381496,0.7454545454545455,"76,82,81,80,79,78,77,71,72,73",1.7763568394002505e-15,"5,3,0"
shap_exact,170429,6,1.2162123839998458,0.8088019490242004,0.9644183858981705,0.9393939393939394,0.9606622552964836,0.9621227602474391,0.7454545454545455,"76,82,81,80,79,78,77,71,72,73",1.7763568394002505e-15,"5,3,0"
shap_exact,170429,7,1.1598048930000004,0.80880206823349,0.9644185051074601,0.9393939393939394,0.9606621323619038,0.9621226410381496,0.7454545454545455,"76,82,81,80,79,78,77,71,72,73",8.881784197001252e-16,"5,3,0"
shap_exact,170429,8,1.119527756000025,0.80880206823349,0.9644185051074601,0.9393939393939394,0.9606621360871941,0.9621226410381496,0.7454545454545455,"76,82,81,80,79,78,77,71,72,73",1.7763568394002505e-15,"5,3,0"
shap_exact,170429,9,1.1739318950003508,0.80880206823349,0.9644185051074601,0.9393939393939394,0.9606621360871941,0.9621226410381496,0.7454545454545455,"76,82,81,80,79,78,77,71,72,73",8.881784197001252e-16,"5,3,0"
shap_exact,150888,0,1.4814388909999252,0.6617037951946259,0.8458766541007208,0.9393939393939394,0.42411747574806213,0.09417033195495605,0.7515151515151515,"42,55,54,53,52,51,50,49,43,44",3.552713678800501e-15,"3,10,5"
shap_exact,150888,1,1.2919582739996258,0.6617037504911423,0.8458766536496114,0.9393939393939394,0.42411747574806213,0.09417033195495605,0.7515151515151515,"42,55,54,53,52,51,50,49,43,44",8.881784197001252e-16,"3,10,5"
shap_exact,150888,2,1.263068758999907,0.6617039144039154,0.8458767730917316,0.9393939393939394,0.42411738634109497,0.09417033195495605,0.7515151515151515,"42,55,54,53,52,51,50,49,43,44",8.881784197001252e-16,"3,10,5"
shap_exact,150888,3,1.2769612089996372,0.6617039144039154,0.8458767733100103,0.9393939393939394,0.42411747574806213,0.09417033195495605,0.7515151515151515,"42,55,54,53,52,51,50,49,43,44",1.7763568394002505e-15,"3,10,5"
shap_exact,150888,4,1.2032317749999493,0.6617039144039154,0.8458767733100103,0.9393939393939394,0.4241173267364502,0.0941704511642456,0.7515151515151515,"42,55,54,53,52,51,50,49,43,44",1.7763568394002505e-15,"3,10,5"
shap_exact,150888,5,1.20821875799993,0.6617038697004318,0.8458767733100103,0.9393939393939394,0.4241173267364502,0.0941704511642456,0.7515151515151515,"42,55,54,53,52,51,50,49,43,44",3.552713678800501e-15,"3,10,5"
shap_exact,150888,6,1.2094101049997334,0.6617039144039154,0.8458767733100103,0.9393939393939394,0.4241173267364502,0.0941704511642456,0.7515151515151515,"42,55,54,53,52,51,50,49,43,44",4.440892098500626e-15,"3,10,5"
shap_exact,150888,7,1.2083067530002154,0.6617039144039154,0.8458767733100103,0.9393939393939394,0.42411738634109497,0.09417033195495605,0.7515151515151515,"42,55,54,53,52,51,50,49,43,44",2.6645352591003757e-15,"3,10,5"
shap_exact,150888,8,1.205281472999559,0.6617038697004318,0.8458767730917316,0.9393939393939394,0.42411744594573975,0.09417033195495605,0.7515151515151515,"42,55,54,53,52,51,50,49,43,44",1.7763568394002505e-15,"3,10,5"
shap_exact,150888,9,1.2215342279996548,0.6617039144039154,0.8458767733100103,0.9393939393939394,0.42411747574806213,0.09417033195495605,0.7515151515151515,"42,55,54,53,52,51,50,49,43,44",8.881784197001252e-16,"3,10,5"
shap_exact,160689,0,1.123277653000514,0.7855750005692244,0.8116719501267653,0.9393939393939394,0.7338766232132912,0.11640375852584839,0.7515151515151515,"52,53,54,55,42,43,44,45,51,50",2.6645352591003757e-15,"3,5,10"
shap_exact,160689,1,1.1257887419997132,0.7855749968439341,0.8116719501267653,0.9393939393939394,0.73387660831213,0.11640387773513794,0.7515151515151515,"52,53,54,55,42,43,44,45,51,50",0.0,"3,5,10"
shap_exact,160689,2,1.1330238669997925,0.7855748813599348,0.8116718309174757,0.9393939393939394,0.7338765487074852,0.11640381813049316,0.7515151515151515,"52,53,54,55,42,43,44,45,51,50",8.881784197001252e-16,"3,5,10"
shap_exact,160689,3,1.1161032919999343,0.785575008019805,0.8116719501267653,0.9393939393939394,0.7338765487074852,0.11640381813049316,0.7515151515151515,"52,53,54,55,42,43,44,45,51,50",2.6645352591003757e-15,"3,5,10"
shap_exact,160689,4,1.1124612590001561,0.7855749968439341,0.8116719501267653,0.9393939393939394,0.7338765487074852,0.11640381813049316,0.7515151515151515,"52,53,54,55,42,43,44,45,51,50",5.329070518200751e-15,"3,5,10"
shap_exact,160689,5,1.3473564690002604,0.7855750005692244,0.8116719501267653,0.9393939393939394,0.7338765487074852,0.11640381813049316,0.7515151515151515,"52,53,54,55,42,43,44,45,51,50",1.7763568394002505e-15,"3,5,10"
shap_exact,160689,6,1.1201355630000762,0.7855750154703856,0.8116719501267653,0.9393939393939394,0.7338766232132912,0.11640375852584839,0.7515151515151515,"52,53,54,55,42,43,44,45,51,50",1.7763568394002505e-15,"3,5,10"
shap_exact,160689,7,1.1226083299998209,0.7855750005692244,0.8116719501267653,0.9393939393939394,0.7338765487074852,0.11640381813049316,0.7515151515151515,"52,53,54,55,42,43,44,45,51,50",8.881784197001252e-16,"3,5,10"
shap_exact,160689,8,1.11822989600023,0.785575008019805,0.8116719501267653,0.9393939393939394,0.7338765636086464,0.11640393733978271,0.7515151515151515,"52,53,54,55,42,43,44,45,51,50",1.7763568394002505e-15,"3,5,10"
shap_exact,160689,9,1.1271688169999834,0.785575008019805,0.8116719501267653,0.9393939393939394,0.7338765636086464,0.11640381813049316,0.7515151515151515,"52,53,54,55,42,43,44,45,51,50",0.0,"3,5,10"
shap_exact,154039,0,1.133865245999914,0.5613415185362101,0.5700400314453873,0.9393939393939394,0.5662835580296814,0.5517221502959728,0.7454545454545455,"47,54,53,52,51,50,49,44,42,43",3.552713678800501e-15,"3,6,5"
shap_exact,154039,1,1.1403372209997542,0.5613415781408548,0.5700400910500321,0.9393939393939394,0.5662836176343262,0.5517222099006176,0.7454545454545455,"47,54,53,52,51,50,49,44,42,43",1.7763568394002505e-15,"3,6,5"
shap_exact,154039,2,1.1472040200005722,0.5613415781408548,0.5700400910500321,0.9393939393939394,0.5662836176343262,0.5517222099006176,0.7454545454545455,"47,54,53,52,51,50,49,44,42,43",2.6645352591003757e-15,"3,6,5"
shap_exact,154039,3,1.1636158459996295,0.5613415781408548,0.5700400910500321,0.9393939393939394,0.5662836176343262,0.5517222005873919,0.7454545454545455,"47,54,53,52,51,50,49,44,42,43",8.881784197001252e-16,"3,6,5"
shap_exact,154039,4,1.14375110400033,0.5613415185362101,0.5700400314453873,0.9393939393939394,0.5662836176343262,0.5517222005873919,0.7454545454545455,"47,54,53,52,51,50,49,44,42,43",1.7763568394002505e-15,"3,6,5"
shap_exact,154039,5,1.143329158000597,0.5613415138795972,0.5700400314453873,0.9393939393939394,0.566283677238971,0.5517222695052624,0.7454545454545455,"47,54,53,52,51,50,49,44,42,43",4.440892098500626e-15,"3,6,5"
shap_exact,154039,6,1.155077550999522,0.5613415185362101,0.5700400314453873,0.9393939393939394,0.5662835580296814,0.5517221502959728,0.7454545454545455,"47,54,53,52,51,50,49,44,42,43",8.881784197001252e-16,"3,6,5"
shap_exact,154039,7,1.131449075999626,0.5613415781408548,0.5700400910500321,0.9393939393939394,0.5662836176343262,0.5517222099006176,0.7454545454545455,"47,54,53,52,51,50,49,44,42,43",0.0,"3,6,5"
shap_exact,154039,8,1.1519495069996992,0.5613415185362101,0.5700400313507998,0.9393939393939394,0.5662835580296814,0.5517221502959728,0.7454545454545455,"47,54,53,52,51,50,49,44,42,43",8.881784197001252e-16,"3,6,5"
shap_exact,154039,9,1.1478998739994495,0.5613415781408548,0.5700400910500321,0.9393939393939394,0.5662835580296814,0.5517221502959728,0.7454545454545455,"47,54,53,52,51,50,49,44,42,43",7.105427357601002e-15,"3,6,5"
shap_exact,201916,0,1.35091023699988,0.8434353470802307,0.9167035563441459,0.9393939393939394,0.9165294142148923,0.9159258208237588,0.7575757575757576,"126,138,137,136,135,134,133,127,128,131",3.552713678800501e-15,"9,6,10"
shap_exact,201916,1,1.136202056000002,0.8434353470802307,0.9167035563441459,0.9393939393939394,0.9165294142148923,0.9159258208237588,0.7575757575757576,"126,138,137,136,135,134,133,127,128,131",3.552713678800501e-15,"9,6,10"
shap_exact,201916,2,1.1209476659996653,0.8434353470802307,0.9167035563441459,0.9393939393939394,0.9165294144768268,0.9159258208237588,0.7575757575757576,"126,138,137,136,135,134,133,127,128,131",2.6645352591003757e-15,"9,6,10"
shap_exact,201916,3,1.1184073209997223,0.8434353470802307,0.9167035563441459,0.9393939393939394,0.9165294142148923,0.9159258208237588,0.7575757575757576,"126,138,137,136,135,134,133,127,128,131",4.440892098500626e-15,"9,6,10"
shap_exact,201916,4,1.1275088990005315,0.8434353470802307,0.9167035563441459,0.9393939393939394,0.9165294144768268,0.9159258212312125,0.7575757575757576,"126,138,137,136,135,134,133,127,128,131",3.552713678800501e-15,"9,6,10"
shap_exact,201916,5,1.1329845840000417,0.8434353098273277,0.9167035563441459,0.9393939393939394,0.9165294144768268,0.9159258208237588,0.7575757575757576,"126,138,137,136,135,134,133,127,128,131",3.552713678800501e-15,"9,6,10"
shap_exact,201916,6,1.2186895289996755,0.8434353470802307,0.9167035563441459,0.9393939393939394,0.9165294144768268,0.9159258208237588,0.7575757575757576,"126,138,137,136,135,134,133,127,128,131",3.552713678800501e-15,"9,6,10"
shap_exact,201916,7,1.1386132870002257,0.8434353098273277,0.9167035563441459,0.9393939393939394,0.9165294144768268,0.9159258208237588,0.7575757575757576,"126,138,137,136,135,134,133,127,128,131",3.552713678800501e-15,"9,6,10"
shap_exact,201916,8,1.1744492620000528,0.8434353470802307,0.9167035563441459,0.9393939393939394,0.9165294144768268,0.9159258208237588,0.7575757575757576,"126,138,137,136,135,134,133,127,128,131",3.552713678800501e-15,"9,6,10"
shap_exact,201916,9,1.1088152880001871,0.8434353694319725,0.9167035563441459,0.9393939393939394,0.9165294144768268,0.9159258212312125,0.7575757575757576,"126,138,137,136,135,134,133,127,128,131",3.552713678800501e-15,"9,6,10"
shap_exact,174769,0,1.1243400579996887,0.7529573887586594,0.952053983361111,0.9393939393939394,0.9459470859728754,0.9367331555113196,0.7454545454545455,"92,96,95,94,93,90,88,89,97,91",1.7763568394002505e-15,"6,4,5"
shap_exact,174769,1,1.1280320559999382,0.7529573887586594,0.952053983361111,0.9393939393939394,0.9459470859728754,0.9367331555113196,0.7454545454545455,"92,96,95,94,93,90,88,89,97,91",8.881784197001252e-16,"6,4,5"
shap_exact,174769,2,1.1271657719998984,0.7529573887586594,0.952053983361111,0.9393939393939394,0.9459470859728754,0.9367331499233842,0.7454545454545455,"92,96,95,94,93,90,88,89,97,91",1.7763568394002505e-15,"6,4,5"
shap_exact,174769,3,1.1381259669997235,0.7529573887586594,0.952053983361111,0.9393939393939394,0.9459470859728754,0.9367331499233842,0.7454545454545455,"92,96,95,94,93,90,88,89,97,91",1.7763568394002505e-15,"6,4,5"
shap_exact,174769,4,1.1232518150000033,0.7529573887586594,0.952053983361111,0.9393939393939394,0.9459470859728754,0.9367331555113196,0.7454545454545455,"92,96,95,94,93,90,88,89,97,91",1.7763568394002505e-15,"6,4,5"
shap_exact,174769,5,1.1492814920002274,0.7529573887586594,0.952053983361111,0.9393939393939394,0.9459470887668431,0.9367331499233842,0.7454545454545455,"92,96,95,94,93,90,88,89,97,91",2.6645352591003757e-15,"6,4,5"
shap_exact,174769,6,1.337507100000039,0.7529573887586594,0.952053983361111,0.9393939393939394,0.9459470887668431,0.9367331555113196,0.7454545454545455,"92,96,95,94,93,90,88,89,97,91",0.0,"6,4,5"
shap_exact,174769,7,1.1234639949998382,0.7529573887586594,0.952053983361111,0.9393939393939394,0.9459470859728754,0.9367331499233842,0.7454545454545455,"92,96,95,94,93,90,88,89,97,91",1.7763568394002505e-15,"6,4,5"
shap_exact,174769,8,1.1207438919991546,0.7529573887586594,0.952053983361111,0.9393939393939394,0.9459470887668431,0.9367331555113196,0.7454545454545455,"92,96,95,94,93,90,88,89,97,91",3.552713678800501e-15,"6,4,5"
shap_exact,174769,9,1.3091219580001052,0.7529573887586594,0.952053983361111,0.9393939393939394,0.9459470859728754,0.9367331499233842,0.7454545454545455,"92,96,95,94,93,90,88,89,97,91",1.7763568394002505e-15,"6,4,5"
shap_exact,156014,0,1.194057679999787,0.2956997752189636,0.69766098074615,0.9393939393939394,0.6168304681777954,0.2965806722640991,0.7515151515151515,"144,150,151,149,148,147,146,145,143,139",4.440892098500626e-15,"10,3,5"
shap_exact,156014,1,1.14006307299951,0.2956997752189636,0.69766098074615,0.9393939393939394,0.6168304532766342,0.2965806722640991,0.7515151515151515,"144,150,151,149,148,147,146,145,143,139",8.881784197001252e-16,"10,3,5"
shap_exact,156014,2,1.1668157949998204,0.2956998348236084,0.6976609211415052,0.9393939393939394,0.6168304309248924,0.2965806722640991,0.7515151515151515,"144,150,151,149,148,147,146,145,143,139",3.552713678800501e-15,"10,3,5"
shap_exact,156014,3,1.104837459999544,0.29569971561431885,0.6976610403507948,0.9393939393939394,0.6168306097388268,0.29658055305480957,0.7515151515151515,"144,150,151,149,148,147,146,145,143,139",3.552713678800501e-15,"10,3,5"
shap_exact,156014,4,1.0916344509996634,0.2956998348236084,0.6976609211415052,0.9393939393939394,0.616830550134182,0.29658061265945435,0.7515151515151515,"144,150,151,149,148,147,146,145,143,139",5.329070518200751e-15,"10,3,5"
shap_exact,156014,5,1.129082118000042,0.2956998348236084,0.6976609211415052,0.9393939393939394,0.6168304681777954,0.2965806722640991,0.7515151515151515,"144,150,151,149,148,147,146,145,143,139",8.881784197001252e-16,"10,3,5"
shap_exact,156014,6,1.0944052700006068,0.2956998348236084,0.6976609211415052,0.9393939393939394,0.6168305724859238,0.29658055305480957,0.7515151515151515,"144,150,151,149,148,147,146,145,143,139",6.217248937900877e-15,"10,3,5"
shap_exact,156014,7,1.0947786159995303,0.2956998348236084,0.6976609211415052,0.9393939393939394,0.6168304309248924,0.2965806722640991,0.7515151515151515,"144,150,151,149,148,147,146,145,143,139",1.7763568394002505e-15,"10,3,5"
shap_exact,156014,8,1.1035726930003875,0.2956997752189636,0.69766098074615,0.9393939393939394,0.616830512881279,0.29658061265945435,0.7515151515151515,"144,150,151,149,148,147,146,145,143,139",1.7763568394002505e-15,"10,3,5"
shap_exact,156014,9,1.1136585989997911,0.2956997752189636,0.69766098074615,0.9393939393939394,0.6168304532766342,0.2965806722640991,0.7515151515151515,"144,150,151,149,148,147,146,145,143,139",8.881784197001252e-16,"10,3,5"
shap_exact,153009,0,1.1591743829994812,0.6353671476244926,0.7297613686168916,0.9393939393939394,0.6809975206851959,0.32580775022506714,0.7515151515151515,"51,54,53,55,50,49,48,47,52,42",8.881784197001252e-16,"3,10,4"
shap_exact,153009,1,1.3774722979997023,0.6353670805692673,0.7297613090122468,0.9393939393939394,0.6809975877404213,0.3258078098297119,0.7515151515151515,"51,54,53,55,50,49,48,47,52,42",3.552713678800501e-15,"3,10,4"
shap_exact,153009,2,1.2121964750003826,0.6353671178221703,0.7297613090122468,0.9393939393939394,0.6809975206851959,0.32580769062042236,0.7515151515151515,"51,54,53,55,50,49,48,47,52,42",3.552713678800501e-15,"3,10,4"
shap_exact,153009,3,1.160530963000383,0.6353670805692673,0.7297613090304367,0.9393939393939394,0.6809975206851959,0.32580775022506714,0.7515151515151515,"51,54,53,55,50,49,48,47,52,42",2.6645352591003757e-15,"3,10,4"
shap_exact,153009,4,1.1346629810004742,0.6353670209646225,0.729761249407602,0.9393939393939394,0.6809975802898407,0.32580775022506714,0.7515151515151515,"51,54,53,55,50,49,48,47,52,42",3.552713678800501e-15,"3,10,4"
shap_exact,153009,5,1.164912844000355,0.6353670805692673,0.7297613090122468,0.9393939393939394,0.680997509509325,0.32580775022506714,0.7515151515151515,"51,54,53,55,50,49,48,47,52,42",1.7763568394002505e-15,"3,10,4"
shap_exact,153009,6,1.156036209999911,0.6353670805692673,0.7297613090122468,0.9393939393939394,0.6809975281357765,0.32580775022506714,0.7515151515151515,"51,54,53,55,50,49,48,47,52,42",4.440892098500626e-15,"3,10,4"
shap_exact,153009,7,1.184101499999997,0.6353670805692673,0.7297613090122468,0.9393939393939394,0.6809975281357765,0.32580769062042236,0.7515151515151515,"51,54,53,55,50,49,48,47,52,42",2.6645352591003757e-15,"3,10,4"
shap_exact,153009,8,1.1575217839999823,0.6353670880198479,0.7297613090122468,0.9393939393939394,0.6809975206851959,0.32580775022506714,0.7515151515151515,"51,54,53,55,50,49,48,47,52,42",7.105427357601002e-15,"3,10,4"
shap_exact,153009,9,1.1529133770000044,0.6353670805692673,0.7297613090122468,0.9393939393939394,0.680997509509325,0.32580775022506714,0.7515151515151515,"51,54,53,55,50,49,48,47,52,42",0.0,"3,10,4"
shap_exact,138359,0,1.1846817939995162,0.02210897207260132,0.9996661220829992,0.9393939393939394,0.9584971368312836,0.999030276958365,0.7454545454545455,"48,55,54,53,52,51,50,49,43,44",1.7763568394002505e-15,"3,5,0"
shap_exact,138359,1,1.1677750449998712,0.02210897207260132,0.9996661220829992,0.9393939393939394,0.9584971182048321,0.999030276958365,0.7454545454545455,"48,55,54,53,52,51,50,49,43,44",1.7763568394002505e-15,"3,5,0"
shap_exact,138359,2,1.1052450489996772,0.02210897207260132,0.9996661220829992,0.9393939393939394,0.9584971368312836,0.999030276958365,0.7454545454545455,"48,55,54,53,52,51,50,49,43,44",1.7763568394002505e-15,"3,5,0"
shap_exact,138359,3,1.1056237339998916,0.02210897207260132,0.9996661220829992,0.9393939393939394,0.9584971480071545,0.999030276958365,0.7454545454545455,"48,55,54,53,52,51,50,49,43,44",3.552713678800501e-15,"3,5,0"
shap_exact,138359,4,1.1216011090000393,0.02210897207260132,0.9996661221302929,0.9393939393939394,0.9584971368312836,0.9990302766673267,0.7454545454545455,"48,55,54,53,52,51,50,49,43,44",5.329070518200751e-15,"3,5,0"
shap_exact,138359,5,1.117925682000532,0.02210897207260132,0.9996661220829992,0.9393939393939394,0.9584971480071545,0.9990302766673267,0.7454545454545455,"48,55,54,53,52,51,50,49,43,44",3.552713678800501e-15,"3,5,0"
shap_exact,138359,6,1.3511678020004183,0.02210897207260132,0.9996661221302929,0.9393939393939394,0.9584971591830254,0.999030276958365,0.7454545454545455,"48,55,54,53,52,51,50,49,43,44",1.7763568394002505e-15,"3,5,0"
shap_exact,138359,7,1.1086394550002296,0.02210897207260132,0.9996661220829992,0.9393939393939394,0.9584971480071545,0.999030276958365,0.7454545454545455,"48,55,54,53,52,51,50,49,43,44",3.552713678800501e-15,"3,5,0"
shap_exact,138359,8,1.1331987479998133,0.02210897207260132,0.9996661220829992,0.9393939393939394,0.9584971368312836,0.999030276958365,0.7454545454545455,"48,55,54,53,52,51,50,49,43,44",3.552713678800501e-15,"3,5,0"
shap_exact,138359,9,1.1454413640003622,0.02210897207260132,0.9996661220829992,0.9393939393939394,0.9584971480071545,0.999030276958365,0.7454545454545455,"48,55,54,53,52,51,50,49,43,44",3.552713678800501e-15,"3,5,0"
shap_exact,152136,0,1.155145179000101,0.7485580593347549,0.98811430493015,0.9393939393939394,0.9245322123169899,0.9859065993223339,0.7515151515151515,"42,55,54,53,52,51,50,49,43,44",0.0,"3,5,11"
shap_exact,152136,1,1.1942529289999584,0.7485581040382385,0.9881143049428829,0.9393939393939394,0.9245321899652481,0.9859065993223339,0.7515151515151515,"42,55,54,53,52,51,50,49,43,44",8.881784197001252e-16,"3,5,11"
shap_exact,152136,2,1.1817178910005168,0.7485581040382385,0.98811430493015,0.9393939393939394,0.9245322123169899,0.9859065981581807,0.7515151515151515,"42,55,54,53,52,51,50,49,43,44",4.440892098500626e-15,"3,5,11"
shap_exact,152136,3,1.20210199200028,0.7485581040382385,0.9881143049428829,0.9393939393939394,0.9245322123169899,0.9859065993223339,0.7515151515151515,"42,55,54,53,52,51,50,49,43,44",1.7763568394002505e-15,"3,5,11"
shap_exact,152136,4,1.1961835029997019,0.7485581487417221,0.98811430493015,0.9393939393939394,0.9245322123169899,0.9859065993223339,0.7515151515151515,"42,55,54,53,52,51,50,49,43,44",1.7763568394002505e-15,"3,5,11"
shap_exact,152136,5,1.1897295110002233,0.7485581040382385,0.98811430493015,0.9393939393939394,0.9245322123169899,0.9859065972268581,0.7515151515151515,"42,55,54,53,52,51,50,49,43,44",3.552713678800501e-15,"3,5,11"
shap_exact,152136,6,1.1369603580005787,0.7485580593347549,0.98811430493015,0.9393939393939394,0.9245322123169899,0.9859065972268581,0.7515151515151515,"42,55,54,53,52,51,50,49,43,44",2.6645352591003757e-15,"3,5,11"
shap_exact,152136,7,1.2050855640000009,0.7485581040382385,0.98811430493015,0.9393939393939394,0.9245322272181511,0.9859065993223339,0.7515151515151515,"42,55,54,53,52,51,50,49,43,44",2.6645352591003757e-15,"3,5,11"
shap_exact,152136,8,1.13734675699925,0.7485581487417221,0.98811430493015,0.9393939393939394,0.9245322123169899,0.9859065993223339,0.7515151515151515,"42,55,54,53,52,51,50,49,43,44",3.552713678800501e-15,"3,5,11"
shap_exact,152136,9,1.1384106750001592,0.7485580593347549,0.98811430493015,0.9393939393939394,0.9245322272181511,0.9859065993223339,0.7515151515151515,"42,55,54,53,52,51,50,49,43,44",2.6645352591003757e-15,"3,5,11"
shap_exact,137831,0,1.104153077999399,0.01931101083755493,0.9996999775212316,0.9393939393939394,0.9521265551447868,0.9990663461503573,0.7454545454545455,"48,55,54,53,52,51,50,49,43,44",0.0,"3,5,0"
shap_exact,137831,1,1.3583100830001058,0.01931101083755493,0.9996999775212316,0.9393939393939394,0.9521265774965286,0.9990663461503573,0.7454545454545455,"48,55,54,53,52,51,50,49,43,44",3.552713678800501e-15,"3,5,0"
shap_exact,137831,2,1.1077043900004355,0.01931101083755493,0.9996999775212316,0.9393939393939394,0.9521265551447868,0.9990663461503573,0.7454545454545455,"48,55,54,53,52,51,50,49,43,44",1.7763568394002505e-15,"3,5,0"
shap_exact,137831,3,1.1021859660004338,0.01931101083755493,0.9996999775212316,0.9393939393939394,0.952126570045948,0.9990663461503573,0.7454545454545455,"48,55,54,53,52,51,50,49,43,44",1.7763568394002505e-15,"3,5,0"
shap_exact,137831,4,1.1661158140004773,0.01931101083755493,0.9996999775212316,0.9393939393939394,0.9521265551447868,0.9990663461503573,0.7454545454545455,"48,55,54,53,52,51,50,49,43,44",1.7763568394002505e-15,"3,5,0"
shap_exact,137831,5,1.2013386520002314,0.01931101083755493,0.9996999775685254,0.9393939393939394,0.9521265774965286,0.9990663461503573,0.7454545454545455,"48,55,54,53,52,51,50,49,43,44",3.552713678800501e-15,"3,5,0"
shap_exact,137831,6,1.232840908000071,0.01931101083755493,0.9996999775212316,0.9393939393939394,0.9521265774965286,0.9990663461503573,0.7454545454545455,"48,55,54,53,52,51,50,49,43,44",8.881784197001252e-15,"3,5,0"
shap_exact,137831,7,1.1099095919998945,0.01931101083755493,0.9996999775212316,0.9393939393939394,0.952126570045948,0.999066345510073,0.7454545454545455,"48,55,54,53,52,51,50,49,43,44",3.552713678800501e-15,"3,5,0"
shap_exact,137831,8,1.1232444409997697,0.01931101083755493,0.9996999775212316,0.9393939393939394,0.9521265774965286,0.9990663461503573,0.7454545454545455,"48,55,54,53,52,51,50,49,43,44",7.105427357601002e-15,"3,5,0"
shap_exact,137831,9,1.1310121710002932,0.01931101083755493,0.9996999775212316,0.9393939393939394,0.9521265774965286,0.9990663461503573,0.7454545454545455,"48,55,54,53,52,51,50,49,43,44",8.881784197001252e-15,"3,5,0"
shap_exact,150802,0,1.146030836999671,0.7676294138655066,0.7749589964805637,0.9393939393939394,0.7053205296397209,0.5018122792243958,0.7515151515151515,"51,55,54,53,52,42,43,44,50,49",2.6645352591003757e-15,"3,5,10"
shap_exact,150802,1,1.150678168000013,0.7676294734701514,0.7749590560852084,0.9393939393939394,0.7053205296397209,0.5018122792243958,0.7515151515151515,"51,55,54,53,52,42,43,44,50,49",8.881784197001252e-16,"3,5,10"
shap_exact,150802,2,1.1265377360005004,0.7676294734701514,0.7749590560852084,0.9393939393939394,0.7053205892443657,0.5018123388290405,0.7515151515151515,"51,55,54,53,52,42,43,44,50,49",8.881784197001252e-16,"3,5,10"
shap_exact,150802,3,1.158666314000584,0.7676294734701514,0.7749590560852084,0.9393939393939394,0.7053205296397209,0.5018122792243958,0.7515151515151515,"51,55,54,53,52,42,43,44,50,49",4.440892098500626e-15,"3,5,10"
shap_exact,150802,4,1.1262826550000682,0.7676294702105224,0.7749590560852084,0.9393939393939394,0.7053205296397209,0.5018122792243958,0.7515151515151515,"51,55,54,53,52,42,43,44,50,49",8.881784197001252e-16,"3,5,10"
shap_exact,150802,5,1.1291508079993946,0.7676294138655066,0.7749589964805637,0.9393939393939394,0.7053205892443657,0.5018123388290405,0.7515151515151515,"51,55,54,53,52,42,43,44,50,49",3.552713678800501e-15,"3,5,10"
shap_exact,150802,6,1.1162428659999932,0.7676294702105224,0.7749590560852084,0.9393939393939394,0.7053205892443657,0.5018123388290405,0.7515151515151515,"51,55,54,53,52,42,43,44,50,49",0.0,"3,5,10"
shap_exact,150802,7,1.3558017889999974,0.7676294138655066,0.7749589964805637,0.9393939393939394,0.7053205296397209,0.5018122792243958,0.7515151515151515,"51,55,54,53,52,42,43,44,50,49",0.0,"3,5,10"
shap_exact,150802,8,1.1186656589998165,0.7676294734701514,0.7749590560852084,0.9393939393939394,0.7053205296397209,0.5018122792243958,0.7515151515151515,"51,55,54,53,52,42,43,44,50,49",4.440892098500626e-15,"3,5,10"
shap_exact,150802,9,1.1144305460002215,0.7676294734701514,0.7749590560852084,0.9393939393939394,0.7053205892443657,0.5018123388290405,0.7515151515151515,"51,55,54,53,52,42,43,44,50,49",8.881784197001252e-16,"3,5,10"
shap_exact,141885,0,1.1030513989999235,0.04176861047744751,0.5318649687612194,0.9393939393939394,0.5180912222713232,0.5293976610992104,0.7454545454545455,"83,70,71,72,73,74,75,76,82,81",1.7763568394002505e-15,"5,3,4"
shap_exact,141885,1,1.1315234969997618,0.041768670082092285,0.5318649687612194,0.9393939393939394,0.5180912222713232,0.5293976610992104,0.7454545454545455,"83,70,71,72,73,74,75,76,82,81",1.7763568394002505e-15,"5,3,4"
shap_exact,141885,2,1.1105612219998875,0.041768670082092285,0.5318649091565746,0.9393939393939394,0.5180911682546139,0.5293976014945656,0.7454545454545455,"83,70,71,72,73,74,75,76,82,81",0.0,"5,3,4"
shap_exact,141885,3,1.0994844369997736,0.04176861047744751,0.5318649091565746,0.9393939393939394,0.5180912874639034,0.5293977207038552,0.7454545454545455,"83,70,71,72,73,74,75,76,82,81",1.7763568394002505e-15,"5,3,4"
shap_exact,141885,4,1.1059044839994385,0.041768550872802734,0.5318650283658641,0.9393939393939394,0.5180912222713232,0.5293976610992104,0.7454545454545455,"83,70,71,72,73,74,75,76,82,81",3.552713678800501e-15,"5,3,4"
shap_exact,141885,5,1.1007649539997146,0.04176849126815796,0.5318649687612194,0.9393939393939394,0.5180912222713232,0.5293976610992104,0.7454545454545455,"83,70,71,72,73,74,75,76,82,81",1.7763568394002505e-15,"5,3,4"
shap_exact,141885,6,1.1052588450002077,0.04176861047744751,0.5318649687612194,0.9393939393939394,0.5180912222713232,0.5293976610992104,0.7454545454545455,"83,70,71,72,73,74,75,76,82,81",0.0,"5,3,4"
shap_exact,141885,7,1.107983398000215,0.04176861047744751,0.5318649687612194,0.9393939393939394,0.5180912278592587,0.5293976610992104,0.7454545454545455,"83,70,71,72,73,74,75,76,82,81",3.552713678800501e-15,"5,3,4"
shap_exact,141885,8,1.1330661969996072,0.04176861047744751,0.5318649687612194,0.9393939393939394,0.5180911626666784,0.5293976003304124,0.7454545454545455,"83,70,71,72,73,74,75,76,82,81",5.329070518200751e-15,"5,3,4"
shap_exact,141885,9,1.14375335800014,0.04176861047744751,0.5318649091565746,0.9393939393939394,0.5180911626666784,0.5293976014945656,0.7454545454545455,"83,70,71,72,73,74,75,76,82,81",3.552713678800501e-15,"5,3,4"
shap_exact,202292,0,1.0987679750005555,0.7878222763538361,0.8933440159016754,0.9393939393939394,0.8934213045959041,0.8927584079792723,0.7515151515151515,"137,138,126,127,128,129,130,136,135,132",4.440892098500626e-15,"9,6,7"
shap_exact,202292,1,1.1185881729998073,0.7878222540020943,0.8933440159016754,0.9393939393939394,0.8934213045936303,0.8927584079792723,0.7515151515151515,"137,138,126,127,128,129,130,136,135,132",1.7763568394002505e-15,"9,6,7"
shap_exact,202292,2,1.332303249000688,0.7878222241997719,0.8933440159016754,0.9393939393939394,0.8934213045936303,0.8927584079792723,0.7515151515151515,"137,138,126,127,128,129,130,136,135,132",2.6645352591003757e-15,"9,6,7"
shap_exact,202292,3,1.1037334160000682,0.7878222763538361,0.8933440159016754,0.9393939393939394,0.8934213045959041,0.8927584079792723,0.7515151515151515,"137,138,126,127,128,129,130,136,135,132",4.440892098500626e-15,"9,6,7"
shap_exact,202292,4,1.0942647159999979,0.7878222241997719,0.8933440159016754,0.9393939393939394,0.8934213045936303,0.8927584079792723,0.7515151515151515,"137,138,126,127,128,129,130,136,135,132",2.6645352591003757e-15,"9,6,7"
shap_exact,202292,5,1.1249638350000168,0.7878222763538361,0.8933440159016754,0.9393939393939394,0.8934213045959041,0.8927584079792723,0.7515151515151515,"137,138,126,127,128,129,130,136,135,132",4.440892098500626e-15,"9,6,7"
shap_exact,202292,6,1.097139791999325,0.7878222540020943,0.8933440159016754,0.9393939393939394,0.8934213045959041,0.8927584079792723,0.7515151515151515,"137,138,126,127,128,129,130,136,135,132",3.552713678800501e-15,"9,6,7"
shap_exact,202292,7,1.1253688699998747,0.7878222763538361,0.8933440159016754,0.9393939393939394,0.8934213045959041,0.8927584079792723,0.7515151515151515,"137,138,126,127,128,129,130,136,135,132",2.6645352591003757e-15,"9,6,7"
shap_exact,202292,8,1.1261570779997783,0.7878222241997719,0.8933440159016754,0.9393939393939394,0.8934213045959041,0.8927584079792723,0.7515151515151515,"137,138,126,127,128,129,130,136,135,132",3.552713678800501e-15,"9,6,7"
shap_exact,202292,9,1.1484720640000887,0.7878222763538361,0.8933440159016754,0.9393939393939394,0.8934213045936303,0.8927584079792723,0.7515151515151515,"137,138,126,127,128,129,130,136,135,132",2.6645352591003757e-15,"9,6,7"
shap_exact,169364,0,1.1483084060000692,0.7007119357585907,0.9598057056236939,0.9393939393939394,0.9577235034666955,0.9597735624483903,0.7454545454545455,"48,55,54,53,52,51,50,49,43,44",1.7763568394002505e-15,"3,5,0"
shap_exact,169364,1,1.1498833570003626,0.7007119953632355,0.9598058248329835,0.9393939393939394,0.957723502535373,0.9597735624483903,0.7454545454545455,"48,55,54,53,52,51,50,49,43,44",8.881784197001252e-16,"3,5,0"
shap_exact,169364,2,1.1212198989996978,0.7007119357585907,0.9598057056236939,0.9393939393939394,0.957723502535373,0.9597735624483903,0.7454545454545455,"48,55,54,53,52,51,50,49,43,44",3.552713678800501e-15,"3,5,0"
shap_exact,169364,3,1.1102831889993467,0.7007118761539459,0.9598057056236939,0.9393939393939394,0.957723502535373,0.9597735624483903,0.7454545454545455,"48,55,54,53,52,51,50,49,43,44",8.881784197001252e-16,"3,5,0"
shap_exact,169364,4,1.105538634000368,0.7007117867469788,0.9598057056236939,0.9393939393939394,0.957723502535373,0.9597735624483903,0.7454545454545455,"48,55,54,53,52,51,50,49,43,44",4.440892098500626e-15,"3,5,0"
shap_exact,169364,5,1.1020990019997043,0.7007118761539459,0.9598057056236939,0.9393939393939394,0.957723502535373,0.9597735624483903,0.7454545454545455,"48,55,54,53,52,51,50,49,43,44",7.993605777301127e-15,"3,5,0"
shap_exact,169364,6,1.136878142000569,0.7007118165493011,0.9598057056236939,0.9393939393939394,0.957723502535373,0.9597735624483903,0.7454545454545455,"48,55,54,53,52,51,50,49,43,44",2.6645352591003757e-15,"3,5,0"
shap_exact,169364,7,1.3355955329998324,0.7007119357585907,0.9598058248329835,0.9393939393939394,0.957723502535373,0.9597735624483903,0.7454545454545455,"48,55,54,53,52,51,50,49,43,44",7.105427357601002e-15,"3,5,0"
shap_exact,169364,8,1.1115545369993924,0.7007118165493011,0.9598057056236939,0.9393939393939394,0.957723502535373,0.9597735624483903,0.7454545454545455,"48,55,54,53,52,51,50,49,43,44",0.0,"3,5,0"
shap_exact,169364,9,1.1130110469994179,0.700711727142334,0.9598057056236939,0.9393939393939394,0.957723502535373,0.9597735624483903,0.7454545454545455,"48,55,54,53,52,51,50,49,43,44",1.7763568394002505e-15,"3,5,0"
shap_exact,143000,0,1.1628443700001299,0.280267596244812,0.7094067293219268,0.9393939393939394,0.651921458542347,0.09337764978408813,0.7515151515151515,"151,139,140,141,142,143,144,150,149,146",1.7763568394002505e-15,"10,3,5"
shap_exact,143000,1,1.1687427219994788,0.28026747703552246,0.7094066697172821,0.9393939393939394,0.651921458542347,0.09337764978408813,0.7515151515151515,"151,139,140,141,142,143,144,150,149,146",4.440892098500626e-15,"10,3,5"
shap_exact,143000,2,1.1698945060006736,0.2802675664424896,0.7094067293219268,0.9393939393939394,0.651921458542347,0.09337764978408813,0.7515151515151515,"151,139,140,141,142,143,144,150,149,146",2.6645352591003757e-15,"10,3,5"
shap_exact,143000,3,1.1695763660000011,0.280267596244812,0.7094067293219268,0.9393939393939394,0.6519214734435081,0.09337764978408813,0.7515151515151515,"151,139,140,141,142,143,144,150,149,146",4.440892098500626e-15,"10,3,5"
shap_exact,143000,4,1.161887033000312,0.2802676558494568,0.7094067889265716,0.9393939393939394,0.6519213989377022,0.09337770938873291,0.7515151515151515,"151,139,140,141,142,143,144,150,149,146",4.440892098500626e-15,"10,3,5"
shap_exact,143000,5,1.1721006689995193,0.2802676558494568,0.7094067889265716,0.9393939393939394,0.6519213989377022,0.09337770938873291,0.7515151515151515,"151,139,140,141,142,143,144,150,149,146",5.329070518200751e-15,"10,3,5"
shap_exact,143000,6,1.1598778699999457,0.28026747703552246,0.7094066697172821,0.9393939393939394,0.6519213989377022,0.09337770938873291,0.7515151515151515,"151,139,140,141,142,143,144,150,149,146",3.552713678800501e-15,"10,3,5"
shap_exact,143000,7,1.1567378050003754,0.2802675664424896,0.7094067293219268,0.9393939393939394,0.6519213989377022,0.09337770938873291,0.7515151515151515,"151,139,140,141,142,143,144,150,149,146",7.105427357601002e-15,"10,3,5"
shap_exact,143000,8,1.156390348000059,0.28026753664016724,0.7094067293219268,0.9393939393939394,0.6519213989377022,0.09337770938873291,0.7515151515151515,"151,139,140,141,142,143,144,150,149,146",4.440892098500626e-15,"10,3,5"
shap_exact,143000,9,1.1785996350008645,0.2802676558494568,0.7094067889265716,0.9393939393939394,0.6519213989377022,0.09337770938873291,0.7515151515151515,"151,139,140,141,142,143,144,150,149,146",2.6645352591003757e-15,"10,3,5"
shap_exact,156901,0,1.130541131999962,0.0052697062492370605,0.9810843002051115,0.9393939393939394,0.629855215549469,0.03492558002471924,0.7515151515151515,"144,149,150,151,148,147,146,145,143,139",0.0,"10,3,5"
shap_exact,156901,1,1.13595202399938,0.0052697062492370605,0.9810843002051115,0.9393939393939394,0.629855215549469,0.03492558002471924,0.7515151515151515,"144,149,150,151,148,147,146,145,143,139",1.7763568394002505e-15,"10,3,5"
shap_exact,156901,2,1.1732463719999942,0.0052697062492370605,0.9810843002051115,0.9393939393939394,0.629855215549469,0.03492558002471924,0.7515151515151515,"144,149,150,151,148,147,146,145,143,139",1.7763568394002505e-15,"10,3,5"
shap_exact,156901,3,1.4643698449999647,0.0052697062492370605,0.9810843002051115,0.9393939393939394,0.629855215549469,0.03492558002471924,0.7515151515151515,"144,149,150,151,148,147,146,145,143,139",5.329070518200751e-15,"10,3,5"
shap_exact,156901,4,1.2487499140006548,0.0052697062492370605,0.9810843002051115,0.9393939393939394,0.629855215549469,0.03492558002471924,0.7515151515151515,"144,149,150,151,148,147,146,145,143,139",3.552713678800501e-15,"10,3,5"
shap_exact,156901,5,1.2153572699999131,0.0052697062492370605,0.981084298575297,0.9393939393939394,0.629855215549469,0.03492558002471924,0.7515151515151515,"144,149,150,151,148,147,146,145,143,139",2.6645352591003757e-15,"10,3,5"
shap_exact,156901,6,1.1688881860000038,0.0052697062492370605,0.981084298575297,0.9393939393939394,0.6298553049564362,0.03492558002471924,0.7515151515151515,"144,149,150,151,148,147,146,145,143,139",1.7763568394002505e-15,"10,3,5"
shap_exact,156901,7,1.1413056080000388,0.0052697062492370605,0.981084298575297,0.9393939393939394,0.629855215549469,0.03492558002471924,0.7515151515151515,"144,149,150,151,148,147,146,145,143,139",1.7763568394002505e-15,"10,3,5"
shap_exact,156901,8,1.1527538259997527,0.0052697062492370605,0.981084298575297,0.9393939393939394,0.629855215549469,0.03492558002471924,0.7515151515151515,"144,149,150,151,148,147,146,145,143,139",2.6645352591003757e-15,"10,3,5"
shap_exact,156901,9,1.1672172829994452,0.0052697062492370605,0.9810843002051115,0.9393939393939394,0.629855215549469,0.03492558002471924,0.7515151515151515,"144,149,150,151,148,147,146,145,143,139",7.105427357601002e-15,"10,3,5"
shap_exact,170917,0,1.226231855000151,0.9652758684242144,0.9656036705364386,0.9393939393939394,0.9656332631494813,0.9617424812167883,0.7454545454545455,"1,0,13,12,11,10,9,8,2,3",3.552713678800501e-15,"0,4,3"
shap_exact,170917,1,1.2457345220000207,0.9652758687443566,0.9656036705928273,0.9393939393939394,0.9656333823587708,0.9617425932083279,0.7454545454545455,"1,0,13,12,11,10,9,8,2,3",1.7763568394002505e-15,"0,4,3"
shap_exact,170917,2,1.208107327000107,0.9652758684242144,0.9656036705928273,0.9393939393939394,0.9656333823587708,0.9617425932083279,0.7454545454545455,"1,0,13,12,11,10,9,8,2,3",1.0658141036401503e-14,"0,4,3"
shap_exact,170917,3,1.2274338229999557,0.9652758684242144,0.9656036705928273,0.9393939393939394,0.9656333823587708,0.9617426004260778,0.7454545454545455,"1,0,13,12,11,10,9,8,2,3",0.0,"0,4,3"
shap_exact,170917,4,1.2318946920004237,0.9652758687443566,0.9656036705928273,0.9393939393939394,0.9656333823587708,0.9617425932083279,0.7454545454545455,"1,0,13,12,11,10,9,8,2,3",5.329070518200751e-15,"0,4,3"
shap_exact,170917,5,1.2174982010001258,0.9652757492149249,0.9656035513562529,0.9393939393939394,0.9656333823587708,0.9617426004260778,0.7454545454545455,"1,0,13,12,11,10,9,8,2,3",3.552713678800501e-15,"0,4,3"
shap_exact,170917,6,1.2373157830006676,0.9652758684242144,0.9656036705928273,0.9393939393939394,0.9656333823587708,0.9617426004260778,0.7454545454545455,"1,0,13,12,11,10,9,8,2,3",1.7763568394002505e-15,"0,4,3"
shap_exact,170917,7,1.236695212000086,0.9652758684242144,0.9656036705928273,0.9393939393939394,0.9656333823587708,0.9617425932083279,0.7454545454545455,"1,0,13,12,11,10,9,8,2,3",1.7763568394002505e-15,"0,4,3"
shap_exact,170917,8,1.4633347819999472,0.9652758687443566,0.9656036705364386,0.9393939393939394,0.9656333823587708,0.9617425932083279,0.7454545454545455,"1,0,13,12,11,10,9,8,2,3",3.552713678800501e-15,"0,4,3"
shap_exact,170917,9,1.2453936700003396,0.9652758687443566,0.9656036705364386,0.9393939393939394,0.9656333823587708,0.9617425932083279,0.7454545454545455,"1,0,13,12,11,10,9,8,2,3",1.7763568394002505e-15,"0,4,3"
shap_exact,167298,0,1.2027173340002264,0.0010065436363220215,0.9797276831532145,0.9393939393939394,0.9773192836437374,0.9790400440688245,0.7454545454545455,"83,70,71,72,73,74,75,76,82,81",1.7763568394002505e-15,"5,3,0"
shap_exact,167298,1,1.1727099090003321,0.0010065436363220215,0.9797276831532145,0.9393939393939394,0.9773192836437374,0.9790400437195785,0.7454545454545455,"83,70,71,72,73,74,75,76,82,81",2.6645352591003757e-15,"5,3,0"
shap_exact,167298,2,1.1494662909999533,0.0010065436363220215,0.9797276831441195,0.9393939393939394,0.9773192836437374,0.9790400437195785,0.7454545454545455,"83,70,71,72,73,74,75,76,82,81",7.993605777301127e-15,"5,3,0"
shap_exact,167298,3,1.1675755390006088,0.0010065436363220215,0.9797276831441195,0.9393939393939394,0.9773192836437374,0.9790400437195785,0.7454545454545455,"83,70,71,72,73,74,75,76,82,81",8.881784197001252e-16,"5,3,0"
shap_exact,167298,4,1.1665691600001082,0.0010065436363220215,0.9797276831441195,0.9393939393939394,0.9773192836437374,0.9790400437195785,0.7454545454545455,"83,70,71,72,73,74,75,76,82,81",2.6645352591003757e-15,"5,3,0"
shap_exact,167298,5,1.15699298599975,0.0010065436363220215,0.9797276831441195,0.9393939393939394,0.9773192836437374,0.9790400440688245,0.7454545454545455,"83,70,71,72,73,74,75,76,82,81",0.0,"5,3,0"
shap_exact,167298,6,1.1490752429999702,0.0010065436363220215,0.9797276831441195,0.9393939393939394,0.9773192862048745,0.9790400437195785,0.7454545454545455,"83,70,71,72,73,74,75,76,82,81",7.105427357601002e-15,"5,3,0"
shap_exact,167298,7,1.186803227999917,0.0010065436363220215,0.9797276831532145,0.9393939393939394,0.9773192836437374,0.9790400437195785,0.7454545454545455,"83,70,71,72,73,74,75,76,82,81",8.881784197001252e-16,"5,3,0"
shap_exact,167298,8,1.2531257330001608,0.0010065436363220215,0.9797276831441195,0.9393939393939394,0.9773192836437374,0.9790400437195785,0.7454545454545455,"83,70,71,72,73,74,75,76,82,81",8.881784197001252e-16,"5,3,0"
shap_exact,167298,9,1.1794513429995277,0.0010065436363220215,0.9797276831532145,0.9393939393939394,0.9773192836437374,0.9790400437195785,0.7454545454545455,"83,70,71,72,73,74,75,76,82,81",1.7763568394002505e-15,"5,3,0"
shap_exact,143208,0,1.130159540999557,0.6519923787564039,0.6717033234672272,0.9393939393939394,0.6717473306661077,0.6699646391207352,0.7515151515151515,"136,138,137,126,127,128,129,135,134,131",8.881784197001252e-16,"9,7,4"
shap_exact,143208,1,1.1515788180004165,0.6519925575703382,0.6717035022811615,0.9393939393939394,0.671747211455795,0.6699645199114457,0.7515151515151515,"136,138,137,126,127,128,129,135,134,131",0.0,"9,7,4"
shap_exact,143208,2,1.1901321420000386,0.651992617174983,0.6717035618858063,0.9393939393939394,0.6717473902707525,0.66996469872538,0.7515151515151515,"136,138,137,126,127,128,129,135,134,131",8.881784197001252e-16,"9,7,4"
shap_exact,143208,3,1.3688144280004053,0.6519925575703382,0.6717035022811615,0.9393939393939394,0.6717472114568181,0.6699645199114457,0.7515151515151515,"136,138,137,126,127,128,129,135,134,131",8.881784197001252e-16,"9,7,4"
shap_exact,143208,4,1.1507481299995561,0.6519923787564039,0.6717033234672272,0.9393939393939394,0.6717473306661077,0.6699646391207352,0.7515151515151515,"136,138,137,126,127,128,129,135,134,131",1.7763568394002505e-15,"9,7,4"
shap_exact,143208,5,1.160508251000465,0.6519923787564039,0.6717033234672272,0.9393939393939394,0.6717474498753973,0.6699647583300248,0.7515151515151515,"136,138,137,126,127,128,129,135,134,131",0.0,"9,7,4"
shap_exact,143208,6,1.15549985799953,0.6519923787564039,0.6717033234672272,0.9393939393939394,0.6717474498743741,0.6699647583300248,0.7515151515151515,"136,138,137,126,127,128,129,135,134,131",8.881784197001252e-16,"9,7,4"
shap_exact,143208,7,1.1945345710000765,0.6519923787564039,0.6717033234672272,0.9393939393939394,0.6717473902707525,0.66996469872538,0.7515151515151515,"136,138,137,126,127,128,129,135,134,131",8.881784197001252e-16,"9,7,4"
shap_exact,143208,8,1.1729927329997736,0.6519924979656935,0.6717034426765167,0.9393939393939394,0.6717472114568181,0.6699645199114457,0.7515151515151515,"136,138,137,126,127,128,129,135,134,131",8.881784197001252e-16,"9,7,4"
shap_exact,143208,9,1.1299103720002677,0.6519925575703382,0.6717035022811615,0.9393939393939394,0.6717474498753973,0.6699647583300248,0.7515151515151515,"136,138,137,126,127,128,129,135,134,131",1.7763568394002505e-15,"9,7,4"
shap_exact,164192,0,1.1323032070004047,0.07246118783950806,0.9153956694175411,0.9393939393939394,0.1815706491470337,0.9153782591856725,0.7575757575757576,"126,137,138,136,135,134,133,132,128,131",7.993605777301127e-15,"3,9,10"
shap_exact,164192,1,1.1480800539993652,0.07246118783950806,0.9153956694175411,0.9393939393939394,0.1815706491470337,0.9153782591856725,0.7575757575757576,"126,137,138,136,135,134,133,132,128,131",7.105427357601002e-15,"3,9,10"
shap_exact,164192,2,1.2092996970004606,0.07246118783950806,0.9153956694175411,0.9393939393939394,0.18157058954238892,0.9153782591856725,0.7575757575757576,"126,137,138,136,135,134,133,132,128,131",8.881784197001252e-16,"3,9,10"
shap_exact,164192,3,1.156537457000013,0.07246118783950806,0.9153956694175411,0.9393939393939394,0.1815706491470337,0.9153782591856725,0.7575757575757576,"126,137,138,136,135,134,133,132,128,131",8.881784197001252e-16,"3,9,10"
shap_exact,164192,4,1.1333322399996177,0.07246118783950806,0.9153956694175411,0.9393939393939394,0.1815706491470337,0.9153782591856725,0.7575757575757576,"126,137,138,136,135,134,133,132,128,131",0.0,"3,9,10"
shap_exact,164192,5,1.1200774629996886,0.07246118783950806,0.9153956694175411,0.9393939393939394,0.1815706491470337,0.9153782591856725,0.7575757575757576,"126,137,138,136,135,134,133,132,128,131",4.440892098500626e-15,"3,9,10"
shap_exact,164192,6,1.1234478549995401,0.07246118783950806,0.9153956694175411,0.9393939393939394,0.1815706491470337,0.9153782591856725,0.7575757575757576,"126,137,138,136,135,134,133,132,128,131",6.217248937900877e-15,"3,9,10"
shap_exact,164192,7,1.1380185039997741,0.07246118783950806,0.9153956694175411,0.9393939393939394,0.1815706491470337,0.9153782591856725,0.7575757575757576,"126,137,138,136,135,134,133,132,128,131",8.881784197001252e-15,"3,9,10"
shap_exact,164192,8,1.46888177099936,0.07246118783950806,0.9153956694175411,0.9393939393939394,0.1815706491470337,0.9153782591856725,0.7575757575757576,"126,137,138,136,135,134,133,132,128,131",8.881784197001252e-16,"3,9,10"
shap_exact,164192,9,1.1505864150003617,0.07246118783950806,0.9153956694175411,0.9393939393939394,0.1815706491470337,0.9153782591856725,0.7575757575757576,"126,137,138,136,135,134,133,132,128,131",5.329070518200751e-15,"3,9,10"
shap_exact,138377,0,1.1131213939997906,0.0928349494934082,0.7656190173615869,0.9393939393939394,0.5496422797441483,0.760548357386142,0.7515151515151515,"54,55,42,43,44,45,46,47,53,52",8.881784197001252e-16,"3,4,11"
shap_exact,138377,1,1.107063422000465,0.0928349494934082,0.7656190173615869,0.9393939393939394,0.5496423989534378,0.7605484169907868,0.7515151515151515,"54,55,42,43,44,45,46,47,53,52",3.552713678800501e-15,"3,4,11"
shap_exact,138377,2,1.1108367629994973,0.09283488988876343,0.7656189577569421,0.9393939393939394,0.5496423989534378,0.7605484169907868,0.7515151515151515,"54,55,42,43,44,45,46,47,53,52",1.7763568394002505e-15,"3,4,11"
shap_exact,138377,3,1.1025839769999948,0.09283488988876343,0.7656189577569421,0.9393939393939394,0.5496423095464706,0.760548357386142,0.7515151515151515,"54,55,42,43,44,45,46,47,53,52",4.440892098500626e-15,"3,4,11"
shap_exact,138377,4,1.1057492609998008,0.09283500909805298,0.7656189577510304,0.9393939393939394,0.5496423095464706,0.760548357386142,0.7515151515151515,"54,55,42,43,44,45,46,47,53,52",7.105427357601002e-15,"3,4,11"
shap_exact,138377,5,1.1004452010001842,0.09283488988876343,0.7656189577569421,0.9393939393939394,0.5496423989534378,0.7605484169907868,0.7515151515151515,"54,55,42,43,44,45,46,47,53,52",6.217248937900877e-15,"3,4,11"
shap_exact,138377,6,1.1427600639999582,0.0928349494934082,0.7656190173615869,0.9393939393939394,0.549642339348793,0.7605484169907868,0.7515151515151515,"54,55,42,43,44,45,46,47,53,52",5.329070518200751e-15,"3,4,11"
shap_exact,138377,7,1.123024376000103,0.09283488988876343,0.7656189577569421,0.9393939393939394,0.5496423095464706,0.760548357386142,0.7515151515151515,"54,55,42,43,44,45,46,47,53,52",8.881784197001252e-15,"3,4,11"
shap_exact,138377,8,1.1376700270002402,0.09283500909805298,0.7656190173615869,0.9393939393939394,0.5496423989534378,0.7605484169907868,0.7515151515151515,"54,55,42,43,44,45,46,47,53,52",8.881784197001252e-16,"3,4,11"
shap_exact,138377,9,1.1093008939997162,0.09283488988876343,0.7656189577569421,0.9393939393939394,0.5496423989534378,0.7605484169907868,0.7515151515151515,"54,55,42,43,44,45,46,47,53,52",1.7763568394002505e-15,"3,4,11"
shap_exact,168076,0,1.1140877779998846,0.5665597021579742,0.9907916665888479,0.9393939393939394,0.9897451882716268,0.9907181622693315,0.7454545454545455,"48,55,54,53,52,51,50,49,43,44",6.217248937900877e-15,"3,5,0"
shap_exact,168076,1,1.1310751299997719,0.566559761762619,0.9907916665888479,0.9393939393939394,0.9897451892029494,0.9907181622693315,0.7454545454545455,"48,55,54,53,52,51,50,49,43,44",5.329070518200751e-15,"3,5,0"
shap_exact,168076,2,1.1167735569997603,0.5665596425533295,0.9907916665888479,0.9393939393939394,0.9897451887372881,0.9907181622693315,0.7454545454545455,"48,55,54,53,52,51,50,49,43,44",4.440892098500626e-15,"3,5,0"
shap_exact,168076,3,1.3420382419999441,0.5665597021579742,0.9907916665888479,0.9393939393939394,0.9897451882716268,0.9907181622693315,0.7454545454545455,"48,55,54,53,52,51,50,49,43,44",5.329070518200751e-15,"3,5,0"
shap_exact,168076,4,1.1560255599997618,0.5665597021579742,0.9907916665888479,0.9393939393939394,0.9897451882716268,0.9907181622693315,0.7454545454545455,"48,55,54,53,52,51,50,49,43,44",8.881784197001252e-16,"3,5,0"
shap_exact,168076,5,1.1385261629993693,0.5665596425533295,0.9907916665888479,0.9393939393939394,0.9897451882716268,0.9907181622693315,0.7454545454545455,"48,55,54,53,52,51,50,49,43,44",5.329070518200751e-15,"3,5,0"
shap_exact,168076,6,1.1241753670001344,0.5665597021579742,0.9907916665888479,0.9393939393939394,0.9897451887372881,0.9907181622693315,0.7454545454545455,"48,55,54,53,52,51,50,49,43,44",8.881784197001252e-16,"3,5,0"
shap_exact,168076,7,1.110857211999246,0.5665596723556519,0.9907916665888479,0.9393939393939394,0.9897451882716268,0.9907181622693315,0.7454545454545455,"48,55,54,53,52,51,50,49,43,44",1.7763568394002505e-15,"3,5,0"
shap_exact,168076,8,1.0967777189998742,0.5665597021579742,0.9907916665888479,0.9393939393939394,0.9897451882716268,0.9907181622693315,0.7454545454545455,"48,55,54,53,52,51,50,49,43,44",8.881784197001252e-16,"3,5,0"
shap_exact,168076,9,1.2376581300004545,0.5665597021579742,0.9907916665888479,0.9393939393939394,0.9897451882716268,0.9907181622693315,0.7454545454545455,"48,55,54,53,52,51,50,49,43,44",2.6645352591003757e-15,"3,5,0"
shap_exact,199096,0,1.1851294089992734,0.9203998297452927,0.9782569824601524,0.9393939393939394,0.9783612369519687,0.977187127689831,0.7515151515151515,"126,138,137,136,135,134,133,131,127,128",1.7763568394002505e-15,"9,6,7"
shap_exact,199096,1,1.1396364590000303,0.9203998297452927,0.9782569824601524,0.9393939393939394,0.9783612369519687,0.977187127689831,0.7515151515151515,"126,138,137,136,135,134,133,131,127,128",2.6645352591003757e-15,"9,6,7"
shap_exact,199096,2,1.1515356959998826,0.9203998297452927,0.9782569824601524,0.9393939393939394,0.9783612369519687,0.977187127689831,0.7515151515151515,"126,138,137,136,135,134,133,131,127,128",1.7763568394002505e-15,"9,6,7"
shap_exact,199096,3,1.1163623610000286,0.9203998297452927,0.9782569824601524,0.9393939393939394,0.9783612369519687,0.977187127689831,0.7515151515151515,"126,138,137,136,135,134,133,131,127,128",2.6645352591003757e-15,"9,6,7"
shap_exact,199096,4,1.200735923999673,0.9203998297452927,0.9782569824601524,0.9393939393939394,0.9783612369519687,0.9771871271077543,0.7515151515151515,"126,138,137,136,135,134,133,131,127,128",1.7763568394002505e-15,"9,6,7"
shap_exact,199096,5,1.1600559470007283,0.9203998148441315,0.9782569824601524,0.9393939393939394,0.9783612369519687,0.977187127689831,0.7515151515151515,"126,138,137,136,135,134,133,131,127,128",1.7763568394002505e-15,"9,6,7"
shap_exact,199096,6,1.1356439829996816,0.9203998297452927,0.9782569824601524,0.9393939393939394,0.9783612369519687,0.977187127689831,0.7515151515151515,"126,138,137,136,135,134,133,131,127,128",1.7763568394002505e-15,"9,6,7"
shap_exact,199096,7,1.1085912250000547,0.9203998297452927,0.9782569824601524,0.9393939393939394,0.9783612369519687,0.977187127689831,0.7515151515151515,"126,138,137,136,135,134,133,131,127,128",1.7763568394002505e-15,"9,6,7"
shap_exact,199096,8,1.094216114000119,0.9203998148441315,0.9782569824601524,0.9393939393939394,0.9783612369519687,0.977187127689831,0.7515151515151515,"126,138,137,136,135,134,133,131,127,128",1.7763568394002505e-15,"9,6,7"
shap_exact,199096,9,1.3209718230000362,0.9203998297452927,0.9782569824601524,0.9393939393939394,0.9783612369519687,0.977187127689831,0.7515151515151515,"126,138,137,136,135,134,133,131,127,128",1.7763568394002505e-15,"9,6,7"
shap_exact,194140,0,1.1045495459993617,0.2609041929244995,0.638479915738742,0.9393939393939394,0.6384800336654308,0.33617085218429565,0.7515151515151515,"68,69,56,57,58,59,60,61,63,67",1.4210854715202004e-14,"4,0,9"
shap_exact,194140,1,1.1288661309999952,0.2609041929244995,0.6384799157388699,0.9393939393939394,0.6384800336654308,0.33617106080055237,0.7515151515151515,"68,69,56,57,58,59,60,61,63,67",1.5987211554602254e-14,"4,0,9"
shap_exact,194140,2,1.1671585219992267,0.2609041929244995,0.6384799157388699,0.9393939393939394,0.6384800336654308,0.33617085218429565,0.7515151515151515,"68,69,56,57,58,59,60,61,63,67",1.2434497875801753e-14,"4,0,9"
shap_exact,194140,3,1.095549579999897,0.2609041929244995,0.6384799157388699,0.9393939393939394,0.6384798548514965,0.33617067337036133,0.7515151515151515,"68,69,56,57,58,59,60,61,63,67",1.7763568394002505e-15,"4,0,9"
shap_exact,194140,4,1.091731264000373,0.2609041929244995,0.6384799157388699,0.9393939393939394,0.6384800336654308,0.3361704349517822,0.7515151515151515,"68,69,56,57,58,59,60,61,63,67",1.7763568394002505e-15,"4,0,9"
shap_exact,194140,5,1.1047741100001076,0.2609041929244995,0.6384799157388699,0.9393939393939394,0.6384800336654308,0.3361704349517822,0.7515151515151515,"68,69,56,57,58,59,60,61,63,67",8.881784197001252e-15,"4,0,9"
shap_exact,194140,6,1.1180912449999596,0.2609041929244995,0.6384799157388699,0.9393939393939394,0.6384800336654308,0.3361704349517822,0.7515151515151515,"68,69,56,57,58,59,60,61,63,67",1.7763568394002505e-15,"4,0,9"
shap_exact,194140,7,1.0986304759999257,0.2609041929244995,0.6384799157388699,0.9393939393939394,0.6384800336654308,0.3361704349517822,0.7515151515151515,"68,69,56,57,58,59,60,61,63,67",1.7763568394002505e-15,"4,0,9"
shap_exact,194140,8,1.0964607509995403,0.2609041929244995,0.6384799157388699,0.9393939393939394,0.6384800336654308,0.3361704349517822,0.7515151515151515,"68,69,56,57,58,59,60,61,63,67",1.7763568394002505e-15,"4,0,9"
shap_exact,194140,9,1.0957216450005944,0.2609041929244995,0.6384799157388699,0.9393939393939394,0.6384800336654308,0.3361704349517822,0.7515151515151515,"68,69,56,57,58,59,60,61,63,67",7.105427357601002e-15,"4,0,9"
shap_exact,153891,0,1.1242232879994845,0.6914589107036591,0.9875932697177632,0.9393939393939394,0.9381142854690552,0.9708021022379398,0.7454545454545455,"48,53,54,55,52,51,50,49,43,44",7.105427357601002e-15,"3,5,6"
shap_exact,153891,1,1.15810865200001,0.6914589107036591,0.9875932697177632,0.9393939393939394,0.9381142854690552,0.9708021022379398,0.7454545454545455,"48,53,54,55,52,51,50,49,43,44",4.440892098500626e-15,"3,5,6"
shap_exact,153891,2,1.1188691930001369,0.6914588510990143,0.9875932697177632,0.9393939393939394,0.9381142593920231,0.9708021096885204,0.7454545454545455,"48,53,54,55,52,51,50,49,43,44",3.552713678800501e-15,"3,5,6"
shap_exact,153891,3,1.2041538650000803,0.6914589107036591,0.9875932697177632,0.9393939393939394,0.9381142854690552,0.9708021022379398,0.7454545454545455,"48,53,54,55,52,51,50,49,43,44",1.7763568394002505e-15,"3,5,6"
shap_exact,153891,4,1.4164756419995683,0.6914589107036591,0.9875932697177632,0.9393939393939394,0.9381142593920231,0.9708021022379398,0.7454545454545455,"48,53,54,55,52,51,50,49,43,44",1.0658141036401503e-14,"3,5,6"
shap_exact,153891,5,1.1487475350004388,0.6914589107036591,0.9875932697177632,0.9393939393939394,0.9381142854690552,0.9708021096885204,0.7454545454545455,"48,53,54,55,52,51,50,49,43,44",2.6645352591003757e-15,"3,5,6"
shap_exact,153891,6,1.1246434109998518,0.6914589107036591,0.9875932697177632,0.9393939393939394,0.9381142593920231,0.9708021022379398,0.7454545454545455,"48,53,54,55,52,51,50,49,43,44",2.6645352591003757e-15,"3,5,6"
shap_exact,153891,7,1.1220188380002583,0.6914589107036591,0.9875932697177632,0.9393939393939394,0.9381142854690552,0.9708021096885204,0.7454545454545455,"48,53,54,55,52,51,50,49,43,44",8.881784197001252e-16,"3,5,6"
shap_exact,153891,8,1.1651721329999418,0.6914588510990143,0.9875932697177632,0.9393939393939394,0.9381142593920231,0.9708021096885204,0.7454545454545455,"48,53,54,55,52,51,50,49,43,44",8.881784197001252e-16,"3,5,6"
shap_exact,153891,9,1.1337416420001318,0.6914588510990143,0.9875932697177632,0.9393939393939394,0.9381142593920231,0.9708021022379398,0.7454545454545455,"48,53,54,55,52,51,50,49,43,44",1.7763568394002505e-15,"3,5,6"
shap_exact,155552,0,1.0996910769999886,0.8522765636444092,0.9967779390590294,0.9393939393939394,0.996594817523146,0.9874035594984889,0.7575757575757576,"90,84,97,85,86,87,88,89,95,94",7.105427357601002e-15,"6,9,10"
shap_exact,155552,1,1.1026896960001977,0.8522765636444092,0.9967779390590294,0.9393939393939394,0.996594817523146,0.9874035594984889,0.7575757575757576,"90,84,97,85,86,87,88,89,95,94",5.329070518200751e-15,"6,9,10"
shap_exact,155552,2,1.1006672200001049,0.8522765636444092,0.9967779390590294,0.9393939393939394,0.996594817523146,0.9874035594984889,0.7575757575757576,"90,84,97,85,86,87,88,89,95,94",7.105427357601002e-15,"6,9,10"
shap_exact,155552,3,1.1054020350002247,0.8522765636444092,0.9967779390565283,0.9393939393939394,0.996594817523146,0.9874035594984889,0.7575757575757576,"90,84,97,85,86,87,88,89,95,94",3.552713678800501e-15,"6,9,10"
shap_exact,155552,4,1.0956865799998923,0.8522765338420868,0.9967779390590294,0.9393939393939394,0.996594817523146,0.9874035594984889,0.7575757575757576,"90,84,97,85,86,87,88,89,95,94",5.329070518200751e-15,"6,9,10"
shap_exact,155552,5,1.1000727380005628,0.8522765636444092,0.9967779390590294,0.9393939393939394,0.996594817523146,0.9874035594984889,0.7575757575757576,"90,84,97,85,86,87,88,89,95,94",7.105427357601002e-15,"6,9,10"
shap_exact,155552,6,1.0874696609998864,0.8522765636444092,0.9967779390590294,0.9393939393939394,0.996594817523146,0.9874035594984889,0.7575757575757576,"90,84,97,85,86,87,88,89,95,94",5.329070518200751e-15,"6,9,10"
shap_exact,155552,7,1.0966266430004907,0.8522765636444092,0.9967779390590294,0.9393939393939394,0.996594817523146,0.9874035594984889,0.7575757575757576,"90,84,97,85,86,87,88,89,95,94",3.552713678800501e-15,"6,9,10"
shap_exact,155552,8,1.0905968730003224,0.8522765636444092,0.9967779390590294,0.9393939393939394,0.996594817523146,0.9874035594984889,0.7575757575757576,"90,84,97,85,86,87,88,89,95,94",5.329070518200751e-15,"6,9,10"
shap_exact,155552,9,1.3244640530001561,0.8522765636444092,0.9967779390590294,0.9393939393939394,0.996594817523146,0.9874035594984889,0.7575757575757576,"90,84,97,85,86,87,88,89,95,94",5.329070518200751e-15,"6,9,10"
shap_exact,170111,0,1.08808096499979,0.6237430647015572,0.7247299867522088,0.9393939393939394,0.7237910146359354,0.6151602268218994,0.7454545454545455,"54,55,42,43,44,45,46,47,53,52",3.552713678800501e-15,"3,5,6"
shap_exact,170111,1,1.1358891949994359,0.6237431243062019,0.7247300463568536,0.9393939393939394,0.7237910146359354,0.6151602268218994,0.7454545454545455,"54,55,42,43,44,45,46,47,53,52",8.881784197001252e-16,"3,5,6"
shap_exact,170111,2,1.1110780680000971,0.6237430647015572,0.7247299867522088,0.9393939393939394,0.7237910146359354,0.6151602268218994,0.7454545454545455,"54,55,42,43,44,45,46,47,53,52",0.0,"3,5,6"
shap_exact,170111,3,1.1064761630004796,0.6237430647015572,0.7247299867522088,0.9393939393939394,0.7237910146359354,0.6151602268218994,0.7454545454545455,"54,55,42,43,44,45,46,47,53,52",2.6645352591003757e-15,"3,5,6"
shap_exact,170111,4,1.1079956000003222,0.6237431243062019,0.7247300463568536,0.9393939393939394,0.7237910146359354,0.6151602268218994,0.7454545454545455,"54,55,42,43,44,45,46,47,53,52",2.6645352591003757e-15,"3,5,6"
shap_exact,170111,5,1.1063604250002754,0.6237431019544601,0.7247300463568536,0.9393939393939394,0.7237910146359354,0.6151602268218994,0.7454545454545455,"54,55,42,43,44,45,46,47,53,52",0.0,"3,5,6"
shap_exact,170111,6,1.1189058429999932,0.6237431243062019,0.7247300463568536,0.9393939393939394,0.7237910146359354,0.6151602268218994,0.7454545454545455,"54,55,42,43,44,45,46,47,53,52",1.7763568394002505e-15,"3,5,6"
shap_exact,170111,7,1.1293440830004329,0.6237430647015572,0.7247299867522088,0.9393939393939394,0.7237909550312907,0.6151601672172546,0.7454545454545455,"54,55,42,43,44,45,46,47,53,52",8.881784197001252e-16,"3,5,6"
shap_exact,170111,8,1.1048651319997589,0.6237430945038795,0.7247300463568536,0.9393939393939394,0.7237910146359354,0.6151602268218994,0.7454545454545455,"54,55,42,43,44,45,46,47,53,52",8.881784197001252e-16,"3,5,6"
shap_exact,170111,9,1.1130705289997422,0.6237431243062019,0.7247300463568536,0.9393939393939394,0.7237910146359354,0.6151602268218994,0.7454545454545455,"54,55,42,43,44,45,46,47,53,52",2.6645352591003757e-15,"3,5,6"
shap_exact,153011,0,1.1234366139997292,0.12112551927566528,0.950360036074926,0.9393939393939394,0.8505829423666,0.7705633491277695,0.7515151515151515,"77,71,72,73,74,75,76,83,81,80",1.7763568394002505e-15,"5,3,10"
shap_exact,153011,1,1.1129417049996846,0.12112551927566528,0.9503600360912969,0.9393939393939394,0.8505829647183418,0.7705633193254471,0.7515151515151515,"77,71,72,73,74,75,76,83,81,80",5.329070518200751e-15,"5,3,10"
shap_exact,153011,2,1.1219929090002552,0.12112551927566528,0.950360036074926,0.9393939393939394,0.8505829647183418,0.7705633491277695,0.7515151515151515,"77,71,72,73,74,75,76,83,81,80",3.552713678800501e-15,"5,3,10"
shap_exact,153011,3,1.1208459639992725,0.12112563848495483,0.9503600360912969,0.9393939393939394,0.8505829423666,0.7705633491277695,0.7515151515151515,"77,71,72,73,74,75,76,83,81,80",3.552713678800501e-15,"5,3,10"
shap_exact,153011,4,1.1787658690000171,0.12112563848495483,0.9503600360912969,0.9393939393939394,0.8505829647183418,0.7705633044242859,0.7515151515151515,"77,71,72,73,74,75,76,83,81,80",0.0,"5,3,10"
shap_exact,153011,5,1.3557717920002688,0.12112551927566528,0.9503600360912969,0.9393939393939394,0.8505830019712448,0.7705633193254471,0.7515151515151515,"77,71,72,73,74,75,76,83,81,80",8.881784197001252e-16,"5,3,10"
shap_exact,153011,6,1.1258743540001888,0.12112563848495483,0.9503600360912969,0.9393939393939394,0.8505829423666,0.7705632597208023,0.7515151515151515,"77,71,72,73,74,75,76,83,81,80",0.0,"5,3,10"
shap_exact,153011,7,1.1208430079996106,0.12112563848495483,0.950360036074926,0.9393939393939394,0.8505829423666,0.7705633044242859,0.7515151515151515,"77,71,72,73,74,75,76,83,81,80",6.217248937900877e-15,"5,3,10"
shap_exact,153011,8,1.131655053999566,0.12112563848495483,0.9503600360912969,0.9393939393939394,0.8505830019712448,0.7705633044242859,0.7515151515151515,"77,71,72,73,74,75,76,83,81,80",8.881784197001252e-16,"5,3,10"
shap_exact,153011,9,1.1197279339994566,0.12112551927566528,0.950360036074926,0.9393939393939394,0.8505829423666,0.7705633491277695,0.7515151515151515,"77,71,72,73,74,75,76,83,81,80",1.7763568394002505e-15,"5,3,10"
