method,node_index,seed,runtime_s,fidelity_plus,fidelity_minus,sparsity,group_fidelity_plus,group_fidelity_minus,group_sparsity,top_features,efficiency_gap,top_groups
gnnexplainer,136551,0,1.1496686459995544,0.9739324769816449,0.9688108693808317,0.9393939393939394,0.23684537410736084,0.9734268588363193,0.7575757575757576,"142,2,114,154,111,51,52,79,76,163",,"11,10,8"
gnnexplainer,136551,1,0.9017834669994045,0.973921165925276,0.9686098541133106,0.9393939393939394,0.670447587966919,0.9737872975674691,0.7575757575757576,"142,2,154,114,111,51,52,79,163,54",,"10,11,0"
gnnexplainer,136551,2,0.9683304360005422,0.9738987230011844,0.9705468635074794,0.9393939393939394,0.23684537410736084,0.9734268588363193,0.7575757575757576,"111,114,142,2,154,51,156,52,79,148",,"11,10,8"
gnnexplainer,136551,3,0.9551580079987616,0.9739247521465586,0.9679081910289824,0.9393939393939394,0.23684537410736084,0.9734268588363193,0.7575757575757576,"114,142,111,2,154,51,52,156,79,54",,"10,11,8"
gnnexplainer,136551,4,0.8999769140009448,0.9739245787823165,0.9702356355264783,0.9393939393939394,0.23684537410736084,0.9734268588363193,0.7575757575757576,"142,111,2,114,51,154,163,52,156,79",,"11,10,8"
gnnexplainer,136551,5,0.9187178140000469,0.973921165925276,0.9686098569072783,0.9393939393939394,0.23684537410736084,0.9734268588363193,0.7575757575757576,"142,2,111,114,154,51,52,79,163,54",,"10,11,8"
gnnexplainer,136551,6,0.8864661089992296,0.9739295348317683,0.9699596273712814,0.9393939393939394,0.23684537410736084,0.9734268588363193,0.7575757575757576,"142,154,114,111,2,51,52,79,163,131",,"11,10,8"
gnnexplainer,136551,7,0.8911883519995172,0.9739247521465586,0.9679081910289824,0.9393939393939394,0.23684537410736084,0.9734268588363193,0.7575757575757576,"142,114,111,2,154,51,52,79,156,54",,"11,10,8"
gnnexplainer,136551,8,0.9278559729991684,0.9738987230011844,0.9705468635074794,0.9393939393939394,0.23684537410736084,0.9734268588363193,0.7575757575757576,"142,2,111,114,154,51,52,79,148,156",,"11,10,8"
gnnexplainer,136551,9,0.9109960660007346,0.9739245787823165,0.9702356355264783,0.9393939393939394,0.670447587966919,0.9737872975674691,0.7575757575757576,"142,2,154,114,111,51,52,79,163,156",,"11,10,0"
gnnexplainer,170429,0,0.9519301430009364,0.9644943029788919,0.9635733921895735,0.9393939393939394,0.017125427722930908,0.9633640110259876,0.7575757575757576,"2,147,90,155,114,51,163,79,80,162",,"10,11,6"
gnnexplainer,170429,1,0.9630833890005306,0.9644912959261092,0.963703126530163,0.9393939393939394,0.017125427722930908,0.9633640110259876,0.7575757575757576,"2,90,147,155,163,114,51,52,80,145",,"10,11,6"
gnnexplainer,170429,2,0.9232484260010096,0.9644884363888195,0.9634513520868495,0.9393939393939394,0.5447632074356079,0.9644371900758415,0.7575757575757576,"2,90,155,147,163,145,114,148,52,51",,"10,11,8"
gnnexplainer,170429,3,0.9015415729991219,0.9644967778596083,0.9618251745123416,0.9393939393939394,0.017125427722930908,0.9633640110259876,0.7575757575757576,"2,90,147,155,163,114,51,52,148,80",,"10,11,6"
gnnexplainer,170429,4,0.9019925499997044,0.9644971158997464,0.9617956224828959,0.9393939393939394,0.017125427722930908,0.9633640110259876,0.7575757575757576,"155,90,2,114,147,79,51,163,52,80",,"10,11,6"
gnnexplainer,170429,5,0.922416854000403,0.9644618516831542,0.9640991071355529,0.9393939393939394,0.017125427722930908,0.9633640110259876,0.7575757575757576,"2,90,155,147,114,52,51,163,143,145",,"10,11,6"
gnnexplainer,170429,6,0.9332963550004933,0.9644915520580071,0.9631747243693098,0.9393939393939394,0.017125427722930908,0.9633640110259876,0.7575757575757576,"2,90,147,155,163,51,148,114,52,143",,"10,11,6"
gnnexplainer,170429,7,0.896917926000242,0.9644962233311389,0.9624072557780892,0.9393939393939394,0.017125427722930908,0.9633640110259876,0.7575757575757576,"2,155,90,147,114,52,51,163,162,79",,"10,11,6"
gnnexplainer,170429,8,0.9127566940005636,0.9644938424348766,0.9626937333960086,0.9393939393939394,0.5447632670402527,0.9644371900758415,0.7575757575757576,"2,155,90,147,52,114,143,51,148,79",,"10,11,8"
gnnexplainer,170429,9,0.9024204239995015,0.9644884363888195,0.9634513520868495,0.9393939393939394,0.5447632670402527,0.9644371900758415,0.7575757575757576,"2,90,155,147,51,114,163,52,145,148",,"10,11,8"
gnnexplainer,150888,0,0.9615827489997173,0.05662548542022705,0.8456669410225004,0.9393939393939394,0.08279383182525635,0.34472471475601196,0.7515151515151515,"142,145,149,146,143,148,2,90,80,144",,"10,6,7"
gnnexplainer,150888,1,0.9474932279990753,0.05662548542022705,0.8456669410225004,0.9393939393939394,0.08279383182525635,0.34472471475601196,0.7515151515151515,"145,146,149,142,143,148,2,90,80,144",,"10,6,7"
gnnexplainer,150888,2,0.9352900800004136,0.4006388187408447,0.8411204051226377,0.9393939393939394,0.08279383182525635,0.34472471475601196,0.7515151515151515,"146,145,149,142,143,2,148,90,147,144",,"10,6,7"
gnnexplainer,150888,3,0.9576934919987252,0.05662548542022705,0.8456669410225004,0.9393939393939394,0.08279383182525635,0.34472471475601196,0.7515151515151515,"145,146,142,149,143,148,2,90,80,144",,"10,6,7"
gnnexplainer,150888,4,0.910821498999212,0.05662572383880615,0.8456668218132108,0.9393939393939394,0.08279383182525635,0.34472471475601196,0.7515151515151515,"146,145,142,149,143,148,2,90,80,144",,"10,6,7"
gnnexplainer,150888,5,0.9361915640001826,0.05662548542022705,0.8456669410225004,0.9393939393939394,0.08279383182525635,0.34472471475601196,0.7515151515151515,"145,146,142,149,143,148,2,90,80,144",,"10,6,7"
gnnexplainer,150888,6,0.9244890059999307,0.05662548542022705,0.8456669410225004,0.9393939393939394,0.08279383182525635,0.34472471475601196,0.7515151515151515,"145,146,149,142,143,148,2,90,80,144",,"10,6,7"
gnnexplainer,150888,7,0.9188301449994469,0.05662548542022705,0.8456669410225004,0.9393939393939394,0.08279383182525635,0.34472471475601196,0.7515151515151515,"145,146,142,149,143,148,2,90,80,144",,"10,6,7"
gnnexplainer,150888,8,0.9147705369996402,0.05662548542022705,0.8456669410225004,0.9393939393939394,0.08279383182525635,0.34472471475601196,0.7515151515151515,"145,146,149,142,143,148,2,90,80,144",,"10,6,7"
gnnexplainer,150888,9,0.9161416040005861,0.05662548542022705,0.8456669410225004,0.9393939393939394,0.0827939510345459,0.34472453594207764,0.7515151515151515,"142,149,146,145,143,148,2,90,80,144",,"10,6,7"
gnnexplainer,160689,0,0.8989732680001907,0.8119655094233167,0.7634876444935799,0.9393939393939394,0.07901328802108765,0.7932835053652525,0.7515151515151515,"2,114,142,154,147,155,143,90,144,52",,"10,7,8"
gnnexplainer,160689,1,0.8990401139999449,0.8119924993079621,0.75904531031847,0.9393939393939394,0.07901328802108765,0.7932835146784782,0.7515151515151515,"2,114,142,154,52,147,90,149,143,155",,"10,8,7"
gnnexplainer,160689,2,0.9730771449994791,0.8119988645794365,0.7638263180851936,0.9393939393939394,0.07901328802108765,0.7932835146784782,0.7515151515151515,"114,2,142,154,143,147,108,155,90,52",,"10,7,8"
gnnexplainer,160689,3,0.9435014580012648,0.812003311085391,0.6542087495326996,0.9393939393939394,0.07901322841644287,0.793283574283123,0.7515151515151515,"114,2,142,154,147,111,52,90,143,149",,"10,7,8"
gnnexplainer,160689,4,0.9353158889989572,0.8119570532908256,0.7944144401699305,0.9393939393939394,0.07901328802108765,0.7932835146784782,0.7515151515151515,"2,114,142,154,155,52,147,149,143,108",,"10,7,8"
gnnexplainer,160689,5,0.9472451609999553,0.8120007441220878,0.7514195404946804,0.9393939393939394,0.07901328802108765,0.7932835146784782,0.7515151515151515,"114,2,142,154,147,149,143,90,108,52",,"10,7,8"
gnnexplainer,160689,6,0.9097085970006447,0.8120067397100001,0.7100682109594345,0.9393939393939394,0.07901328802108765,0.7932835146784782,0.7515151515151515,"2,114,142,149,154,52,108,147,155,90",,"10,7,8"
gnnexplainer,160689,7,0.9162626410015946,0.8119924993079621,0.7590453028678894,0.9393939393939394,0.07901328802108765,0.7932835146784782,0.7515151515151515,"114,2,142,154,149,90,147,143,52,155",,"10,8,7"
gnnexplainer,160689,8,0.9440583340001467,0.8120067397088633,0.7100682109594345,0.9393939393939394,0.07901328802108765,0.7932835146784782,0.7515151515151515,"114,2,142,149,154,52,147,90,155,108",,"10,7,8"
gnnexplainer,160689,9,0.9141750290000346,0.8119995834185829,0.7031228989362717,0.9393939393939394,0.07901328802108765,0.7932835146784782,0.7515151515151515,"114,2,142,154,90,149,51,52,155,143",,"10,7,8"
gnnexplainer,154039,0,0.9333779669996147,0.5701369001735657,0.5647810408845544,0.9393939393939394,0.3304176479578018,0.543508630245924,0.7575757575757576,"155,51,114,147,90,143,145,52,2,142",,"10,6,11"
gnnexplainer,154039,1,0.9536410780001461,0.5701369001735657,0.5647810408845544,0.9393939393939394,0.3304177522659302,0.5435086898505688,0.7575757575757576,"51,114,90,143,147,155,2,52,145,142",,"10,11,6"
gnnexplainer,154039,2,0.9885015139989264,0.5701369597782104,0.5647811004891992,0.9393939393939394,0.3304177075624466,0.5435087028890848,0.7575757575757576,"114,51,90,143,155,147,145,2,52,142",,"10,11,6"
gnnexplainer,154039,3,0.979380205999405,0.5701369001735657,0.5647810408845544,0.9393939393939394,0.05921196937561035,0.5696700518601574,0.7575757575757576,"114,51,147,90,143,155,2,145,52,142",,"10,11,8"
gnnexplainer,154039,4,0.9849543890013592,0.5701369001735657,0.5647810408845544,0.9393939393939394,0.3304176777601242,0.543508630245924,0.7575757575757576,"143,90,51,155,147,114,2,145,52,142",,"10,11,6"
gnnexplainer,154039,5,0.9309524799991777,0.5701368405689209,0.5647809812799096,0.9393939393939394,0.33041755855083466,0.543508505448699,0.7575757575757576,"51,114,90,147,155,143,2,145,52,142",,"10,11,6"
gnnexplainer,154039,6,0.9311229800005094,0.5701369597782104,0.5647811004891992,0.9393939393939394,0.3304177075624466,0.5435086898505688,0.7575757575757576,"51,147,114,143,90,155,2,145,52,142",,"10,11,6"
gnnexplainer,154039,7,0.8960095399997954,0.5701369597782104,0.5647811004891992,0.9393939393939394,0.05921202898025513,0.5696701114648022,0.7575757575757576,"114,51,143,90,155,147,2,52,145,142",,"10,11,8"
gnnexplainer,154039,8,0.927082980000705,0.5701369597782104,0.5647811004891992,0.9393939393939394,0.33041778206825256,0.5435087028890848,0.7575757575757576,"90,51,147,155,143,114,2,145,52,142",,"10,11,6"
gnnexplainer,154039,9,0.9047187420001137,0.5701369597782104,0.5647811004891992,0.9393939393939394,0.0592120885848999,0.569670171069447,0.7575757575757576,"114,51,90,143,147,155,145,2,142,52",,"10,11,8"
gnnexplainer,201916,0,0.9018601909992867,0.9168020432830417,0.7995829880237579,0.9393939393939394,0.8915477301925421,0.916442357993219,0.7575757575757576,"83,85,84,138,135,51,99,91,19,48",,"6,10,11"
gnnexplainer,201916,1,0.9200392260008812,0.9168036062935698,0.8652384169399738,0.9393939393939394,0.8915477301925421,0.916442357993219,0.7575757575757576,"83,85,138,135,84,99,51,91,19,102",,"6,10,11"
gnnexplainer,201916,2,0.9138073579997581,0.916803092620512,0.9016102580353618,0.9393939393939394,0.8915477301925421,0.916442357993219,0.7575757575757576,"83,85,91,84,99,135,138,133,134,51",,"6,10,11"
gnnexplainer,201916,3,0.9189137920002395,0.9167998943526072,0.8586580567061901,0.9393939393939394,0.8915477301925421,0.9164423578185961,0.7575757575757576,"83,85,135,138,91,84,99,88,102,19",,"6,10,11"
gnnexplainer,201916,4,0.8959008550009457,0.9168033225134877,0.8807288482785225,0.9393939393939394,0.8915477301925421,0.916442357993219,0.7575757575757576,"83,138,135,85,84,99,91,19,133,51",,"6,10,11"
gnnexplainer,201916,5,0.9626503139988927,0.9167996277305974,0.730982169508934,0.9393939393939394,0.8915477301925421,0.916442357993219,0.7575757575757576,"83,85,135,138,99,84,91,19,134,102",,"6,10,11"
gnnexplainer,201916,6,0.9025031700002728,0.9167960281047272,0.5673221349716187,0.9393939393939394,0.8915477301925421,0.916442357993219,0.7575757575757576,"83,85,135,91,84,138,48,19,99,133",,"6,10,11"
gnnexplainer,201916,7,0.9001246810003067,0.9167988485933165,0.9031204106286168,0.9393939393939394,0.8915477301925421,0.916442357993219,0.7575757575757576,"83,85,84,138,135,51,134,91,133,19",,"6,10,11"
gnnexplainer,201916,8,0.8868586869994033,0.91680293820923,0.8736759126186371,0.9393939393939394,0.8915477301925421,0.916442357993219,0.7575757575757576,"85,83,138,84,91,135,99,19,86,51",,"6,10,11"
gnnexplainer,201916,9,0.8773706010015303,0.9168024644654906,0.8720001056790352,0.9393939393939394,0.8915477301925421,0.9164423581387382,0.7575757575757576,"83,85,135,138,84,99,134,51,91,19",,"6,10,11"
gnnexplainer,174769,0,0.8855555089994596,0.9522819774783784,0.21339958906173706,0.9393939393939394,0.8230310380458832,0.9403396043926477,0.7515151515151515,"115,90,147,155,109,146,51,150,91,85",,"6,10,8"
gnnexplainer,174769,1,0.8796656419999636,0.9522782382246078,0.36320507526397705,0.9393939393939394,0.8230310082435608,0.9403396043926477,0.7515151515151515,"115,147,90,109,155,51,150,91,85,20",,"6,8,10"
gnnexplainer,174769,2,0.8829164299986587,0.95228353055154,0.26297152042388916,0.9393939393939394,0.8230310082435608,0.9403396043926477,0.7515151515151515,"115,109,147,155,90,91,150,51,143,62",,"6,10,8"
gnnexplainer,174769,3,0.878057551000893,0.9522709779103025,0.3415061831474304,0.9393939393939394,0.8230310380458832,0.9403396043926477,0.7515151515151515,"115,147,155,90,109,91,51,143,150,85",,"6,10,8"
gnnexplainer,174769,4,0.8777454650007712,0.9520999010273954,0.739096462726593,0.9393939393939394,0.8230310380458832,0.9403396043926477,0.7515151515151515,"115,147,90,155,109,91,51,146,110,150",,"6,10,8"
gnnexplainer,174769,5,0.879440248998435,0.952281223697355,0.27293169498443604,0.9393939393939394,0.8230310082435608,0.9403396043926477,0.7515151515151515,"115,147,90,109,155,146,91,150,51,143",,"6,10,8"
gnnexplainer,174769,6,0.8759083730001294,0.9520999010273954,0.7390964776277542,0.9393939393939394,0.8230310380458832,0.9403396043926477,0.7515151515151515,"115,147,90,109,155,91,146,150,51,110",,"6,10,8"
gnnexplainer,174769,7,0.8773944250006025,0.9522819774783784,0.21339958906173706,0.9393939393939394,0.8230310082435608,0.9403396043926477,0.7515151515151515,"115,155,147,90,109,51,91,85,146,150",,"6,10,8"
gnnexplainer,174769,8,0.8792759799998748,0.9522819774783784,0.21339958906173706,0.9393939393939394,0.8230310082435608,0.9403396043926477,0.7515151515151515,"115,90,147,109,155,51,146,91,85,150",,"6,10,8"
gnnexplainer,174769,9,0.8775416819989914,0.9522784289129049,0.249609112739563,0.9393939393939394,0.8230310082435608,0.9403396043926477,0.7515151515151515,"115,147,109,90,155,146,51,150,91,11",,"6,10,8"
gnnexplainer,156014,0,0.8819746910012327,0.6998948902533613,0.15694105625152588,0.9393939393939394,0.5963921844959259,0.29939860105514526,0.7515151515151515,"90,147,155,142,114,51,143,52,2,144",,"10,3,6"
gnnexplainer,156014,1,0.8752460790001351,0.6998948902533613,0.1569409966468811,0.9393939393939394,0.5963921844959259,0.29939860105514526,0.7515151515151515,"90,147,51,155,142,114,143,52,2,144",,"10,3,6"
gnnexplainer,156014,2,0.9154710439997871,0.6998950690672956,0.1569412350654602,0.9393939393939394,0.5963921844959259,0.29939860105514526,0.7515151515151515,"90,147,114,155,51,143,142,52,2,144",,"10,3,6"
gnnexplainer,156014,3,0.8865722080008709,0.6998950094626508,0.15694117546081543,0.9393939393939394,0.5963920652866364,0.2993987202644348,0.7515151515151515,"90,147,114,142,155,143,51,52,2,144",,"10,3,6"
gnnexplainer,156014,4,0.864336551998349,0.699894949858006,0.15694111585617065,0.9393939393939394,0.5691328197717667,0.028851568698883057,0.7515151515151515,"90,147,142,155,114,51,143,52,2,144",,"10,3,7"
gnnexplainer,156014,5,0.8699181289994158,0.6998950094626508,0.15694111585617065,0.9393939393939394,0.5963921844959259,0.29939860105514526,0.7515151515151515,"90,147,142,143,51,155,114,52,2,144",,"10,3,6"
gnnexplainer,156014,6,0.8742250510003942,0.699895183369506,0.31259363889694214,0.9393939393939394,0.550054594874382,0.14183086156845093,0.7515151515151515,"90,147,155,142,51,114,143,52,2,145",,"10,3,8"
gnnexplainer,156014,7,0.8737842520004051,0.6998950094626508,0.15694117546081543,0.9393939393939394,0.5500546842813492,0.14183080196380615,0.7515151515151515,"90,147,114,142,155,51,143,52,2,144",,"10,3,8"
gnnexplainer,156014,8,0.8719762950004224,0.6998872143367407,0.07318466901779175,0.9393939393939394,0.5500546991825104,0.14183080196380615,0.7515151515151515,"90,147,155,142,51,114,143,52,112,144",,"10,3,8"
gnnexplainer,156014,9,0.8706084650002595,0.6998948902533613,0.1569409966468811,0.9393939393939394,0.550054743885994,0.14183074235916138,0.7515151515151515,"147,90,142,114,51,155,143,52,144,2",,"10,3,8"
gnnexplainer,153009,0,0.9769739660005143,0.72852230258286,0.7297018940080306,0.9393939393939394,0.3177398145198822,0.20678621530532837,0.7515151515151515,"90,147,2,51,148,145,146,143,150,114",,"10,6,7"
gnnexplainer,153009,1,0.9476503529986076,0.7062926851212978,0.7297404780838406,0.9393939393939394,0.3177398145198822,0.20678621530532837,0.7515151515151515,"90,147,2,51,148,145,146,143,114,136",,"10,6,7"
gnnexplainer,153009,2,0.9563673499997094,0.7285223621875048,0.7297019536126754,0.9393939393939394,0.3177397549152374,0.20678609609603882,0.7515151515151515,"90,147,2,51,148,145,146,143,150,114",,"10,6,7"
gnnexplainer,153009,3,0.9371757230001094,0.7287849010899663,0.7296661140062497,0.9393939393939394,0.31773969531059265,0.20678603649139404,0.7515151515151515,"90,147,2,51,148,145,146,143,150,52",,"10,6,7"
gnnexplainer,153009,4,0.9224533420001535,0.6948875598609447,0.7296704908658285,0.9393939393939394,0.3177397549152374,0.20678609609603882,0.7515151515151515,"90,147,2,148,51,145,146,143,136,150",,"10,6,7"
gnnexplainer,153009,5,0.8892546179995406,0.7287849602289498,0.7296661736108945,0.9393939393939394,0.31773969531059265,0.20678603649139404,0.7515151515151515,"90,147,2,51,148,145,146,143,150,52",,"10,6,7"
gnnexplainer,153009,6,0.9121240660006151,0.6948876194655895,0.7296705504704732,0.9393939393939394,0.3177397549152374,0.20678609609603882,0.7515151515151515,"90,147,2,148,51,145,143,146,136,150",,"10,6,7"
gnnexplainer,153009,7,0.9618072810008016,0.7287849602289498,0.7296661736108945,0.9393939393939394,0.3177398443222046,0.20678609609603882,0.7515151515151515,"90,147,2,51,148,145,146,143,150,52",,"10,6,7"
gnnexplainer,153009,8,0.942907312000898,0.6948875598609447,0.7296704908658285,0.9393939393939394,0.3177397847175598,0.20678621530532837,0.7515151515151515,"90,147,2,51,148,145,146,143,136,150",,"10,6,7"
gnnexplainer,153009,9,0.8885358980005549,0.6948875412344933,0.7296704908658285,0.9393939393939394,0.3177397549152374,0.2067861557006836,0.7515151515151515,"90,147,2,148,145,51,146,143,150,136",,"10,6,7"
gnnexplainer,138359,0,0.8884408489993803,0.13217812776565552,0.9995108476286987,0.9393939393939394,0.2933465838432312,0.9996224423666717,0.7515151515151515,"148,2,155,90,149,147,99,114,102,100",,"10,0,6"
gnnexplainer,138359,1,0.8891634070005239,0.07858246564865112,0.9995780209865188,0.9393939393939394,0.2933465242385864,0.9996224423666717,0.7515151515151515,"148,2,155,90,149,147,100,114,99,136",,"10,6,0"
gnnexplainer,138359,2,0.8901200240015896,0.23419272899627686,0.9996744540694635,0.9393939393939394,0.2933465838432312,0.9996224423666717,0.7515151515151515,"148,2,90,155,149,147,114,143,100,136",,"10,0,6"
gnnexplainer,138359,3,0.8957883940001921,0.23419272899627686,0.9996744540694635,0.9393939393939394,0.2933465242385864,0.9996224424539832,0.7515151515151515,"148,2,155,90,149,147,114,100,143,136",,"10,0,6"
gnnexplainer,138359,4,0.9277760719996877,0.23419272899627686,0.9996744540294458,0.9393939393939394,0.2933465242385864,0.9996224423666717,0.7515151515151515,"148,2,155,90,149,147,100,114,143,136",,"10,0,6"
gnnexplainer,138359,5,0.8902332669986208,0.23419272899627686,0.9996744540694635,0.9393939393939394,0.2933465242385864,0.9996224423666717,0.7515151515151515,"148,2,155,90,149,147,114,143,100,136",,"10,6,0"
gnnexplainer,138359,6,0.8940281870000035,0.33565229177474976,0.9996009883689112,0.9393939393939394,0.2933465242385864,0.9996224423666717,0.7515151515151515,"148,2,155,90,149,114,143,147,100,99",,"10,6,0"
gnnexplainer,138359,7,0.9064052720004838,0.06894659996032715,0.9996390455853543,0.9393939393939394,0.2933465242385864,0.9996224423666717,0.7515151515151515,"148,2,155,90,149,114,147,100,136,102",,"10,0,6"
gnnexplainer,138359,8,0.917655007000576,0.13217824697494507,0.9995108476286987,0.9393939393939394,0.2933465242385864,0.9996224423666717,0.7515151515151515,"148,2,155,90,149,100,147,114,99,102",,"10,0,6"
gnnexplainer,138359,9,0.8942737480010692,0.23419266939163208,0.9996744540694635,0.9393939393939394,0.2933465242385864,0.9996224423666717,0.7515151515151515,"148,2,155,90,149,143,147,114,100,136",,"10,6,0"
gnnexplainer,152136,0,0.8906409029987117,0.0036374926567077637,0.9881191117342496,0.9393939393939394,0.004133701324462891,0.5975900590419769,0.7515151515151515,"147,148,90,145,2,146,136,143,144,112",,"10,6,7"
gnnexplainer,152136,1,0.8848521969994181,0.04994720220565796,0.9881111336071626,0.9393939393939394,0.004133701324462891,0.5975900590419769,0.7515151515151515,"147,90,148,145,2,146,136,143,149,144",,"10,6,7"
gnnexplainer,152136,2,0.8861564069993619,0.0036374926567077637,0.9881191117342496,0.9393939393939394,0.004133701324462891,0.5975900590419769,0.7515151515151515,"147,148,90,145,2,146,136,143,112,144",,"10,6,7"
gnnexplainer,152136,3,0.8963542870005767,0.0036376118659973145,0.9881191117342496,0.9393939393939394,0.004133701324462891,0.5975900590419769,0.7515151515151515,"147,148,90,145,146,2,136,143,144,112",,"10,6,7"
gnnexplainer,152136,4,0.9069071239991899,0.0036374926567077637,0.9881191117342496,0.9393939393939394,0.004133701324462891,0.5975900590419769,0.7515151515151515,"147,148,90,145,146,2,143,136,144,112",,"10,6,7"
gnnexplainer,152136,5,0.9312038230000326,0.0036376118659973145,0.9881191117342496,0.9393939393939394,0.004133701324462891,0.5975900590419769,0.7515151515151515,"147,148,90,145,2,146,136,143,144,112",,"10,6,7"
gnnexplainer,152136,6,0.9065302150011121,0.0036374926567077637,0.9881191117342496,0.9393939393939394,0.004133701324462891,0.5975900590419769,0.7515151515151515,"147,148,90,145,146,2,136,143,144,112",,"10,6,7"
gnnexplainer,152136,7,0.9069224930008204,0.0036376118659973145,0.9881191117342496,0.9393939393939394,0.004133701324462891,0.5975900590419769,0.7515151515151515,"147,148,90,145,2,146,136,143,112,144",,"10,6,7"
gnnexplainer,152136,8,0.899656411000251,0.0036376118659973145,0.9881191117342496,0.9393939393939394,0.004133701324462891,0.5975900590419769,0.7515151515151515,"147,148,90,145,146,2,136,143,144,112",,"10,6,7"
gnnexplainer,152136,9,0.9240436899999622,0.0036374926567077637,0.9881191117342496,0.9393939393939394,0.004133701324462891,0.5975901484489441,0.7515151515151515,"147,148,90,145,146,2,136,143,144,112",,"10,6,7"
gnnexplainer,137831,0,0.9762722079995001,0.109974205493927,0.999562104101642,0.9393939393939394,0.27744054794311523,0.9996563938693726,0.7515151515151515,"148,2,155,90,149,114,147,99,102,100",,"10,0,6"
gnnexplainer,137831,1,0.8961585690012726,0.109974205493927,0.999562104101642,0.9393939393939394,0.27744048833847046,0.9996563938693726,0.7515151515151515,"148,2,155,90,149,114,147,100,99,102",,"10,6,0"
gnnexplainer,137831,2,0.9090579249987059,0.43324780464172363,0.9996732468134724,0.9393939393939394,0.27744054794311523,0.9996563938693726,0.7515151515151515,"148,2,90,155,149,147,114,143,100,88",,"10,0,6"
gnnexplainer,137831,3,0.9254577570009133,0.109974205493927,0.999562104101642,0.9393939393939394,0.27744054794311523,0.9996563938693726,0.7515151515151515,"148,2,155,90,149,114,147,100,99,102",,"10,0,6"
gnnexplainer,137831,4,0.9497228260006523,0.10569137334823608,0.99965785376844,0.9393939393939394,0.27744048833847046,0.9996563938693726,0.7515151515151515,"148,2,155,90,149,147,114,100,136,88",,"10,0,6"
gnnexplainer,137831,5,0.9223001540012774,0.20699280500411987,0.9997118037390464,0.9393939393939394,0.27744060754776,0.9996563938693726,0.7515151515151515,"148,2,155,90,149,147,114,100,143,136",,"10,0,6"
gnnexplainer,137831,6,0.929866229000254,0.293556809425354,0.9996472435450414,0.9393939393939394,0.27744048833847046,0.9996563938693726,0.7515151515151515,"148,2,155,90,149,114,147,143,100,99",,"10,6,0"
gnnexplainer,137831,7,0.9235531889989943,0.059025347232818604,0.9996773453967762,0.9393939393939394,0.27744054794311523,0.9996563938693726,0.7515151515151515,"148,2,155,90,149,114,147,102,100,136",,"10,0,6"
gnnexplainer,137831,8,0.9740570650010341,0.109974205493927,0.999562104101642,0.9393939393939394,0.27744054794311523,0.9996563938693726,0.7515151515151515,"148,2,155,90,149,114,100,147,99,102",,"10,0,6"
gnnexplainer,137831,9,0.9577664879998338,0.20699280500411987,0.9997118037390464,0.9393939393939394,0.27744060754776,0.9996563938693726,0.7515151515151515,"148,2,155,90,149,114,147,100,143,136",,"10,0,6"
gnnexplainer,150802,0,0.9520273260004615,0.775001583431731,0.7747661249886733,0.9393939393939394,0.031559884548187256,0.7636702293530107,0.7575757575757576,"90,52,2,51,79,163,145,114,80,143",,"10,11,6"
gnnexplainer,150802,1,0.9457132829993498,0.7749965329148836,0.7748829365882557,0.9393939393939394,0.03155982494354248,0.763670165091753,0.7575757575757576,"90,2,51,52,163,79,145,80,155,143",,"10,11,6"
gnnexplainer,150802,2,0.9626726160004182,0.7750115042827019,0.7745532591070514,0.9393939393939394,0.03155982494354248,0.7636701697483659,0.7575757575757576,"90,2,114,51,52,80,79,163,145,155",,"10,11,6"
gnnexplainer,150802,3,0.9426840810010617,0.775001583431731,0.7747661249886733,0.9393939393939394,0.03155982494354248,0.7636701697483659,0.7575757575757576,"90,2,51,80,52,79,114,163,143,145",,"10,11,6"
gnnexplainer,150802,4,0.9295274330015673,0.7749965329148836,0.7748829365882557,0.9393939393939394,0.03155982494354248,0.7636701753363013,0.7575757575757576,"90,51,2,145,163,52,80,79,143,155",,"10,11,6"
gnnexplainer,150802,5,0.9353345340005035,0.775001583431731,0.7747661249886733,0.9393939393939394,0.435241162776947,0.7720149841625243,0.7575757575757576,"90,2,52,80,51,163,79,114,145,143",,"10,11,5"
gnnexplainer,150802,6,0.9227418249993207,0.7750202941790576,0.7733962013153359,0.9393939393939394,0.435241162776947,0.7720149841625243,0.7575757575757576,"90,79,51,145,52,80,2,143,147,155",,"10,11,5"
gnnexplainer,150802,7,0.959754724000959,0.7750016430545656,0.774766184593318,0.9393939393939394,0.03155982494354248,0.7636701697483659,0.7575757575757576,"90,51,52,80,2,163,145,79,114,143",,"10,11,6"
gnnexplainer,150802,8,1.0300537120001536,0.7749965329148836,0.7748829365882557,0.9393939393939394,0.03155982494354248,0.7636701697483659,0.7575757575757576,"90,51,2,52,145,79,80,155,163,143",,"10,11,6"
gnnexplainer,150802,9,0.9458431980001478,0.7750124249196233,0.7746339947916567,0.9393939393939394,0.03155982494354248,0.7636701697483659,0.7575757575757576,"90,52,51,145,2,163,114,80,79,162",,"10,11,6"
gnnexplainer,141885,0,1.0357828060004977,0.5318638309811377,0.5318216870109609,0.9393939393939394,0.42866605520248413,0.5318647909111149,0.7575757575757576,"155,147,90,145,143,91,51,146,52,62",,"10,6,11"
gnnexplainer,141885,1,0.9882357939986832,0.5318647463880666,0.531789245789696,0.9393939393939394,0.42866599559783936,0.531864850515916,0.7575757575757576,"155,147,90,145,51,143,91,52,146,79",,"10,6,11"
gnnexplainer,141885,2,1.0894319729995914,0.5318638905857824,0.5318217466156057,0.9393939393939394,0.42866605520248413,0.531864850515916,0.7575757575757576,"155,147,90,143,145,51,91,146,52,62",,"10,6,11"
gnnexplainer,141885,3,1.086311630999262,0.5318638309811377,0.5318216870109609,0.9393939393939394,0.42866605520248413,0.5318647909112713,0.7575757575757576,"155,147,90,145,143,91,146,51,52,62",,"10,6,11"
gnnexplainer,141885,4,0.9474532019994513,0.5318638309811377,0.5318216870109609,0.9393939393939394,0.42866605520248413,0.5318647909111149,0.7575757575757576,"155,147,145,90,143,146,91,51,52,62",,"10,6,11"
gnnexplainer,141885,5,0.9751725320002151,0.5318638309811377,0.5318216870109609,0.9393939393939394,0.42866605520248413,0.5318647909112713,0.7575757575757576,"155,147,90,145,91,143,146,51,52,62",,"10,6,11"
gnnexplainer,141885,6,0.9576817899996968,0.5318646867834218,0.5317891861850512,0.9393939393939394,0.4286661148071289,0.5318647909111149,0.7575757575757576,"155,147,90,143,145,91,51,146,52,79",,"10,6,11"
gnnexplainer,141885,7,0.9222070389987493,0.5318637713764929,0.5318216273662983,0.9393939393939394,0.42866599559783936,0.531864850515916,0.7575757575757576,"155,147,90,145,143,51,52,91,146,62",,"10,6,11"
gnnexplainer,141885,8,0.9466708619984274,0.5318638309811377,0.5318216869709431,0.9393939393939394,0.42866599559783936,0.5318649101205608,0.7575757575757576,"155,147,90,145,91,143,146,51,52,62",,"10,6,11"
gnnexplainer,141885,9,1.0816527570004837,0.5318646287993829,0.5318113103894575,0.9393939393939394,0.42866599559783936,0.5318648505157597,0.7575757575757576,"155,147,143,145,90,51,146,91,52,80",,"10,6,11"
gnnexplainer,202292,0,1.130463403000249,0.8934230695096517,0.5293960273265839,0.9393939393939394,0.826222263276577,0.8934093317748193,0.7575757575757576,"83,138,85,48,91,99,19,61,135,84",,"6,10,11"
gnnexplainer,202292,1,1.0143935109990707,0.8934230695096517,0.5293960273265839,0.9393939393939394,0.8915228607365862,0.8928486348013394,0.7575757575757576,"138,83,85,91,99,48,19,61,135,84",,"6,10,9"
gnnexplainer,202292,2,1.0465409590015042,0.893422060288799,0.4646385610103607,0.9393939393939394,0.8915228598052636,0.8928486348013394,0.7575757575757576,"91,99,83,138,85,135,48,61,19,20",,"6,10,9"
gnnexplainer,202292,3,0.9027318400003423,0.8934225896250041,0.8399915397167206,0.9393939393939394,0.826222263276577,0.8934093317748193,0.7575757575757576,"83,138,91,85,61,19,48,99,84,155",,"6,10,11"
gnnexplainer,202292,4,0.8900383910004166,0.8934230695096517,0.5293960273265839,0.9393939393939394,0.826222263276577,0.8934093317748193,0.7575757575757576,"83,138,91,48,99,19,85,135,61,84",,"6,10,11"
gnnexplainer,202292,5,0.9064940979988023,0.8934233110919081,0.4735981523990631,0.9393939393939394,0.8915228607365862,0.8928486348013394,0.7575757575757576,"83,91,138,99,85,19,48,84,135,102",,"6,10,9"
gnnexplainer,202292,6,0.8895243750012014,0.8934230695096517,0.5293960273265839,0.9393939393939394,0.826222263276577,0.8934093317748193,0.7575757575757576,"91,48,138,83,85,19,99,135,84,61",,"6,10,11"
gnnexplainer,202292,7,0.9116264209988003,0.8934230695096517,0.5293960273265839,0.9393939393939394,0.8915228607365862,0.8928486348013394,0.7575757575757576,"138,83,85,91,48,19,99,84,61,135",,"6,10,9"
gnnexplainer,202292,8,0.9016788609987998,0.8934226856737837,0.6106716394424438,0.9393939393939394,0.8915228607365862,0.8928486348013394,0.7575757575757576,"138,91,83,99,85,19,84,135,61,86",,"6,10,9"
gnnexplainer,202292,9,0.9509986430002755,0.8934227293208323,0.5188931822776794,0.9393939393939394,0.8915228607365862,0.8928486348013394,0.7575757575757576,"83,138,85,91,48,99,19,134,61,135",,"6,10,9"
gnnexplainer,169364,0,0.919617534000281,0.9598064047377193,0.9597451653826283,0.9393939393939394,0.9330685902386904,0.9597177637988352,0.7515151515151515,"2,90,155,143,114,51,148,147,52,149",,"10,6,0"
gnnexplainer,169364,1,0.9165726640003413,0.9598064047377193,0.959745165448112,0.9393939393939394,0.9330685902386904,0.9597177637042478,0.7515151515151515,"2,90,155,143,114,148,51,149,52,147",,"10,6,0"
gnnexplainer,169364,2,0.9156737049997901,0.9598064047327171,0.959745165448112,0.9393939393939394,0.9330685902386904,0.9597177637042478,0.7515151515151515,"2,90,155,143,114,51,148,147,52,149",,"10,6,0"
gnnexplainer,169364,3,0.8974345869992248,0.9598064047377193,0.959745165448112,0.9393939393939394,0.9330685902386904,0.9597177637042478,0.7515151515151515,"2,90,155,143,114,51,148,149,147,52",,"10,6,0"
gnnexplainer,169364,4,0.9175289499999053,0.9598064047377193,0.959745165448112,0.9393939393939394,0.9330686181783676,0.9597177637042478,0.7515151515151515,"2,90,155,143,114,51,148,147,52,149",,"10,6,0"
gnnexplainer,169364,5,0.9222469970009115,0.9598064047377193,0.9597451653826283,0.9393939393939394,0.9330686032772064,0.9597177637042478,0.7515151515151515,"2,90,155,143,114,148,51,149,147,52",,"10,6,0"
gnnexplainer,169364,6,0.9354670739994617,0.9598065239470088,0.9597452846574015,0.9393939393939394,0.9330686032772064,0.9597177637042478,0.7515151515151515,"2,90,155,143,114,148,51,149,52,147",,"10,6,0"
gnnexplainer,169364,7,0.9003029460000107,0.9598064047377193,0.959745165448112,0.9393939393939394,0.9330686032772064,0.9597177637042478,0.7515151515151515,"2,90,155,143,114,148,51,52,147,149",,"10,6,0"
gnnexplainer,169364,8,0.9333478009993996,0.9598064047377193,0.959745165448112,0.9393939393939394,0.9330685902386904,0.9597177637988352,0.7515151515151515,"2,90,155,143,114,149,51,148,52,147",,"10,6,0"
gnnexplainer,169364,9,0.9176336869986699,0.9598064047377193,0.9597451653826283,0.9393939393939394,0.9330686032772064,0.9597177637042478,0.7515151515151515,"2,90,155,143,114,51,148,149,52,147",,"10,6,0"
gnnexplainer,143000,0,0.9077920470008394,0.6537381410598755,0.7148329326882958,0.9393939393939394,0.5018665641546249,0.23175135254859924,0.7515151515151515,"149,145,146,80,79,90,148,91,2,147",,"10,6,5"
gnnexplainer,143000,1,0.9150439819986786,0.653738260269165,0.7148330518975854,0.9393939393939394,0.5018665045499802,0.2317512333393097,0.7515151515151515,"149,145,146,90,80,79,2,91,148,147",,"10,6,5"
gnnexplainer,143000,2,0.8941415500012226,0.6537382006645203,0.7148329922929406,0.9393939393939394,0.5018665641546249,0.23175129294395447,0.7515151515151515,"149,145,146,80,90,79,2,91,148,147",,"10,6,5"
gnnexplainer,143000,3,0.9006006449999404,0.6537382006645203,0.7148329922929406,0.9393939393939394,0.5018665194511414,0.23175135254859924,0.7515151515151515,"149,145,146,80,79,90,148,2,91,147",,"10,6,5"
gnnexplainer,143000,4,0.9130110120004247,0.6537381708621979,0.7148329934570938,0.9393939393939394,0.5018666237592697,0.23175141215324402,0.7515151515151515,"149,145,146,80,90,79,2,91,148,147",,"10,6,5"
gnnexplainer,143000,5,0.9070148560003872,0.6537381112575531,0.7148329326882958,0.9393939393939394,0.5018666237592697,0.23175135254859924,0.7515151515151515,"149,145,146,80,90,79,91,2,148,147",,"10,6,5"
gnnexplainer,143000,6,0.9086815880000358,0.6537381485104561,0.7148329922929406,0.9393939393939394,0.5018664598464966,0.23175129294395447,0.7515151515151515,"149,145,146,80,79,90,148,2,91,147",,"10,6,5"
gnnexplainer,143000,7,0.9195777389995783,0.6537382006645203,0.7148329922929406,0.9393939393939394,0.5018664598464966,0.23175129294395447,0.7515151515151515,"149,145,146,80,79,90,148,91,2,147",,"10,6,5"
gnnexplainer,143000,8,0.9133852350005327,0.6537382006645203,0.7148329922929406,0.9393939393939394,0.5018666237592697,0.23175135254859924,0.7515151515151515,"149,145,146,80,79,90,2,91,148,147",,"10,6,5"
gnnexplainer,143000,9,0.9196474100008345,0.6537381708621979,0.7148329934570938,0.9393939393939394,0.5018666237592697,0.23175141215324402,0.7515151515151515,"149,145,146,80,79,90,148,91,2,147",,"10,6,5"
gnnexplainer,156901,0,0.909065689000272,0.47062909603118896,0.9772206037305295,0.9393939393939394,0.5406655073165894,0.0033985376358032227,0.7515151515151515,"147,150,90,51,146,145,143,112,92,148",,"10,6,3"
gnnexplainer,156901,1,0.9145198580008582,0.6112715899944305,0.9680867176502943,0.9393939393939394,0.5406655669212341,0.0033985376358032227,0.7515151515151515,"147,150,90,51,146,145,143,92,148,149",,"10,6,3"
gnnexplainer,156901,2,0.8983049620001111,0.9318454898893833,0.9507896713912487,0.9393939393939394,0.5406655073165894,0.0033985376358032227,0.7515151515151515,"147,150,90,146,51,145,149,92,112,133",,"10,6,3"
gnnexplainer,156901,3,0.8996362739999313,0.9107826575636864,0.9471773505210876,0.9393939393939394,0.5406655967235565,0.0033985376358032227,0.7515151515151515,"147,150,90,51,146,145,143,92,112,149",,"10,6,3"
gnnexplainer,156901,4,0.9016472319999593,0.5370211899280548,0.9787423410452902,0.9393939393939394,0.5406655669212341,0.0033985376358032227,0.7515151515151515,"147,150,90,146,51,145,112,148,80,149",,"10,6,3"
gnnexplainer,156901,5,0.899441677998766,0.4931277930736542,0.9777032667770982,0.9393939393939394,0.5406655967235565,0.0033985376358032227,0.7515151515151515,"147,150,90,51,146,145,149,148,92,112",,"10,6,3"
gnnexplainer,156901,6,0.910838388999764,0.8792971447110176,0.914867490530014,0.9393939393939394,0.5406655669212341,0.0033985376358032227,0.7515151515151515,"147,150,90,51,146,145,143,148,80,142",,"10,6,3"
gnnexplainer,156901,7,0.9051116800001182,0.4235303997993469,0.9787988108582795,0.9393939393939394,0.5406654477119446,0.0033985376358032227,0.7515151515151515,"90,147,150,51,146,145,143,133,112,148",,"10,6,3"
gnnexplainer,156901,8,0.901153314000112,0.32732945680618286,0.9789971504360437,0.9393939393939394,0.5406655967235565,0.0033985376358032227,0.7515151515151515,"147,150,90,51,146,145,143,148,149,112",,"10,6,3"
gnnexplainer,156901,9,0.9074956999993447,0.8569800853729248,0.9004151746630669,0.9393939393939394,0.5406655669212341,0.0033985376358032227,0.7515151515151515,"147,150,90,146,51,145,143,148,142,92",,"10,6,3"
gnnexplainer,170917,0,1.5533238260013604,0.7807774096727371,0.9625125350430608,0.9393939393939394,0.9656332364622813,0.9656323162898843,0.7454545454545455,"1,114,104,83,9,115,69,63,37,140",,"8,0,5"
gnnexplainer,170917,1,1.8845464099995297,0.9177703745663166,0.8306507766246796,0.9393939393939394,0.44408905506134033,0.9656332675613837,0.7454545454545455,"1,64,42,134,61,125,65,139,90,89",,"4,2,8"
gnnexplainer,170917,2,1.643869875000746,0.03351390361785889,0.9656030193418701,0.9393939393939394,0.965633271507935,0.9655799923057202,0.7454545454545455,"1,96,145,157,70,7,78,65,25,143",,"6,0,5"
gnnexplainer,170917,3,0.9847515390010813,0.7479601800441742,0.9456995241343975,0.9393939393939394,0.965627789705195,0.9656269862807676,0.7454545454545455,"1,119,97,80,115,98,11,30,31,10",,"8,0,4"
gnnexplainer,170917,4,0.95036055500168,0.9607360674999654,0.7319616079330444,0.9393939393939394,0.9656331559620313,0.9656262390981283,0.7454545454545455,"1,104,92,90,41,139,8,52,160,111",,"0,2,6"
gnnexplainer,170917,5,0.918711432001146,0.9603023421950638,0.008354246616363525,0.9393939393939394,0.9656331949036954,0.9656071048539161,0.7454545454545455,"1,144,65,85,34,142,68,7,52,55",,"3,0,1"
gnnexplainer,170917,6,0.9347879069991905,0.4090978503227234,0.9642636803910136,0.9393939393939394,0.9654343323636567,0.9656324262258522,0.7454545454545455,"1,153,105,81,132,62,121,72,21,158",,"5,4,3"
gnnexplainer,170917,7,0.9962295629993605,0.7093287408351898,0.9617002536542714,0.9393939393939394,0.9656331949036954,0.9656071049030288,0.7454545454545455,"1,41,99,15,48,101,29,18,52,138",,"0,3,1"
gnnexplainer,170917,8,0.9792371789990284,0.8314160406589508,0.9467789065092802,0.9393939393939394,0.9655844895496557,0.9656332131094914,0.7454545454545455,"1,126,146,89,123,97,140,84,115,76",,"0,8,1"
gnnexplainer,170917,9,0.9415715309987718,0.20926564931869507,0.9633342020679265,0.9393939393939394,0.9656333628983162,0.9655071288725594,0.7454545454545455,"1,68,77,74,27,58,129,42,94,145",,"0,4,6"
gnnexplainer,167298,0,1.00381267100056,0.9795080473122653,0.9794421861879528,0.9393939393939394,0.011426031589508057,0.7842737585306168,0.7575757575757576,"147,155,90,2,143,114,51,148,149,52",,"10,6,11"
gnnexplainer,167298,1,0.9193387199993595,0.9795080473122653,0.9794421861879528,0.9393939393939394,0.011426031589508057,0.7842737585306168,0.7575757575757576,"147,155,90,2,143,148,114,51,52,149",,"10,6,11"
gnnexplainer,167298,2,0.9411762090003322,0.979560711159138,0.9788743052631617,0.9393939393939394,0.011426031589508057,0.7842737585306168,0.7575757575757576,"147,155,90,2,143,148,114,51,52,144",,"10,6,11"
gnnexplainer,167298,3,0.9092784790009318,0.9795080473122653,0.9794421861879528,0.9393939393939394,0.011426031589508057,0.784273773431778,0.7575757575757576,"147,90,155,2,143,114,51,148,52,149",,"10,6,11"
gnnexplainer,167298,4,0.9702485100006015,0.9719793731346726,0.9795763626461849,0.9393939393939394,0.011426031589508057,0.784273773431778,0.7575757575757576,"147,155,90,2,143,148,114,51,144,149",,"10,6,11"
gnnexplainer,167298,5,0.9091361020000477,0.9795607113192091,0.9788743052631617,0.9393939393939394,0.011426031589508057,0.7842738032341003,0.7575757575757576,"147,155,90,2,143,114,148,51,52,144",,"10,6,11"
gnnexplainer,167298,6,0.9139209420009138,0.9795080473122653,0.9794421861879528,0.9393939393939394,0.011426031589508057,0.784273773431778,0.7575757575757576,"147,155,90,2,143,148,114,51,149,52",,"10,6,11"
gnnexplainer,167298,7,0.9218138109990832,0.9795080473122653,0.9794421861879528,0.9393939393939394,0.011426031589508057,0.7842737585306168,0.7575757575757576,"147,155,90,2,143,148,114,51,52,149",,"10,6,11"
gnnexplainer,167298,8,0.9175002470001346,0.9795080473122653,0.9794421861879528,0.9393939393939394,0.011426031589508057,0.7842737585306168,0.7575757575757576,"147,155,90,2,143,148,114,51,52,149",,"10,6,11"
gnnexplainer,167298,9,0.8962403830009862,0.9795080473122653,0.9794421861879528,0.9393939393939394,0.011426031589508057,0.784273773431778,0.7575757575757576,"147,155,90,2,143,148,114,51,52,149",,"10,6,11"
gnnexplainer,143208,0,0.9217441700002382,0.6717469941497711,0.5358291417360306,0.9393939393939394,0.6714654146344401,0.6714210386562627,0.7575757575757576,"83,85,20,102,133,135,99,138,84,139",,"10,6,9"
gnnexplainer,143208,1,0.8748873650001769,0.6717467420430694,0.5993250831961632,0.9393939393939394,0.6714654146344401,0.6714210386562627,0.7575757575757576,"138,99,85,20,83,135,61,133,102,84",,"10,6,9"
gnnexplainer,143208,2,0.8874180179991527,0.671746950724355,0.6001961901783943,0.9393939393939394,0.6658323756419122,0.6717444104413062,0.7575757575757576,"83,99,135,84,85,102,133,91,138,139",,"10,6,11"
gnnexplainer,143208,3,0.8626374700015731,0.6717450728579024,0.6255958080291748,0.9393939393939394,0.6658323756419122,0.6717444104413062,0.7575757575757576,"83,135,102,99,91,133,85,61,20,138",,"10,6,11"
gnnexplainer,143208,4,0.8936721679983748,0.6717469635887028,0.5809053927659988,0.9393939393939394,0.66583237843588,0.6717444104413062,0.7575757575757576,"83,135,138,84,99,102,133,91,85,20",,"10,6,11"
gnnexplainer,143208,5,0.9531961320008122,0.6717450083551739,0.6149078384041786,0.9393939393939394,0.6714654146344401,0.6714210386562627,0.7575757575757576,"102,99,83,135,91,20,134,85,138,133",,"10,6,9"
gnnexplainer,143208,6,0.9007589419998112,0.6717470699347814,0.6001963093876839,0.9393939393939394,0.66583237843588,0.6717444104413062,0.7575757575757576,"135,83,84,138,102,85,91,99,133,139",,"10,6,11"
gnnexplainer,143208,7,0.8856885679997504,0.6717469941497711,0.5358291417360306,0.9393939393939394,0.66583237843588,0.6717444104413062,0.7575757575757576,"135,83,133,102,138,99,85,84,139,20",,"10,6,11"
gnnexplainer,143208,8,0.8729411280000932,0.6717469635887028,0.5809053927659988,0.9393939393939394,0.6658323756419122,0.6717444104413062,0.7575757575757576,"83,133,84,135,85,91,138,99,102,20",,"10,6,11"
gnnexplainer,143208,9,0.8758790280007815,0.6717451759946016,0.56413684040308,0.9393939393939394,0.6714654146344401,0.6714210386562627,0.7575757575757576,"83,135,85,20,84,99,61,138,134,133",,"10,6,9"
gnnexplainer,164192,0,0.908353671000441,0.8938528560101986,0.9147612666711211,0.9393939393939394,0.914792038500309,0.9129627514630556,0.7575757575757576,"90,51,114,99,111,155,102,52,135,1",,"10,7,11"
gnnexplainer,164192,1,0.8854761900001904,0.9150688365043607,0.8806043267250061,0.9393939393939394,0.907519893720746,0.9107821169309318,0.7575757575757576,"90,51,114,111,52,99,155,147,148,1",,"10,11,6"
gnnexplainer,164192,2,0.916838593000648,0.9150688365043607,0.8806043155491352,0.9393939393939394,0.907519893720746,0.9107821169309318,0.7575757575757576,"90,51,114,99,52,111,155,1,148,147",,"10,11,6"
gnnexplainer,164192,3,0.8952371390005283,0.9144562569563277,0.8856236562132835,0.9393939393939394,0.907519893720746,0.9107821169309318,0.7575757575757576,"90,51,114,99,111,155,52,147,1,89",,"10,11,6"
gnnexplainer,164192,4,0.9098267789995589,0.8938528560101986,0.9147612666711211,0.9393939393939394,0.914792038500309,0.9129627514630556,0.7575757575757576,"51,90,114,99,52,111,155,102,135,1",,"10,7,11"
gnnexplainer,164192,5,0.9034997420003492,0.8938528560101986,0.9147612666711211,0.9393939393939394,0.914792038500309,0.9129627514630556,0.7575757575757576,"51,90,114,99,52,155,111,102,1,135",,"10,7,11"
gnnexplainer,164192,6,0.9397618420007348,0.8938528560101986,0.9147612666711211,0.9393939393939394,0.914792038500309,0.9129627514630556,0.7575757575757576,"51,90,99,114,155,52,111,1,135,102",,"10,11,7"
gnnexplainer,164192,7,0.9672278849993745,0.8938528560101986,0.9147612666711211,0.9393939393939394,0.9147920382092707,0.9129627514630556,0.7575757575757576,"51,114,90,99,52,111,155,102,135,1",,"10,7,11"
gnnexplainer,164192,8,0.9416769899999053,0.8938528560101986,0.9147612666711211,0.9393939393939394,0.9147920382092707,0.9129627514630556,0.7575757575757576,"90,51,114,52,155,111,99,1,102,135",,"10,11,7"
gnnexplainer,164192,9,0.952437136998924,0.8938528560101986,0.9147612666711211,0.9393939393939394,0.914792038500309,0.9129627514630556,0.7575757575757576,"90,51,114,111,99,52,155,102,135,1",,"10,7,11"
gnnexplainer,138377,0,0.9000141230008012,0.765548742179817,0.7655242909604567,0.9393939393939394,0.12310457229614258,0.762499502627179,0.7575757575757576,"155,147,90,51,143,162,52,2,114,131",,"10,11,6"
gnnexplainer,138377,1,0.9229420800002117,0.7655254030469223,0.7654586766730063,0.9393939393939394,0.12310463190078735,0.762499502627179,0.7575757575757576,"155,147,90,51,143,162,52,2,114,89",,"10,11,6"
gnnexplainer,138377,2,0.9109472449999885,0.7655254626515671,0.765458736277651,0.9393939393939394,0.12310463190078735,0.7624995042569935,0.7575757575757576,"155,147,90,51,143,162,2,52,114,89",,"10,11,6"
gnnexplainer,138377,3,0.8843199969996931,0.7655486825751723,0.7655242313558119,0.9393939393939394,0.12310457229614258,0.7624995042569935,0.7575757575757576,"155,147,90,51,143,162,52,2,114,131",,"10,11,6"
gnnexplainer,138377,4,0.9390855809997447,0.7655254626515671,0.765458736277651,0.9393939393939394,0.12310463190078735,0.762499502627179,0.7575757575757576,"155,147,90,51,143,162,2,52,89,114",,"10,11,6"
gnnexplainer,138377,5,0.8915807579996908,0.7655254626515671,0.765458736277651,0.9393939393939394,0.12310457229614258,0.762499502627179,0.7575757575757576,"155,147,90,51,143,162,2,52,114,89",,"10,11,6"
gnnexplainer,138377,6,0.8904813330009347,0.7654541537485784,0.7655097531169304,0.9393939393939394,0.1231045126914978,0.7624994430225343,0.7575757575757576,"155,147,90,51,143,162,52,2,114,144",,"10,11,6"
gnnexplainer,138377,7,0.9059173549994739,0.7655254626515671,0.765458736277651,0.9393939393939394,0.12310457229614258,0.762499502627179,0.7575757575757576,"155,147,90,51,143,162,2,52,89,114",,"10,11,6"
gnnexplainer,138377,8,0.8791248659999837,0.7655254030469223,0.7654586766730063,0.9393939393939394,0.12310463190078735,0.762499502627179,0.7575757575757576,"155,147,90,51,143,162,2,52,114,89",,"10,11,6"
gnnexplainer,138377,9,0.8727772010006447,0.7655254626515671,0.765458736277651,0.9393939393939394,0.12310457229614258,0.7624995042569935,0.7575757575757576,"155,147,90,51,143,162,2,52,89,114",,"10,11,6"
gnnexplainer,168076,0,0.8987295599999925,0.9903876678727102,0.990759308282577,0.9393939393939394,0.9346265979111195,0.9895941434660926,0.7515151515151515,"147,155,2,90,148,143,114,51,149,144",,"10,6,0"
gnnexplainer,168076,1,0.8927359690005687,0.9903876678727102,0.9907593083480606,0.9393939393939394,0.9346265830099583,0.9895941434660926,0.7515151515151515,"147,2,90,155,148,143,114,51,144,149",,"10,6,0"
gnnexplainer,168076,2,0.9033878720001667,0.9903876678727102,0.9907593083153188,0.9393939393939394,0.9346265979111195,0.9895941434660926,0.7515151515151515,"147,155,2,90,148,143,114,51,149,144",,"10,6,0"
gnnexplainer,168076,3,1.1031907430005958,0.9903876678727102,0.9907593083153188,0.9393939393939394,0.9346265979111195,0.9895941434660926,0.7515151515151515,"147,155,90,2,148,143,114,51,144,149",,"10,6,0"
gnnexplainer,168076,4,1.0430943840001419,0.9903876678727102,0.9907593083153188,0.9393939393939394,0.9346265979111195,0.9895941434660926,0.7515151515151515,"147,155,90,2,148,143,114,51,144,149",,"10,6,0"
gnnexplainer,168076,5,0.9417073469994648,0.9903876678727102,0.9907593083153188,0.9393939393939394,0.9346265681087971,0.9895941434660926,0.7515151515151515,"147,2,155,90,148,143,114,144,51,149",,"10,6,0"
gnnexplainer,168076,6,1.0287214800009679,0.9903876678727102,0.9907593083480606,0.9393939393939394,0.9346265830099583,0.9895941434660926,0.7515151515151515,"147,155,2,90,148,143,114,144,51,149",,"10,6,0"
gnnexplainer,168076,7,1.0524276489995827,0.9903876678727102,0.990759308282577,0.9393939393939394,0.9346265681087971,0.9895941434660926,0.7515151515151515,"147,155,2,90,148,143,114,51,144,149",,"10,6,0"
gnnexplainer,168076,8,0.9993786700015335,0.9903876678727102,0.9907593083153188,0.9393939393939394,0.9346265979111195,0.9895941434660926,0.7515151515151515,"147,155,2,90,148,143,114,51,149,144",,"10,6,0"
gnnexplainer,168076,9,0.9367130940008792,0.9903876678727102,0.9907593083153188,0.9393939393939394,0.9346265681087971,0.9895941434660926,0.7515151515151515,"147,155,90,2,148,143,114,51,144,149",,"10,6,0"
gnnexplainer,199096,0,0.9097650929998053,0.9783700579806691,0.9492393843829632,0.9393939393939394,0.9022635892033577,0.9783392883764463,0.7575757575757576,"83,157,85,138,48,84,91,19,99,88",,"6,10,11"
gnnexplainer,199096,1,0.9020869480009424,0.9783701109473384,0.8295837640762329,0.9393939393939394,0.9022636711597443,0.9783394075857359,0.7575757575757576,"83,157,138,48,91,85,19,99,84,61",,"6,10,11"
gnnexplainer,199096,2,0.9125783789986599,0.9783701623949526,0.2928089499473572,0.9393939393939394,0.9022635892033577,0.9783392883764463,0.7575757575757576,"91,83,99,157,48,84,85,138,135,61",,"6,10,11"
gnnexplainer,199096,3,0.8833436530003382,0.9783701109473384,0.8295837640762329,0.9393939393939394,0.9022635519504547,0.9783392883764463,0.7575757575757576,"83,157,85,138,91,48,19,84,99,61",,"6,10,11"
gnnexplainer,199096,4,0.8959193800001231,0.9783703725035195,0.3586355447769165,0.9393939393939394,0.9022635892033577,0.9783392883764463,0.7575757575757576,"157,83,138,91,48,19,85,99,84,135",,"6,10,11"
gnnexplainer,199096,5,0.911358076000397,0.9783703725035195,0.3586355447769165,0.9393939393939394,0.06416606903076172,0.9783695098417411,0.7515151515151515,"157,83,91,99,48,85,19,138,84,135",,"6,10,5"
gnnexplainer,199096,6,0.8862058399990929,0.9783703725035195,0.3586355447769165,0.9393939393939394,0.9022635892033577,0.9783392883764463,0.7575757575757576,"157,83,91,48,85,138,84,99,19,135",,"6,10,11"
gnnexplainer,199096,7,0.8882302439997147,0.9783701109473384,0.8295837938785553,0.9393939393939394,0.9022635519504547,0.9783392883764463,0.7575757575757576,"157,83,85,138,84,19,48,91,99,61",,"6,10,11"
gnnexplainer,199096,8,0.8833284850006748,0.9783703725035195,0.3586356043815613,0.9393939393939394,0.9022635892033577,0.9783392883764463,0.7575757575757576,"157,91,83,138,85,19,99,84,135,48",,"6,10,11"
gnnexplainer,199096,9,0.8731106870000076,0.9783703725035195,0.3586355447769165,0.9393939393939394,0.9022635519504547,0.9783392883764463,0.7575757575757576,"157,83,85,48,138,84,91,99,19,135",,"6,10,11"
gnnexplainer,194140,0,0.8945808850003232,0.6314312992617488,0.6384776126556062,0.9393939393939394,0.6104113068431616,0.6384803036001254,0.7454545454545455,"1,5,3,69,34,85,155,15,124,79",,"0,8,2"
gnnexplainer,194140,1,0.8912286270006007,0.6384767991139597,0.6322952061891556,0.9393939393939394,0.6384785409296683,0.6384385075689352,0.7454545454545455,"1,5,3,136,42,138,92,69,126,44",,"0,3,6"
gnnexplainer,194140,2,0.906655000999308,0.6376148101408035,0.638480305636225,0.9393939393939394,0.6384782942500351,0.5589776262640953,0.7454545454545455,"1,5,128,73,108,3,104,153,67,80",,"0,3,4"
gnnexplainer,194140,3,0.9138585939999757,0.6384800599241367,0.6377760572358966,0.9393939393939394,0.6199816446751356,0.6384720940141051,0.7454545454545455,"1,5,136,142,53,52,8,66,44,47",,"0,7,4"
gnnexplainer,194140,4,0.9224357290004264,0.638477731156172,0.638480037992041,0.9393939393939394,0.6383882895024726,0.638480301458686,0.7454545454545455,"1,5,3,142,119,78,77,145,17,112",,"0,8,5"
gnnexplainer,194140,5,0.9007852819995605,0.638480247389456,0.6384800206856767,0.9393939393939394,0.6347734506707639,0.6382578891061712,0.7454545454545455,"1,5,3,136,148,137,128,17,41,42",,"0,4,1"
gnnexplainer,194140,6,0.9041612749988417,0.6372670436976478,0.6384784027100068,0.9393939393939394,0.6367991046281531,0.6383653297743876,0.7454545454545455,"1,5,3,136,69,79,100,153,97,56",,"0,8,4"
gnnexplainer,194140,7,0.9198559420001402,0.6293850969523191,0.6384802869352448,0.9393939393939394,0.6267839726060629,0.6384802998292693,0.7454545454545455,"1,5,106,128,77,152,60,110,114,89",,"0,6,7"
gnnexplainer,194140,8,0.9465800519992627,0.6379213992040604,0.6384803055875269,0.9393939393939394,0.1875426173210144,0.6384803054726791,0.7454545454545455,"1,5,80,43,3,25,8,7,112,19",,"0,8,7"
gnnexplainer,194140,9,0.9306521859998611,0.6244246624410152,0.6384803056292333,0.9393939393939394,0.6347732122521847,0.6382576506875921,0.7454545454545455,"1,5,61,161,98,24,96,118,9,3",,"0,4,1"
gnnexplainer,153891,0,0.9329141670004901,0.9873791163554415,0.9839605484157801,0.9393939393939394,0.09033352136611938,0.9442609809339046,0.7515151515151515,"148,142,87,114,90,155,51,143,149,2",,"10,6,8"
gnnexplainer,153891,1,0.8842207609995967,0.9873791163554415,0.9839605484157801,0.9393939393939394,0.09033340215682983,0.9442609809339046,0.7515151515151515,"148,87,142,51,90,114,143,155,2,149",,"10,6,8"
gnnexplainer,153891,2,0.888006803999815,0.987379116093507,0.9839605484157801,0.9393939393939394,0.09033352136611938,0.9442609809339046,0.7515151515151515,"148,142,87,114,155,90,51,143,149,2",,"10,6,8"
gnnexplainer,153891,3,0.8827797230005672,0.987379116093507,0.9839605484157801,0.9393939393939394,0.09033340215682983,0.9442609809339046,0.7515151515151515,"148,142,87,114,51,155,90,143,149,2",,"10,8,6"
gnnexplainer,153891,4,0.8927739799983101,0.9873791163554415,0.9839605484157801,0.9393939393939394,0.09033352136611938,0.9442609809339046,0.7515151515151515,"148,142,87,51,90,114,155,149,143,2",,"10,8,6"
gnnexplainer,153891,5,0.9271464800003741,0.9772367337718606,0.9845838907640427,0.9393939393939394,0.09033352136611938,0.9442609585821629,0.7515151515151515,"148,142,87,90,51,114,155,143,149,112",,"10,6,8"
gnnexplainer,153891,6,0.8973222959994018,0.987379116093507,0.9839605484157801,0.9393939393939394,0.09033352136611938,0.9442609809339046,0.7515151515151515,"148,87,142,51,114,155,90,143,149,2",,"10,8,6"
gnnexplainer,153891,7,0.880248767998637,0.987379116093507,0.9839605484157801,0.9393939393939394,0.09033352136611938,0.9442609585821629,0.7515151515151515,"148,142,87,90,114,149,155,51,143,2",,"10,8,6"
gnnexplainer,153891,8,0.8933590290016582,0.9772367337718606,0.9845838891342282,0.9393939393939394,0.09033352136611938,0.9442609585821629,0.7515151515151515,"148,142,87,51,114,155,90,149,143,112",,"10,8,6"
gnnexplainer,153891,9,0.887286179999137,0.987379116093507,0.9839605484157801,0.9393939393939394,0.09033340215682983,0.9442609809339046,0.7515151515151515,"148,142,87,90,114,155,51,149,2,143",,"10,8,6"
gnnexplainer,155552,0,0.8774462829987897,0.9967721416123823,0.7154737710952759,0.9393939393939394,0.9918820052407682,0.9958480572677217,0.7575757575757576,"83,135,87,84,102,85,99,91,138,139",,"10,6,11"
gnnexplainer,155552,1,0.890194755000266,0.9967721416123823,0.7154737710952759,0.9393939393939394,0.9918820052407682,0.9958480568020605,0.7575757575757576,"83,87,138,84,135,99,102,91,85,139",,"10,6,11"
gnnexplainer,155552,2,0.8793333280009392,0.9967721416041968,0.7154737412929535,0.9393939393939394,0.9918820052407682,0.9958480568020605,0.7575757575757576,"99,83,91,135,84,102,87,138,139,85",,"10,6,11"
gnnexplainer,155552,3,0.8806383299997833,0.9967721416041968,0.7154737710952759,0.9393939393939394,0.9918820052407682,0.9958480568020605,0.7575757575757576,"83,84,135,85,138,99,87,91,102,139",,"10,6,11"
gnnexplainer,155552,4,0.9584143760002917,0.9967766893528278,0.4793165326118469,0.9393939393939394,0.9918820052407682,0.9958480568020605,0.7575757575757576,"83,135,99,87,84,91,138,102,85,157",,"10,6,11"
gnnexplainer,155552,5,0.8654422390009131,0.9967766893528278,0.4793165326118469,0.9393939393939394,0.996594817523146,0.9874035594984889,0.7575757575757576,"99,102,83,135,87,84,138,91,157,85",,"10,6,9"
gnnexplainer,155552,6,0.8626816230007535,0.9967721416041968,0.7154737710952759,0.9393939393939394,0.9918820052407682,0.9958480568020605,0.7575757575757576,"135,102,99,83,84,138,91,87,85,139",,"10,6,11"
gnnexplainer,155552,7,0.8733037399997556,0.9967721416123823,0.7154737710952759,0.9393939393939394,0.996594817523146,0.9874035594984889,0.7575757575757576,"83,99,87,135,84,102,85,138,91,139",,"10,6,9"
gnnexplainer,155552,8,0.8749884349999775,0.9967721416123823,0.7154737412929535,0.9393939393939394,0.9918820052407682,0.9958480572677217,0.7575757575757576,"83,99,138,85,135,102,84,91,87,139",,"10,6,11"
gnnexplainer,155552,9,0.877568121000877,0.9967721416041968,0.7154737412929535,0.9393939393939394,0.9918820052407682,0.9958480572677217,0.7575757575757576,"83,99,135,102,85,84,87,138,139,91",,"10,6,11"
gnnexplainer,170111,0,0.900081580000915,0.7247912065244009,0.7232866388512775,0.9393939393939394,0.1451171636581421,0.7243452945840545,0.7575757575757576,"2,147,90,163,155,79,145,51,52,114",,"10,11,8"
gnnexplainer,170111,1,0.8839647999993758,0.7247882854294403,0.7232941674301401,0.9393939393939394,0.5280363857746124,0.7158929575234652,0.7575757575757576,"2,163,147,155,79,51,90,52,145,89",,"10,11,5"
gnnexplainer,170111,2,0.8818220040011511,0.7247918104326914,0.7191206384450197,0.9393939393939394,0.5280364453792572,0.7158930171281099,0.7575757575757576,"2,147,155,163,79,51,52,89,90,114",,"10,11,5"
gnnexplainer,170111,3,0.8783828420000646,0.7247924056832176,0.7209725296124816,0.9393939393939394,0.5280364453792572,0.7158930171281099,0.7575757575757576,"2,79,155,147,52,163,51,80,114,90",,"10,11,5"
gnnexplainer,170111,4,0.8809533420007938,0.7247901385219393,0.7241062867688015,0.9393939393939394,0.6203498691320419,0.7246840305670048,0.7575757575757576,"2,163,147,155,52,51,111,145,79,162",,"11,10,0"
gnnexplainer,170111,5,0.8780801630000497,0.7247904262019347,0.723983705684077,0.9393939393939394,0.5280363857746124,0.7158929575234652,0.7575757575757576,"2,147,145,163,155,90,51,79,52,76",,"10,11,5"
gnnexplainer,170111,6,0.8766586630008533,0.7247903665972899,0.7239836460794322,0.9393939393939394,0.5280364453792572,0.7158930171281099,0.7575757575757576,"2,147,90,79,51,155,163,52,145,76",,"10,11,5"
gnnexplainer,170111,7,0.8889324629999464,0.7247923599872479,0.7226167819462717,0.9393939393939394,0.5280364453792572,0.7158930171281099,0.7575757575757576,"2,155,147,163,79,52,80,51,114,162",,"11,10,5"
gnnexplainer,170111,8,0.916149298000164,0.7247912661290457,0.7232866984559223,0.9393939393939394,0.1451171636581421,0.7243452945840545,0.7575757575757576,"2,147,163,145,155,79,51,52,114,90",,"10,11,8"
gnnexplainer,170111,9,0.9020727410006657,0.7247895255677577,0.724144094157964,0.9393939393939394,0.5280364453792572,0.7158930171281099,0.7575757575757576,"2,147,155,163,51,79,145,52,90,162",,"10,11,5"
gnnexplainer,153011,0,0.85881366600006,0.950374617669695,0.9489801704185084,0.9393939393939394,0.020333290100097656,0.9328247588127851,0.7575757575757576,"155,147,90,143,2,146,79,51,80,163",,"10,11,6"
gnnexplainer,153011,1,0.8780052030015213,0.950374617669695,0.9489801711170003,0.9393939393939394,0.020333290100097656,0.9328247588127851,0.7575757575757576,"147,90,155,2,143,79,146,80,51,163",,"10,11,6"
gnnexplainer,153011,2,0.8739634489993477,0.950374617669695,0.9489801704185084,0.9393939393939394,0.020333290100097656,0.9328247588127851,0.7575757575757576,"147,90,155,2,163,143,80,79,146,51",,"10,11,6"
gnnexplainer,153011,3,0.8801031549992331,0.950374617669695,0.9489801711170003,0.9393939393939394,0.020333290100097656,0.9328247588127851,0.7575757575757576,"147,155,90,79,80,2,146,143,163,51",,"10,11,6"
gnnexplainer,153011,4,0.8809997389998898,0.9503638907654022,0.9498756323591806,0.9393939393939394,0.020333290100097656,0.9328247588127851,0.7575757575757576,"147,90,155,80,2,163,143,79,145,146",,"10,11,6"
gnnexplainer,153011,5,0.8859131200006232,0.950374617669695,0.9489801711170003,0.9393939393939394,0.020333290100097656,0.9328247588127851,0.7575757575757576,"155,90,147,2,143,80,163,79,146,51",,"10,11,6"
gnnexplainer,153011,6,0.9124936400003207,0.950374617669695,0.9489801711170003,0.9393939393939394,0.020333290100097656,0.9328247588127851,0.7575757575757576,"155,90,147,143,79,2,80,163,51,146",,"10,11,6"
gnnexplainer,153011,7,0.8528429580001102,0.950374617669695,0.9489801704185084,0.9393939393939394,0.020333290100097656,0.9328247588127851,0.7575757575757576,"147,155,90,2,79,80,143,146,163,51",,"10,11,6"
gnnexplainer,153011,8,0.8628306519985927,0.950374617669695,0.9489801711170003,0.9393939393939394,0.020333290100097656,0.9328247588127851,0.7575757575757576,"155,90,147,2,143,80,163,146,51,79",,"10,11,6"
gnnexplainer,153011,9,0.8906817489987588,0.9503638907654022,0.9498756320681423,0.9393939393939394,0.020333290100097656,0.9328247588127851,0.7575757575757576,"147,155,90,2,163,143,80,146,145,79",,"10,11,6"
shap_sampled,136551,0,30.920786635000695,0.1964462399482727,0.9738123885617824,0.9393939393939394,0.7347414642572403,0.9368314705789089,0.7454545454545455,"54,42,55,43,44,45,46,47,53,52",,"3,5,4"
shap_sampled,136551,1,30.74700793900047,0.1964462399482727,0.9738123885617824,0.9393939393939394,0.7347413003444672,0.9368313513696194,0.7454545454545455,"54,42,55,43,44,45,46,47,53,52",,"3,5,4"
shap_sampled,136551,2,31.053674557000704,0.1964462399482727,0.9738123885617824,0.9393939393939394,0.7347414195537567,0.9368314705789089,0.7454545454545455,"54,42,55,43,44,45,46,47,53,52",,"3,5,4"
shap_sampled,136551,3,30.805253720998735,0.1964462399482727,0.9738123885617824,0.9393939393939394,0.7347414642572403,0.9368314705789089,0.7454545454545455,"54,42,55,43,44,45,46,47,53,52",,"3,5,4"
shap_sampled,136551,4,30.93272213000091,0.19644612073898315,0.9738123885617824,0.9393939393939394,0.7347414195537567,0.9368314705789089,0.7454545454545455,"54,42,55,43,44,45,46,47,53,52",,"3,5,4"
shap_sampled,136551,5,30.79733167699851,0.1964462399482727,0.9738123885617824,0.9393939393939394,0.7347414195537567,0.9368314705789089,0.7454545454545455,"54,42,55,43,44,45,46,47,53,52",,"3,5,4"
shap_sampled,136551,6,30.930328614002065,0.1964462399482727,0.9738123885617824,0.9393939393939394,0.7347414195537567,0.9368314705789089,0.7454545454545455,"54,42,55,43,44,45,46,47,53,52",,"3,5,4"
shap_sampled,136551,7,30.78031544699843,0.1964462399482727,0.9738123885617824,0.9393939393939394,0.7347414642572403,0.9368314705789089,0.7454545454545455,"54,42,55,43,44,45,46,47,53,52",,"3,5,4"
shap_sampled,136551,8,30.90884571100105,0.1964462399482727,0.9738123885617824,0.9393939393939394,0.7347413003444672,0.9368313513696194,0.7454545454545455,"54,42,55,43,44,45,46,47,53,52",,"3,5,4"
shap_sampled,136551,9,30.74758250800005,0.1964462399482727,0.9738123885617824,0.9393939393939394,0.7347414195537567,0.9368314705789089,0.7454545454545455,"54,42,55,43,44,45,46,47,53,52",,"3,5,4"
shap_sampled,170429,0,13.024492053998983,0.80880206823349,0.9644185051074601,0.9393939393939394,0.9330524653196335,0.9507944509387016,0.7515151515151515,"76,82,81,80,79,78,77,71,72,73",,"5,3,11"
shap_sampled,170429,1,13.15443045199936,0.80880206823349,0.9644185051074601,0.9393939393939394,0.9606621323619038,0.9621226410381496,0.7454545454545455,"76,82,81,80,79,78,77,71,72,73",,"5,3,0"
shap_sampled,170429,2,13.194248834002792,0.27253448963165283,0.9644594483761466,0.9393939393939394,0.4468466639518738,0.9550975980237126,0.7454545454545455,"77,71,72,73,74,75,76,82,81,80",,"5,3,7"
shap_sampled,170429,3,13.11611184999856,0.532735288143158,0.9644490072278131,0.9393939393939394,0.4468466639518738,0.9550975980237126,0.7454545454545455,"77,83,82,81,80,79,78,72,73,74",,"5,3,7"
shap_sampled,170429,4,13.181011704000412,0.8088019490242004,0.9644183858981705,0.9393939393939394,0.9606621360871941,0.9621226410381496,0.7454545454545455,"76,82,81,80,79,78,77,71,72,73",,"5,3,0"
shap_sampled,170429,5,13.241111510000337,0.007756948471069336,0.964481057068042,0.9393939393939394,0.9606621360871941,0.9621226410381496,0.7454545454545455,"83,70,71,72,73,74,75,76,82,81",,"5,3,0"
shap_sampled,170429,6,13.043738985001255,0.27253448963165283,0.9644594483761466,0.9393939393939394,0.44684678316116333,0.9550977172330022,0.7454545454545455,"77,71,72,73,74,75,76,82,81,80",,"5,3,7"
shap_sampled,170429,7,13.18958937899879,0.80880206823349,0.9644185051074601,0.9393939393939394,0.9606621360871941,0.9621226410381496,0.7454545454545455,"76,82,81,80,79,78,77,71,72,73",,"5,3,0"
shap_sampled,170429,8,13.075372767998488,0.80880206823349,0.9644185051074601,0.9393939393939394,0.9330524653196335,0.9507944509387016,0.7515151515151515,"76,82,81,80,79,78,77,71,72,73",,"5,3,11"
shap_sampled,170429,9,13.080013516999315,0.80880206823349,0.9644185051074601,0.9393939393939394,0.9606621323619038,0.9621226410381496,0.7454545454545455,"76,82,81,80,79,78,77,71,72,73",,"5,3,0"
shap_sampled,150888,0,117.21674335699936,0.09625309705734253,0.8307755868881941,0.9393939393939394,0.4241173565387726,0.0941704511642456,0.7515151515151515,"144,150,149,148,147,146,145,141,139,140",,"3,10,5"
shap_sampled,150888,1,116.68163136599833,0.09625309705734253,0.8307755868881941,0.9393939393939394,0.4241173565387726,0.0941704511642456,0.7515151515151515,"144,150,149,148,147,146,145,141,139,140",,"3,10,5"
shap_sampled,150888,2,117.17538330499883,0.6617037951946259,0.8458766541007208,0.9393939393939394,0.4241173565387726,0.0941704511642456,0.7515151515151515,"42,55,54,53,52,51,50,49,43,44",,"3,10,5"
shap_sampled,150888,3,117.39427293300105,0.1422005295753479,0.8372161472216249,0.9393939393939394,0.42411747574806213,0.09417033195495605,0.7515151515151515,"144,149,150,151,148,147,146,145,143,139",,"10,3,5"
shap_sampled,150888,4,117.31289518899939,0.6617039144039154,0.8458767733100103,0.9393939393939394,0.4241173565387726,0.0941704511642456,0.7515151515151515,"42,55,54,53,52,51,50,49,43,44",,"3,10,5"
shap_sampled,150888,5,116.86840563799706,0.09625321626663208,0.8307754676789045,0.9393939393939394,0.42411744594573975,0.09417033195495605,0.7515151515151515,"144,150,149,148,147,146,145,141,139,140",,"3,10,5"
shap_sampled,150888,6,117.7009345890001,0.14220064878463745,0.8372160280123353,0.9393939393939394,0.42411738634109497,0.09417033195495605,0.7515151515151515,"144,149,150,151,148,147,146,145,143,139",,"10,3,5"
shap_sampled,150888,7,116.56695561400193,0.09625309705734253,0.8307755868881941,0.9393939393939394,0.42411747574806213,0.09417033195495605,0.7515151515151515,"144,150,149,148,147,146,145,141,139,140",,"3,10,5"
shap_sampled,150888,8,117.53917225799887,0.6617038697004318,0.8458767730917316,0.9393939393939394,0.4241173565387726,0.0941704511642456,0.7515151515151515,"42,55,54,53,52,51,50,49,43,44",,"3,10,5"
shap_sampled,150888,9,116.96363134800049,0.6617039144039154,0.8458767733100103,0.9393939393939394,0.42411747574806213,0.09417033195495605,0.7515151515151515,"42,55,54,53,52,51,50,49,43,44",,"3,10,5"
shap_sampled,160689,0,21.171955794001406,0.7855750601738691,0.8116720097314101,0.9393939393939394,0.73387660831213,0.11640375852584839,0.7515151515151515,"52,53,54,55,42,43,44,45,51,50",,"3,10,5"
shap_sampled,160689,1,20.937758341999142,0.792843397706747,0.8117592547787353,0.9393939393939394,0.7338765487074852,0.11640381813049316,0.7515151515151515,"42,55,54,53,52,51,50,49,43,44",,"3,5,10"
shap_sampled,160689,2,21.002866457998607,0.7645881399512291,0.8118149635120062,0.9393939393939394,0.7338765636086464,0.11640393733978271,0.7515151515151515,"47,55,54,53,52,51,50,49,48,46",,"3,5,10"
shap_sampled,160689,3,21.137896872001875,0.7778841145336628,0.8117490884033032,0.9393939393939394,0.73387660831213,0.11640375852584839,0.7515151515151515,"53,55,54,52,51,50,49,48,42,43",,"3,10,5"
shap_sampled,160689,4,20.94269622700085,0.775197260081768,0.8116604652896058,0.9393939393939394,0.7338765263557434,0.11640381813049316,0.7515151515151515,"53,55,54,42,43,44,45,46,52,51",,"3,5,10"
shap_sampled,160689,5,21.154142579001928,0.775197260081768,0.8116604652896058,0.9393939393939394,0.7338765636086464,0.11640381813049316,0.7515151515151515,"53,54,55,42,43,44,45,46,52,51",,"3,10,5"
shap_sampled,160689,6,20.964364731000387,0.7778841070830822,0.8117490884033032,0.9393939393939394,0.7338765636086464,0.11640381813049316,0.7515151515151515,"53,55,54,52,51,50,49,48,42,43",,"3,10,5"
shap_sampled,160689,7,20.9831840270017,0.785575008019805,0.8116719501267653,0.9393939393939394,0.73387660831213,0.11640375852584839,0.7515151515151515,"52,54,53,55,42,43,44,45,51,50",,"3,5,10"
shap_sampled,160689,8,20.705742221001856,0.792843397706747,0.8117592547787353,0.9393939393939394,0.7338765636086464,0.11640381813049316,0.7515151515151515,"42,55,54,53,52,51,50,49,43,44",,"3,5,10"
shap_sampled,160689,9,21.330960118000803,0.785575008019805,0.8116719501267653,0.9393939393939394,0.73387660831213,0.11640375852584839,0.7515151515151515,"52,53,54,55,42,43,44,45,51,50",,"3,5,10"
shap_sampled,154039,0,28.57866462200036,0.561341573484242,0.5700400910500321,0.9393939393939394,0.5662836176343262,0.5517222099006176,0.7454545454545455,"47,54,53,52,51,50,49,44,42,43",,"3,6,5"
shap_sampled,154039,1,28.774958122001408,0.5613416377454996,0.5700401506546768,0.9393939393939394,0.5662835545372218,0.5517221409827471,0.7454545454545455,"47,54,53,52,51,50,49,44,42,43",,"3,6,5"
shap_sampled,154039,2,27.61750876399674,0.5613415781408548,0.5700400910500321,0.9393939393939394,0.5662836176343262,0.5517222099006176,0.7454545454545455,"47,54,53,52,51,50,49,44,42,43",,"3,6,5"
shap_sampled,154039,3,27.41305919700244,0.5392060652375221,0.5700477950740606,0.9393939393939394,0.5662836176343262,0.5517222005873919,0.7454545454545455,"47,51,52,53,54,55,50,49,48,46",,"3,6,5"
shap_sampled,154039,4,28.55312017899996,0.5613415781408548,0.5700400909554446,0.9393939393939394,0.5662834984250367,0.5517220813781023,0.7454545454545455,"47,54,53,52,51,50,49,44,42,43",,"3,6,5"
shap_sampled,154039,5,28.73706288500034,0.5613415185362101,0.5700400314453873,0.9393939393939394,0.5662836176343262,0.5517222005873919,0.7454545454545455,"47,54,53,52,51,50,49,44,42,43",,"3,6,5"
shap_sampled,154039,6,28.57208197500222,0.539206013083458,0.5700477354694158,0.9393939393939394,0.5662836176343262,0.5517222099006176,0.7454545454545455,"47,51,52,53,54,55,50,49,48,46",,"3,6,5"
shap_sampled,154039,7,28.779954667999846,0.561341573484242,0.5700400909554446,0.9393939393939394,0.5662836176343262,0.5517222099006176,0.7454545454545455,"47,54,53,52,51,50,49,44,42,43",,"3,6,5"
shap_sampled,154039,8,28.541658027002995,0.5613415781408548,0.5700400910500321,0.9393939393939394,0.5662836160045117,0.5517222099006176,0.7454545454545455,"47,54,53,52,51,50,49,44,42,43",,"3,6,5"
shap_sampled,154039,9,28.763363609999942,0.561341573484242,0.5700400910500321,0.9393939393939394,0.5662835563998669,0.5517221502959728,0.7454545454545455,"47,54,53,52,51,50,49,44,42,43",,"3,6,5"
shap_sampled,201916,0,2.717561042998568,0.8434353396296501,0.9167035563441459,0.9393939393939394,0.9165294142148923,0.9159258208237588,0.7575757575757576,"126,138,137,136,135,134,133,127,128,131",,"9,6,10"
shap_sampled,201916,1,2.71000630799972,0.8434353470802307,0.9167035563441459,0.9393939393939394,0.9165294144768268,0.9159258208237588,0.7575757575757576,"126,138,137,136,135,134,133,127,128,131",,"9,6,10"
shap_sampled,201916,2,2.7210902890001307,0.8434353470802307,0.9167035563441459,0.9393939393939394,0.9165294144768268,0.9159258212312125,0.7575757575757576,"126,138,137,136,135,134,133,127,128,131",,"9,6,10"
shap_sampled,201916,3,2.7289547479995235,0.8434353470802307,0.9167035563441459,0.9393939393939394,0.9165294144768268,0.9159258208237588,0.7575757575757576,"126,138,137,136,135,134,133,127,128,131",,"9,6,10"
shap_sampled,201916,4,2.7192289999984496,0.8434353470802307,0.9167035563441459,0.9393939393939394,0.9165294144768268,0.9159258208237588,0.7575757575757576,"126,138,137,136,135,134,133,127,128,131",,"9,6,10"
shap_sampled,201916,5,2.742401993000385,0.8434353470802307,0.9167035563441459,0.9393939393939394,0.9165294144768268,0.9159258208237588,0.7575757575757576,"126,138,137,136,135,134,133,127,128,131",,"9,6,10"
shap_sampled,201916,6,3.5605657360029,0.8434353470802307,0.9167035563441459,0.9393939393939394,0.9165294144768268,0.9159258208237588,0.7575757575757576,"126,138,137,136,135,134,133,127,128,131",,"9,6,10"
shap_sampled,201916,7,2.7268758680002065,0.8434353470802307,0.9167035563441459,0.9393939393939394,0.9165294144768268,0.9159258212312125,0.7575757575757576,"126,138,137,136,135,134,133,127,128,131",,"9,6,10"
shap_sampled,201916,8,2.73000883900022,0.8434353470802307,0.9167035563441459,0.9393939393939394,0.9165294144768268,0.9159258208237588,0.7575757575757576,"126,138,137,136,135,134,133,127,128,131",,"9,6,10"
shap_sampled,201916,9,2.7359934619998967,0.8434353470802307,0.9167035563441459,0.9393939393939394,0.9165294142148923,0.9159258208237588,0.7575757575757576,"126,138,137,136,135,134,133,127,128,131",,"9,6,10"
shap_sampled,174769,0,4.455758210999193,0.7529573887586594,0.952053983361111,0.9393939393939394,0.9459470859728754,0.9367331499233842,0.7454545454545455,"92,96,95,94,93,90,88,89,97,91",,"6,4,5"
shap_sampled,174769,1,4.659750748000079,0.7529573887586594,0.952053983361111,0.9393939393939394,0.9459470859728754,0.9367331499233842,0.7454545454545455,"92,96,95,94,93,90,88,89,97,91",,"6,4,5"
shap_sampled,174769,2,4.458429793998221,0.1288476586341858,0.9522730792050424,0.9393939393939394,0.9459470859728754,0.9367331555113196,0.7454545454545455,"93,97,96,95,94,84,85,86,91,92",,"6,4,5"
shap_sampled,174769,3,4.450398660999781,0.7529573887586594,0.952053983361111,0.9393939393939394,0.9459470859728754,0.9367331499233842,0.7454545454545455,"92,96,95,94,93,90,88,89,97,91",,"6,4,5"
shap_sampled,174769,4,4.647153960999276,0.7529573887586594,0.952053983361111,0.9393939393939394,0.9459470859728754,0.9367331499233842,0.7454545454545455,"92,96,95,94,93,90,88,89,97,91",,"6,4,5"
shap_sampled,174769,5,4.4586376449988165,0.7529573887586594,0.952053983361111,0.9393939393939394,0.9459470859728754,0.9367331499233842,0.7454545454545455,"92,96,95,94,93,90,88,89,97,91",,"6,4,5"
shap_sampled,174769,6,4.460580727998604,0.4353255033493042,0.9522215887118364,0.9393939393939394,0.9459470859728754,0.9367331499233842,0.7454545454545455,"89,95,94,93,92,91,90,86,84,85",,"6,4,5"
shap_sampled,174769,7,4.668157746000361,0.1288476586341858,0.9522730792050424,0.9393939393939394,0.9459470859728754,0.9367331499233842,0.7454545454545455,"93,97,96,95,94,84,85,86,91,92",,"6,4,5"
shap_sampled,174769,8,4.450543234997895,0.4353255033493042,0.9522215887118364,0.9393939393939394,0.9459470859728754,0.9367331499233842,0.7454545454545455,"89,95,94,93,92,91,90,86,84,85",,"6,4,5"
shap_sampled,174769,9,4.455622044999473,0.7529573887586594,0.9520539835793898,0.9393939393939394,0.9459470859728754,0.9367331499233842,0.7454545454545455,"92,96,95,94,93,90,88,89,97,91",,"6,4,5"
shap_sampled,156014,0,4.670113071999367,0.07233655452728271,0.6567151285707951,0.9393939393939394,0.6168304532766342,0.2965806722640991,0.7515151515151515,"151,139,140,141,142,143,144,150,149,146",,"10,3,5"
shap_sampled,156014,1,4.446145584999613,0.09605973958969116,0.5293034911155701,0.9393939393939394,0.6168306469917297,0.2965804934501648,0.7515151515151515,"143,148,149,150,151,147,146,145,144,142",,"10,3,5"
shap_sampled,156014,2,4.457205610997335,0.636278435587883,0.6998462388291955,0.9393939393939394,0.6168304532766342,0.2965806722640991,0.7515151515151515,"47,52,51,53,54,55,46,45,48,49",,"3,10,5"
shap_sampled,156014,3,4.448019497998757,0.07233661413192749,0.6567152477800846,0.9393939393939394,0.616830550134182,0.29658055305480957,0.7515151515151515,"151,139,140,141,142,143,144,150,149,146",,"10,3,5"
shap_sampled,156014,4,4.665778271002637,0.2956997752189636,0.69766098074615,0.9393939393939394,0.616830512881279,0.29658061265945435,0.7515151515151515,"144,149,150,151,148,147,146,145,143,139",,"10,3,5"
shap_sampled,156014,5,4.4594432699996105,0.07233661413192749,0.6567153073847294,0.9393939393939394,0.6168304532766342,0.2965806722640991,0.7515151515151515,"151,139,140,141,142,143,144,150,149,146",,"10,3,5"
shap_sampled,156014,6,4.446129075000499,0.2956998348236084,0.6976609211415052,0.9393939393939394,0.6168304681777954,0.2965806722640991,0.7515151515151515,"144,150,151,149,148,147,146,145,143,139",,"10,3,5"
shap_sampled,156014,7,4.657923230999586,0.09605973958969116,0.5293034613132477,0.9393939393939394,0.6168304905295372,0.29658061265945435,0.7515151515151515,"143,148,149,150,151,147,146,145,144,142",,"10,3,5"
shap_sampled,156014,8,4.440698301998054,0.09605979919433594,0.5293034166097641,0.9393939393939394,0.6168304085731506,0.2965807318687439,0.7515151515151515,"143,148,149,150,151,147,146,145,144,142",,"10,3,5"
shap_sampled,156014,9,4.450716780000221,0.29414546489715576,0.6891965977847576,0.9393939393939394,0.6168304532766342,0.2965806722640991,0.7515151515151515,"139,151,150,149,148,147,146,140,141,144",,"10,3,5"
shap_sampled,153009,0,60.62405633000162,0.657553605735302,0.7297590725574992,0.9393939393939394,0.6809975206851959,0.32580775022506714,0.7515151515151515,"52,54,55,53,42,43,44,45,51,50",,"3,10,4"
shap_sampled,153009,1,60.41306571400128,0.6124198213219643,0.7297565427197696,0.9393939393939394,0.6809975206851959,0.3258076608181,0.7515151515151515,"53,54,55,42,43,44,45,46,52,51",,"3,10,4"
shap_sampled,153009,2,61.09024128999954,0.5886022299528122,0.7297667263774201,0.9393939393939394,0.5396831631660461,0.7246480379253626,0.7454545454545455,"47,50,51,52,53,54,55,49,48,46",,"3,4,5"
shap_sampled,153009,3,60.826386662000004,0.6124197766184807,0.7297565427434165,0.9393939393939394,0.6809975206851959,0.32580775022506714,0.7515151515151515,"53,54,55,42,43,44,45,46,52,51",,"3,10,4"
shap_sampled,153009,4,61.07930310300071,0.6452135592699051,0.7297636153325584,0.9393939393939394,0.6809975206851959,0.32580775022506714,0.7515151515151515,"53,55,54,52,51,50,49,48,42,43",,"3,4,10"
shap_sampled,153009,5,60.62976255799731,0.6353670805692673,0.7297613090122468,0.9393939393939394,0.6809975281357765,0.3258076608181,0.7515151515151515,"51,54,53,55,50,49,48,47,52,42",,"3,10,4"
shap_sampled,153009,6,60.95339012399927,0.612419880926609,0.7297566023244144,0.9393939393939394,0.6809975281357765,0.32580769062042236,0.7515151515151515,"53,54,55,42,43,44,45,46,52,51",,"3,10,4"
shap_sampled,153009,7,60.790433210997435,0.6575535088777542,0.7297590129528544,0.9393939393939394,0.6809975206851959,0.32580775022506714,0.7515151515151515,"52,54,55,53,42,43,44,45,51,50",,"3,10,4"
shap_sampled,153009,8,61.153921105000336,0.6124198213219643,0.7297565427197696,0.9393939393939394,0.6809975206851959,0.32580775022506714,0.7515151515151515,"53,54,55,42,43,44,45,46,52,51",,"3,4,10"
shap_sampled,153009,9,60.89719379900271,0.657553531229496,0.7297590129528544,0.9393939393939394,0.6809975281357765,0.3258076608181,0.7515151515151515,"52,54,55,53,42,43,44,45,51,50",,"3,10,4"
shap_sampled,138359,0,26.287341375002143,0.02210897207260132,0.9996661220829992,0.9393939393939394,0.19383025169372559,0.9791505951434374,0.7454545454545455,"48,55,54,53,52,51,50,49,43,44",,"3,5,4"
shap_sampled,138359,1,26.084473197999614,0.02210897207260132,0.9996661220829992,0.9393939393939394,0.19383025169372559,0.9791505951434374,0.7454545454545455,"48,55,54,53,52,51,50,49,43,44",,"3,5,4"
shap_sampled,138359,2,26.423311294001905,0.02210897207260132,0.9996661220829992,0.9393939393939394,0.9584971480071545,0.9990302772494033,0.7454545454545455,"48,55,54,53,52,51,50,49,43,44",,"3,5,0"
shap_sampled,138359,3,26.120714237000357,0.02210897207260132,0.9996661220829992,0.9393939393939394,0.9584971480071545,0.999030276958365,0.7454545454545455,"48,55,54,53,52,51,50,49,43,44",,"3,5,0"
shap_sampled,138359,4,26.253943131996493,0.02210897207260132,0.9996661220829992,0.9393939393939394,0.9584971591830254,0.999030276958365,0.7454545454545455,"48,55,54,53,52,51,50,49,43,44",,"3,5,0"
shap_sampled,138359,5,26.338943897997524,0.02210897207260132,0.9996661220829992,0.9393939393939394,0.9584971368312836,0.9990302766673267,0.7454545454545455,"48,55,54,53,52,51,50,49,43,44",,"3,5,0"
shap_sampled,138359,6,26.397708464999596,0.02210897207260132,0.9996661220829992,0.9393939393939394,0.9584971480071545,0.9990302772494033,0.7454545454545455,"48,55,54,53,52,51,50,49,43,44",,"3,5,0"
shap_sampled,138359,7,26.529449199999362,0.02210897207260132,0.9996661220829992,0.9393939393939394,0.9584971480071545,0.999030276958365,0.7454545454545455,"48,55,54,53,52,51,50,49,43,44",,"3,5,0"
shap_sampled,138359,8,26.580362798998976,0.02210897207260132,0.9996661220829992,0.9393939393939394,0.19383031129837036,0.9791505951434374,0.7454545454545455,"48,55,54,53,52,51,50,49,43,44",,"3,5,4"
shap_sampled,138359,9,26.370691816002363,0.02210897207260132,0.9996661220829992,0.9393939393939394,0.9584971480071545,0.999030276958365,0.7454545454545455,"48,55,54,53,52,51,50,49,43,44",,"3,5,0"
shap_sampled,152136,0,59.64682088900008,0.7485581040382385,0.98811430493015,0.9393939393939394,0.9245322123169899,0.9859065993223339,0.7515151515151515,"42,55,54,53,52,51,50,49,43,44",,"3,5,11"
shap_sampled,152136,1,59.24118874399937,0.7485580593347549,0.9881143049428829,0.9393939393939394,0.9245322272181511,0.9859065981581807,0.7515151515151515,"42,55,54,53,52,51,50,49,43,44",,"3,5,11"
shap_sampled,152136,2,59.52832579900132,0.7485581040382385,0.9881143049428829,0.9393939393939394,0.9245322272181511,0.9859065993223339,0.7515151515151515,"42,55,54,53,52,51,50,49,43,44",,"3,5,11"
shap_sampled,152136,3,59.95229485800155,0.46485471725463867,0.9881102925692176,0.9393939393939394,0.34199976921081543,0.3556520938873291,0.7515151515151515,"53,55,54,42,43,44,45,46,52,51",,"3,5,10"
shap_sampled,152136,4,59.22645125100098,0.7485580593347549,0.9881143049428829,0.9393939393939394,0.9245322272181511,0.9859065993223339,0.7515151515151515,"42,55,54,53,52,51,50,49,43,44",,"3,5,11"
shap_sampled,152136,5,59.416620028998295,0.4648546576499939,0.9881102925583036,0.9393939393939394,0.34199970960617065,0.3556520342826843,0.7515151515151515,"53,55,54,42,43,44,45,46,52,51",,"3,5,10"
shap_sampled,152136,6,60.002627292997204,0.46485477685928345,0.9881102925692176,0.9393939393939394,0.34199976921081543,0.3556520938873291,0.7515151515151515,"53,55,54,42,43,44,45,46,52,51",,"3,5,10"
shap_sampled,152136,7,59.6569029300008,0.7485580593347549,0.98811430493015,0.9393939393939394,0.9245322123169899,0.9859065981581807,0.7515151515151515,"42,55,54,53,52,51,50,49,43,44",,"3,5,11"
shap_sampled,152136,8,59.676002349002374,0.7485581040382385,0.98811430493015,0.9393939393939394,0.9245322272181511,0.9859065981581807,0.7515151515151515,"42,55,54,53,52,51,50,49,43,44",,"3,5,11"
shap_sampled,152136,9,59.98323135499959,0.7485580593347549,0.98811430493015,0.9393939393939394,0.9245321899652481,0.9859065993223339,0.7515151515151515,"42,55,54,53,52,51,50,49,43,44",,"3,5,11"
shap_sampled,137831,0,26.32757887000116,0.01931101083755493,0.9996999775212316,0.9393939393939394,0.1963626742362976,0.9791844505816698,0.7454545454545455,"48,55,54,53,52,51,50,49,43,44",,"3,5,4"
shap_sampled,137831,1,26.75740074100031,0.01931101083755493,0.9996999775212316,0.9393939393939394,0.1963626742362976,0.9791844505816698,0.7454545454545455,"48,55,54,53,52,51,50,49,43,44",,"3,5,4"
shap_sampled,137831,2,26.3591137350013,0.01931101083755493,0.9996999775212316,0.9393939393939394,0.9521265551447868,0.9990663461503573,0.7454545454545455,"48,55,54,53,52,51,50,49,43,44",,"3,5,0"
shap_sampled,137831,3,27.04035774499789,0.01931101083755493,0.9996999775212316,0.9393939393939394,0.952126570045948,0.9990663461503573,0.7454545454545455,"48,55,54,53,52,51,50,49,43,44",,"3,5,0"
shap_sampled,137831,4,26.291883152000082,0.01931101083755493,0.9996999775212316,0.9393939393939394,0.9521265774965286,0.9990663461503573,0.7454545454545455,"48,55,54,53,52,51,50,49,43,44",,"3,5,0"
shap_sampled,137831,5,26.430794058000174,0.01931101083755493,0.9996999775212316,0.9393939393939394,0.952126570045948,0.9990663461503573,0.7454545454545455,"48,55,54,53,52,51,50,49,43,44",,"3,5,0"
shap_sampled,137831,6,26.11297784499766,0.01931101083755493,0.9996999775212316,0.9393939393939394,0.9521265774965286,0.999066345510073,0.7454545454545455,"48,55,54,53,52,51,50,49,43,44",,"3,5,0"
shap_sampled,137831,7,26.372307776000525,0.01931101083755493,0.9996999775212316,0.9393939393939394,0.952126570045948,0.9990663461503573,0.7454545454545455,"48,55,54,53,52,51,50,49,43,44",,"3,5,0"
shap_sampled,137831,8,26.142711487998895,0.01931101083755493,0.9996999775212316,0.9393939393939394,0.1963626742362976,0.9791844505816698,0.7454545454545455,"48,55,54,53,52,51,50,49,43,44",,"3,5,4"
shap_sampled,137831,9,26.390600721002556,0.01931101083755493,0.9996999775212316,0.9393939393939394,0.9521265551447868,0.9990663461503573,0.7454545454545455,"48,55,54,53,52,51,50,49,43,44",,"3,5,0"
shap_sampled,150802,0,36.92370892800318,0.7634661542251706,0.7749347838253016,0.9393939393939394,0.7585289347916842,0.7281236238777637,0.7454545454545455,"52,55,54,53,42,43,44,45,51,50",,"3,5,6"
shap_sampled,150802,1,37.13886452999941,0.7579349242150784,0.7749735729230451,0.9393939393939394,0.7053205296397209,0.5018122792243958,0.7515151515151515,"48,53,54,55,52,51,50,49,43,44",,"3,5,10"
shap_sampled,150802,2,36.832134324002254,0.7679006066173315,0.7749587599028018,0.9393939393939394,0.7585289347916842,0.7281236238777637,0.7454545454545455,"42,55,54,53,52,51,50,49,47,43",,"3,5,6"
shap_sampled,150802,3,37.304111037999974,0.7634660946205258,0.7749347242206568,0.9393939393939394,0.7053205892443657,0.5018123388290405,0.7515151515151515,"52,55,54,53,42,43,44,45,51,50",,"3,5,10"
shap_sampled,150802,4,36.81102412600012,0.7579349838197231,0.7749736325276899,0.9393939393939394,0.7585289347916842,0.7281236238777637,0.7454545454545455,"48,53,54,55,52,51,50,49,43,44",,"3,5,6"
shap_sampled,150802,5,37.01795505799964,0.7579349838197231,0.7749736325276899,0.9393939393939394,0.7053205296397209,0.5018122792243958,0.7515151515151515,"48,55,54,53,52,51,50,49,43,44",,"3,5,10"
shap_sampled,150802,6,36.88365175799845,0.763581340201199,0.7749291884756531,0.9393939393939394,0.7053205296397209,0.5018122792243958,0.7515151515151515,"52,55,54,53,42,43,44,45,47,51",,"3,5,10"
shap_sampled,150802,7,36.59192066400283,0.7579349242150784,0.7749735729230451,0.9393939393939394,0.7585289347916842,0.7281236238777637,0.7454545454545455,"48,53,54,55,52,51,50,49,43,44",,"3,5,6"
shap_sampled,150802,8,36.32686300100249,0.7579349242150784,0.7749735729230451,0.9393939393939394,0.7585289943963289,0.7281236834824085,0.7454545454545455,"48,53,54,55,52,51,50,49,43,44",,"3,5,6"
shap_sampled,150802,9,37.85585928100045,0.7676294702105224,0.7749590560852084,0.9393939393939394,0.7053205296397209,0.5018122792243958,0.7515151515151515,"42,55,54,53,52,51,50,49,43,44",,"3,5,10"
shap_sampled,141885,0,6.819643904000259,0.04176861047744751,0.5318649687612194,0.9393939393939394,0.5180912222713232,0.5293976610992104,0.7454545454545455,"83,70,71,72,73,74,75,76,82,81",,"5,3,4"
shap_sampled,141885,1,6.755829133999214,0.041768550872802734,0.5318649687612194,0.9393939393939394,0.5180912222713232,0.5293976610992104,0.7454545454545455,"83,70,71,72,73,74,75,76,82,81",,"5,3,4"
shap_sampled,141885,2,6.7317492440015485,0.04176861047744751,0.5318649091565746,0.9393939393939394,0.5180912222713232,0.5293976599350572,0.7454545454545455,"83,70,71,72,73,74,75,76,82,81",,"5,3,4"
shap_sampled,141885,3,6.8205735240007925,0.04176861047744751,0.5318649687612194,0.9393939393939394,0.5180912278592587,0.5293976599350572,0.7454545454545455,"83,70,71,72,73,74,75,76,82,81",,"5,3,4"
shap_sampled,141885,4,6.825799320002261,0.04176849126815796,0.5318650283658641,0.9393939393939394,0.5180912278592587,0.5293976599350572,0.7454545454545455,"83,70,71,72,73,74,75,76,82,81",,"5,3,4"
shap_sampled,141885,5,6.802941070996894,0.04176849126815796,0.5318650283658641,0.9393939393939394,0.518091281875968,0.5293977195397019,0.7454545454545455,"83,70,71,72,73,74,75,76,82,81",,"5,3,4"
shap_sampled,141885,6,6.997086296996713,0.041768670082092285,0.5318649091565746,0.9393939393939394,0.5180912222713232,0.5293976599350572,0.7454545454545455,"83,70,71,72,73,74,75,76,82,81",,"5,3,4"
shap_sampled,141885,7,6.8019911750016036,0.041768550872802734,0.5318650283658641,0.9393939393939394,0.5180912874639034,0.5293977207038552,0.7454545454545455,"83,70,71,72,73,74,75,76,82,81",,"5,3,4"
shap_sampled,141885,8,6.9673136599994905,0.041768550872802734,0.5318649687612194,0.9393939393939394,0.5180912222713232,0.5293976610992104,0.7454545454545455,"83,70,71,72,73,74,75,76,82,81",,"5,3,4"
shap_sampled,141885,9,6.725799379000819,0.49463706463575363,0.5318648499909813,0.9393939393939394,0.5180911626666784,0.5293976014945656,0.7454545454545455,"77,83,82,81,80,79,78,72,73,74",,"5,3,4"
shap_sampled,202292,0,3.0681622869997227,0.7878222540020943,0.8933440159016754,0.9393939393939394,0.8934213045936303,0.8927584079792723,0.7515151515151515,"137,138,126,127,128,129,130,136,135,132",,"9,6,7"
shap_sampled,202292,1,2.8319936439984303,0.7878222540020943,0.8933440159016754,0.9393939393939394,0.8934213045959041,0.8927584079792723,0.7515151515151515,"137,138,126,127,128,129,130,136,135,132",,"9,6,7"
shap_sampled,202292,2,2.8152685460008797,0.8850363604724407,0.8933325638281531,0.9393939393939394,0.8934213045959041,0.8927584079792723,0.7515151515151515,"126,138,137,136,135,134,133,127,128,131",,"9,6,7"
shap_sampled,202292,3,2.853908147000766,0.7878222540020943,0.8933440159016754,0.9393939393939394,0.8934213045959041,0.8927584079792723,0.7515151515151515,"137,138,126,127,128,129,130,136,135,132",,"9,6,7"
shap_sampled,202292,4,2.828308800999366,0.7878222540020943,0.8933440159016754,0.9393939393939394,0.8934213045936303,0.8927584079792723,0.7515151515151515,"137,138,126,127,128,129,130,136,135,132",,"9,6,7"
shap_sampled,202292,5,2.7938131369992334,0.3058682084083557,0.8934122728487637,0.9393939393939394,0.8934213045959041,0.8927584079792723,0.7515151515151515,"132,126,127,128,129,130,131,137,136,135",,"9,6,7"
shap_sampled,202292,6,3.0254374100004497,0.7878222540020943,0.8933440159016754,0.9393939393939394,0.8934213045936303,0.8927584079792723,0.7515151515151515,"137,138,126,127,128,129,130,136,135,132",,"9,6,7"
shap_sampled,202292,7,2.841216226002871,0.8850363604724407,0.8933325638281531,0.9393939393939394,0.8934213045959041,0.8927584079792723,0.7515151515151515,"126,138,137,136,135,134,133,127,128,131",,"9,6,7"
shap_sampled,202292,8,2.8236550049987272,0.7878222540020943,0.8933440159016754,0.9393939393939394,0.8934213045936303,0.8927584079792723,0.7515151515151515,"137,138,126,127,128,129,130,136,135,132",,"9,6,7"
shap_sampled,202292,9,2.88710637999975,0.7878222540020943,0.8933440159016754,0.9393939393939394,0.8934213045936303,0.8927584079792723,0.7515151515151515,"137,138,126,127,128,129,130,136,135,132",,"9,6,7"
shap_sampled,169364,0,26.869443065002997,0.7007118761539459,0.9598057056236939,0.9393939393939394,0.957723502535373,0.9597735624483903,0.7454545454545455,"48,55,54,53,52,51,50,49,43,44",,"3,5,0"
shap_sampled,169364,1,26.50421680799991,0.7007118165493011,0.9598057056236939,0.9393939393939394,0.957723502535373,0.9597735624483903,0.7454545454545455,"48,55,54,53,52,51,50,49,43,44",,"3,5,0"
shap_sampled,169364,2,26.582902705999004,0.7007118165493011,0.9598057056236939,0.9393939393939394,0.957723502535373,0.9597735624483903,0.7454545454545455,"48,55,54,53,52,51,50,49,43,44",,"3,5,0"
shap_sampled,169364,3,26.281171856000583,0.7007118761539459,0.9598057056236939,0.9393939393939394,0.957723502535373,0.9597735624483903,0.7454545454545455,"48,55,54,53,52,51,50,49,43,44",,"3,5,0"
shap_sampled,169364,4,26.42380731600133,0.7007118761539459,0.9598057056236939,0.9393939393939394,0.957723502535373,0.9597735624483903,0.7454545454545455,"48,55,54,53,52,51,50,49,43,44",,"3,5,0"
shap_sampled,169364,5,26.422839856997598,0.7007118463516235,0.9598057056236939,0.9393939393939394,0.957723502535373,0.9597735624483903,0.7454545454545455,"48,55,54,53,52,51,50,49,43,44",,"3,5,0"
shap_sampled,169364,6,26.473243037999055,0.7007118165493011,0.9598057056236939,0.9393939393939394,0.957723502535373,0.9597735624483903,0.7454545454545455,"48,55,54,53,52,51,50,49,43,44",,"3,5,0"
shap_sampled,169364,7,26.244165506999707,0.7007118761539459,0.9598057056236939,0.9393939393939394,0.957723502535373,0.9597735624483903,0.7454545454545455,"48,55,54,53,52,51,50,49,43,44",,"3,5,0"
shap_sampled,169364,8,26.85513859099956,0.7007119357585907,0.9598057056236939,0.9393939393939394,0.957723502535373,0.9597735624483903,0.7454545454545455,"48,55,54,53,52,51,50,49,43,44",,"3,5,0"
shap_sampled,169364,9,26.291636362002464,0.7007119357585907,0.9598057056236939,0.9393939393939394,0.957723502535373,0.9597735624483903,0.7454545454545455,"48,55,54,53,52,51,50,49,43,44",,"3,5,0"
shap_sampled,143000,0,83.60917544699987,0.280267596244812,0.7094067293219268,0.9393939393939394,0.651921458542347,0.09337764978408813,0.7515151515151515,"151,139,140,141,142,143,144,150,149,146",,"10,3,5"
shap_sampled,143000,1,83.32465380199937,0.2802675664424896,0.7094067293219268,0.9393939393939394,0.6519213393330574,0.09337776899337769,0.7515151515151515,"151,139,140,141,142,143,144,150,149,146",,"10,3,5"
shap_sampled,143000,2,83.50461541999903,0.280267596244812,0.7094067293219268,0.9393939393939394,0.6519213989377022,0.09337770938873291,0.7515151515151515,"151,139,140,141,142,143,144,150,149,146",,"3,10,5"
shap_sampled,143000,3,83.36018691499703,0.2802676260471344,0.7094067889265716,0.9393939393939394,0.6519213989377022,0.09337770938873291,0.7515151515151515,"151,139,140,141,142,143,144,150,149,146",,"10,3,5"
shap_sampled,143000,4,83.47335294200093,0.2802676558494568,0.7094067889265716,0.9393939393939394,0.6519214734435081,0.09337764978408813,0.7515151515151515,"151,139,140,141,142,143,144,150,149,146",,"10,3,5"
shap_sampled,143000,5,83.06620325699987,0.280267596244812,0.7094067293219268,0.9393939393939394,0.6519213393330574,0.09337776899337769,0.7515151515151515,"151,139,140,141,142,143,144,150,149,146",,"10,3,5"
shap_sampled,143000,6,84.73501896800008,0.2802676558494568,0.7094067889265716,0.9393939393939394,0.6519213989377022,0.09337770938873291,0.7515151515151515,"151,139,140,141,142,143,144,150,149,146",,"10,3,5"
shap_sampled,143000,7,84.52784910300034,0.28026753664016724,0.7094067293219268,0.9393939393939394,0.6519213393330574,0.09337776899337769,0.7515151515151515,"151,139,140,141,142,143,144,150,149,146",,"10,3,5"
shap_sampled,143000,8,83.8057259499983,0.2802676260471344,0.709406781475991,0.9393939393939394,0.651921458542347,0.09337764978408813,0.7515151515151515,"151,139,140,141,142,143,144,150,149,146",,"3,10,5"
shap_sampled,143000,9,83.65921705399887,0.2802675664424896,0.7094067293219268,0.9393939393939394,0.6519213989377022,0.09337770938873291,0.7515151515151515,"151,139,140,141,142,143,144,150,149,146",,"10,3,5"
shap_sampled,156901,0,41.75387207200038,0.0052697062492370605,0.981084298575297,0.9393939393939394,0.629855215549469,0.03492558002471924,0.7515151515151515,"144,149,150,151,148,147,146,145,143,139",,"10,3,5"
shap_sampled,156901,1,41.60175881399846,0.0052697062492370605,0.981084298575297,0.9393939393939394,0.629855215549469,0.03492558002471924,0.7515151515151515,"144,149,150,151,148,147,146,145,143,139",,"10,3,5"
shap_sampled,156901,2,41.81163256099899,0.0052697062492370605,0.9810843002051115,0.9393939393939394,0.629855215549469,0.03492558002471924,0.7515151515151515,"144,150,151,149,148,147,146,145,143,139",,"10,3,5"
shap_sampled,156901,3,41.324606391997804,0.024720847606658936,0.9747513746842742,0.9393939393939394,0.6298551559448242,0.03492558002471924,0.7515151515151515,"151,139,140,141,142,143,144,150,149,146",,"10,3,5"
shap_sampled,156901,4,41.499202056002105,0.024720847606658936,0.974751366302371,0.9393939393939394,0.6298553049564362,0.03492558002471924,0.7515151515151515,"151,139,140,141,142,143,144,150,149,146",,"10,3,5"
shap_sampled,156901,5,41.14916262299812,0.024720847606658936,0.974751366302371,0.9393939393939394,0.629855215549469,0.03492558002471924,0.7515151515151515,"151,139,140,141,142,143,144,150,149,146",,"10,3,5"
shap_sampled,156901,6,41.3048918079985,0.0052697062492370605,0.981084298575297,0.9393939393939394,0.629855215549469,0.03492558002471924,0.7515151515151515,"144,150,151,149,148,147,146,145,143,139",,"10,3,5"
shap_sampled,156901,7,41.2034570049982,0.0052697062492370605,0.9810843002051115,0.9393939393939394,0.6298551559448242,0.03492558002471924,0.7515151515151515,"144,149,150,151,148,147,146,145,143,139",,"10,3,5"
shap_sampled,156901,8,41.36011551100091,0.0052697062492370605,0.981084298575297,0.9393939393939394,0.629855215549469,0.03492558002471924,0.7515151515151515,"144,149,150,151,148,147,146,145,143,139",,"10,3,5"
shap_sampled,156901,9,41.45215197599828,0.0052697062492370605,0.981084298575297,0.9393939393939394,0.629855215549469,0.03492558002471924,0.7515151515151515,"144,149,150,151,148,147,146,145,143,139",,"10,3,5"
shap_sampled,170917,0,118.58267712499946,0.9652758684242144,0.9656036705928273,0.9393939393939394,0.9656333823587708,0.9617425932083279,0.7454545454545455,"1,0,13,12,11,10,9,8,2,3",,"0,4,3"
shap_sampled,170917,1,118.30431090099955,0.9652758687443566,0.9656036705928273,0.9393939393939394,0.9656333823587708,0.9617425932083279,0.7454545454545455,"1,0,13,12,11,10,9,8,2,3",,"0,4,3"
shap_sampled,170917,2,118.32963865499914,0.9652758687443566,0.9656036705928273,0.9393939393939394,0.9656333823587708,0.9617425932083279,0.7454545454545455,"1,0,13,12,11,10,9,8,2,3",,"0,4,3"
shap_sampled,170917,3,117.97410031500112,0.9652758687443566,0.9656036705928273,0.9393939393939394,0.9656333823587708,0.9617425932083279,0.7454545454545455,"1,0,13,12,11,10,9,8,2,3",,"0,4,3"
shap_sampled,170917,4,118.74114412500057,0.9652758687443566,0.9656036705928273,0.9393939393939394,0.9656333823587708,0.9617425932083279,0.7454545454545455,"1,0,13,12,11,10,9,8,2,3",,"0,4,3"
shap_sampled,170917,5,118.0748036110017,0.9652758687443566,0.9656036705928273,0.9393939393939394,0.9656333823587708,0.9617425932083279,0.7454545454545455,"1,0,13,12,11,10,9,8,2,3",,"0,4,3"
shap_sampled,170917,6,118.29509583199979,0.9652758687443566,0.9656036705928273,0.9393939393939394,0.9656333823587708,0.9617426004260778,0.7454545454545455,"1,0,13,12,11,10,9,8,2,3",,"0,4,3"
shap_sampled,170917,7,118.82254939100312,0.9652758687443566,0.9656036705928273,0.9393939393939394,0.9656333874256906,0.965347750519868,0.7454545454545455,"1,0,13,12,11,10,9,8,2,3",,"0,4,5"
shap_sampled,170917,8,118.76677898900016,0.9652758687443566,0.9656036705928273,0.9393939393939394,0.9656333823587708,0.9617425932083279,0.7454545454545455,"1,0,13,12,11,10,9,8,2,3",,"0,4,3"
shap_sampled,170917,9,118.29535095099709,0.9652758684242144,0.9656036705928273,0.9393939393939394,0.9656333874256906,0.965347750519868,0.7454545454545455,"1,0,13,12,11,10,9,8,2,3",,"0,4,5"
shap_sampled,167298,0,30.322183244999906,0.8677378818392754,0.9797017840028275,0.9393939393939394,0.9773192836437374,0.9790400440688245,0.7454545454545455,"42,55,54,53,52,51,50,49,43,44",,"3,5,0"
shap_sampled,167298,1,30.08528846899935,0.8677379041910172,0.9797017840028275,0.9393939393939394,0.9773192862048745,0.9790400437195785,0.7454545454545455,"42,55,54,53,52,51,50,49,43,44",,"3,5,0"
shap_sampled,167298,2,30.347260424001433,0.736946627497673,0.9797102593602176,0.9393939393939394,0.9773192836437374,0.9790400437195785,0.7454545454545455,"48,55,54,53,52,51,50,49,43,44",,"3,5,0"
shap_sampled,167298,3,30.116211024000222,0.8677378669381142,0.9797017840028275,0.9393939393939394,0.47784990072250366,0.09802037477493286,0.7515151515151515,"42,55,54,53,52,51,50,49,43,44",,"3,5,10"
shap_sampled,167298,4,30.33893141199951,0.0010065436363220215,0.9797276831441195,0.9393939393939394,0.9773192836437374,0.9790400440688245,0.7454545454545455,"83,70,71,72,73,74,75,76,82,81",,"5,3,0"
shap_sampled,167298,5,30.105170445000113,0.0010065436363220215,0.9797276831532145,0.9393939393939394,0.9773192836437374,0.9790400437195785,0.7454545454545455,"83,70,71,72,73,74,75,76,82,81",,"5,3,0"
shap_sampled,167298,6,30.355007591002504,0.07317018508911133,0.9797235125179213,0.9393939393939394,0.47784990072250366,0.09802037477493286,0.7515151515151515,"77,71,72,73,74,75,76,83,81,80",,"5,3,10"
shap_sampled,167298,7,30.14380798700222,0.0010065436363220215,0.9797276831532145,0.9393939393939394,0.9773192836437374,0.9790400437195785,0.7454545454545455,"83,70,71,72,73,74,75,76,82,81",,"5,3,0"
shap_sampled,167298,8,30.346075653000298,0.8677378669381142,0.9797017840028275,0.9393939393939394,0.9773192836437374,0.9790400443598628,0.7454545454545455,"42,55,54,53,52,51,50,49,43,44",,"3,5,0"
shap_sampled,167298,9,30.126214006999362,0.07317018508911133,0.9797235125179213,0.9393939393939394,0.9773192836437374,0.9790400437195785,0.7454545454545455,"77,71,72,73,74,75,76,83,81,80",,"5,3,0"
shap_sampled,143208,0,3.524078345999442,0.651992617174983,0.6717035618858063,0.9393939393939394,0.6717474498753973,0.6699647583300248,0.7515151515151515,"136,138,137,126,127,128,129,135,134,131",,"9,7,4"
shap_sampled,143208,1,3.3078423789993394,0.651992617174983,0.6717035618858063,0.9393939393939394,0.6717473306661077,0.6699646391207352,0.7515151515151515,"136,138,137,126,127,128,129,135,134,131",,"9,4,7"
shap_sampled,143208,2,3.294305830000667,0.6519926115870476,0.6717035618858063,0.9393939393939394,0.6717474498753973,0.6699647583300248,0.7515151515151515,"136,138,137,126,127,128,129,135,134,131",,"9,4,7"
shap_sampled,143208,3,3.2694259919990145,0.6519924979656935,0.6717034426765167,0.9393939393939394,0.6717344808712369,0.6711277184658684,0.7515151515151515,"136,138,137,126,127,128,129,135,134,131",,"9,6,7"
shap_sampled,143208,4,3.5129654110023694,0.651992617174983,0.6717035618858063,0.9393939393939394,0.6717344808976122,0.6711277184658684,0.7515151515151515,"136,138,137,126,127,128,129,135,134,131",,"9,7,6"
shap_sampled,143208,5,3.2800766969994584,0.6519924979656935,0.6717034426765167,0.9393939393939394,0.6717474498753973,0.6699647583300248,0.7515151515151515,"136,138,137,126,127,128,129,135,134,131",,"9,4,7"
shap_sampled,143208,6,3.291141901998344,0.6519925575703382,0.6717035022811615,0.9393939393939394,0.6717474498753973,0.6699647583300248,0.7515151515151515,"136,138,137,126,127,128,129,135,134,131",,"9,4,7"
shap_sampled,143208,7,3.2918968939993647,0.651992617174983,0.6717035618858063,0.9393939393939394,0.6717473306661077,0.6699646391207352,0.7515151515151515,"136,138,137,126,127,128,129,135,134,131",,"9,4,7"
shap_sampled,143208,8,3.3036468179998337,0.651992617174983,0.6717035618858063,0.9393939393939394,0.6717342424790331,0.6711274800472893,0.7515151515151515,"136,138,137,126,127,128,129,135,134,131",,"9,7,6"
shap_sampled,143208,9,3.517197089997353,0.651992617174983,0.6717035618858063,0.9393939393939394,0.6717472114568181,0.6699645190965384,0.7515151515151515,"136,138,137,126,127,128,129,135,134,131",,"9,7,4"
shap_sampled,164192,0,30.53335310499824,0.8359901532530785,0.9152715297823306,0.9393939393939394,0.6319758892059326,0.915393816817982,0.7515151515151515,"47,55,54,42,43,44,45,46,52,51",,"3,9,4"
shap_sampled,164192,1,30.57615482700203,0.8359901532530785,0.9152715297823306,0.9393939393939394,0.6319758892059326,0.915393816817982,0.7515151515151515,"47,55,54,42,43,44,45,46,52,51",,"3,9,4"
shap_sampled,164192,2,30.637412702999427,0.07690578699111938,0.9153956715808866,0.9393939393939394,0.18157058954238892,0.9153782591856725,0.7575757575757576,"136,138,137,126,127,128,129,135,134,131",,"9,3,10"
shap_sampled,164192,3,30.412470601000678,0.07690578699111938,0.9153956715808866,0.9393939393939394,0.1815706491470337,0.9153782591856725,0.7575757575757576,"136,138,137,126,127,128,129,135,134,131",,"3,9,10"
shap_sampled,164192,4,30.563984672000515,0.07246118783950806,0.9153956694175411,0.9393939393939394,0.1815706491470337,0.9153782591856725,0.7575757575757576,"126,137,138,136,135,134,133,132,128,131",,"3,9,10"
shap_sampled,164192,5,30.363904133002507,0.07246118783950806,0.9153956694175411,0.9393939393939394,0.1815706491470337,0.9153782591856725,0.7575757575757576,"126,137,138,136,135,134,133,132,128,131",,"3,9,10"
shap_sampled,164192,6,30.68350780500259,0.07690578699111938,0.9153956715808866,0.9393939393939394,0.1815706491470337,0.9153782591856725,0.7575757575757576,"136,138,137,126,127,128,129,135,134,131",,"3,9,10"
shap_sampled,164192,7,30.497090492001007,0.07246118783950806,0.9153956694175411,0.9393939393939394,0.6319758892059326,0.915393816817982,0.7515151515151515,"126,137,138,136,135,134,133,132,128,131",,"3,9,4"
shap_sampled,164192,8,30.681311103999178,0.07246118783950806,0.9153956694175411,0.9393939393939394,0.1815706491470337,0.9153782591856725,0.7575757575757576,"126,137,138,136,135,134,133,132,128,131",,"3,9,10"
shap_sampled,164192,9,30.44667995099735,0.5776391327381134,0.9153324638682534,0.9393939393939394,0.6319758892059326,0.915393816817982,0.7515151515151515,"53,55,54,42,43,44,45,46,48,52",,"3,9,4"
shap_sampled,138377,0,7.531168984998658,0.0928349494934082,0.7656190173556752,0.9393939393939394,0.5496423095464706,0.760548357386142,0.7515151515151515,"54,55,42,43,44,45,46,47,53,52",,"3,4,11"
shap_sampled,138377,1,7.332524557998113,0.0928349494934082,0.7656190173615869,0.9393939393939394,0.4561610817909241,0.7370541952550411,0.7515151515151515,"54,55,42,43,44,45,46,47,53,52",,"3,4,10"
shap_sampled,138377,2,7.548758253000415,0.0928349494934082,0.7656190173556752,0.9393939393939394,0.5496423691511154,0.7605484169907868,0.7515151515151515,"54,55,42,43,44,45,46,47,53,52",,"3,4,11"
shap_sampled,138377,3,7.355105853999703,0.09283488988876343,0.7656189577569421,0.9393939393939394,0.456161230802536,0.7370542548596859,0.7515151515151515,"54,55,42,43,44,45,46,47,53,52",,"3,4,10"
shap_sampled,138377,4,7.553863344001002,0.5131034255027771,0.7656192689373711,0.9393939393939394,0.5496424436569214,0.7605484169907868,0.7515151515151515,"48,53,54,55,52,51,50,49,43,44",,"3,4,11"
shap_sampled,138377,5,7.329500063002342,0.0928349494934082,0.7656190173556752,0.9393939393939394,0.5496424436569214,0.7605484169907868,0.7515151515151515,"54,55,42,43,44,45,46,47,53,52",,"3,4,11"
shap_sampled,138377,6,7.562402943000052,0.0928349494934082,0.7656189577569421,0.9393939393939394,0.45616114139556885,0.7370542399585247,0.7515151515151515,"54,55,42,43,44,45,46,47,53,52",,"3,4,10"
shap_sampled,138377,7,7.347197914998105,0.0928349494934082,0.7656190173615869,0.9393939393939394,0.5496423989534378,0.7605484169907868,0.7515151515151515,"54,55,42,43,44,45,46,47,53,52",,"3,4,11"
shap_sampled,138377,8,7.541503053002089,0.09283500909805298,0.7656190173556752,0.9393939393939394,0.5496423840522766,0.760548357386142,0.7515151515151515,"54,55,42,43,44,45,46,47,53,52",,"3,4,11"
shap_sampled,138377,9,7.56628395000007,0.3894352316856384,0.765617155124346,0.9393939393939394,0.45616111159324646,0.7370541952550411,0.7515151515151515,"47,54,53,52,55,51,50,49,48,46",,"3,4,10"
shap_sampled,168076,0,15.124142164997465,0.7747802585363388,0.9907904054148275,0.9393939393939394,0.976550062187016,0.9539717398583889,0.7454545454545455,"42,55,54,53,52,51,50,49,43,44",,"3,5,6"
shap_sampled,168076,1,15.052772079998249,0.5665597021579742,0.9907916665888479,0.9393939393939394,0.9897451887372881,0.9907181622693315,0.7454545454545455,"48,55,54,53,52,51,50,49,43,44",,"3,5,0"
shap_sampled,168076,2,15.062992543000291,0.5665596425533295,0.9907916665856646,0.9393939393939394,0.9897451882716268,0.9907181622693315,0.7454545454545455,"48,55,54,53,52,51,50,49,43,44",,"3,5,0"
shap_sampled,168076,3,15.12520068899903,0.5665597021579742,0.9907916665888479,0.9393939393939394,0.9897451882716268,0.9907181622693315,0.7454545454545455,"48,55,54,53,52,51,50,49,43,44",,"3,5,0"
shap_sampled,168076,4,15.62321308600076,0.5665596425533295,0.9907916665888479,0.9393939393939394,0.9897451882716268,0.9907181622693315,0.7454545454545455,"48,55,54,53,52,51,50,49,43,44",,"3,5,0"
shap_sampled,168076,5,15.074300403000962,0.566559761762619,0.9907916665888479,0.9393939393939394,0.9897451882716268,0.9907181622693315,0.7454545454545455,"48,55,54,53,52,51,50,49,43,44",,"3,5,0"
shap_sampled,168076,6,15.080845747001149,0.7747802585363388,0.9907904054148275,0.9393939393939394,0.9765500696375966,0.9539717398583889,0.7454545454545455,"42,55,54,53,52,51,50,49,43,44",,"3,5,6"
shap_sampled,168076,7,15.097044777001429,0.5665595531463623,0.9907916665888479,0.9393939393939394,0.9897451882716268,0.9907181622693315,0.7454545454545455,"48,55,54,53,52,51,50,49,43,44",,"3,5,0"
shap_sampled,168076,8,15.29694255400318,0.7747802585363388,0.9907904054148275,0.9393939393939394,0.976550062187016,0.953971728682518,0.7454545454545455,"42,55,54,53,52,51,50,49,43,44",,"3,5,6"
shap_sampled,168076,9,15.109433281002566,0.566559761762619,0.9907916665888479,0.9393939393939394,0.9897451887372881,0.9907181622693315,0.7454545454545455,"48,55,54,53,52,51,50,49,43,44",,"3,5,0"
shap_sampled,199096,0,3.023747652001475,0.9203998148441315,0.9782569824601524,0.9393939393939394,0.9783612369519687,0.977187127689831,0.7515151515151515,"126,138,137,136,135,134,133,131,127,128",,"9,6,7"
shap_sampled,199096,1,3.0245474279981863,0.9203998148441315,0.9782569824601524,0.9393939393939394,0.9783612369601542,0.977187127689831,0.7515151515151515,"126,138,137,136,135,134,133,131,127,128",,"9,6,7"
shap_sampled,199096,2,3.030828224000288,0.8859586492180824,0.978301839211781,0.9393939393939394,0.9783612369519687,0.9771871271077543,0.7515151515151515,"132,138,137,136,135,134,133,127,128,129",,"9,6,7"
shap_sampled,199096,3,2.99821308600076,0.9203998148441315,0.9782569824601524,0.9393939393939394,0.9783612369519687,0.977187127689831,0.7515151515151515,"126,138,137,136,135,134,133,131,127,128",,"9,6,7"
shap_sampled,199096,4,3.232781550999789,0.9203998148441315,0.9782569824601524,0.9393939393939394,0.9783612369519687,0.977187127689831,0.7515151515151515,"126,138,137,136,135,134,133,131,127,128",,"9,6,7"
shap_sampled,199096,5,3.015616693002812,0.9203998148441315,0.9782569824601524,0.9393939393939394,0.9783612369519687,0.977187127689831,0.7515151515151515,"126,138,137,136,135,134,133,131,127,128",,"9,6,7"
shap_sampled,199096,6,3.013590247999673,0.9203998297452927,0.9782569824601524,0.9393939393939394,0.9783612369519687,0.977187127689831,0.7515151515151515,"126,138,137,136,135,134,133,131,127,128",,"9,6,7"
shap_sampled,199096,7,3.0175957499996002,0.9203998148441315,0.9782569824601524,0.9393939393939394,0.9783612369519687,0.977187127689831,0.7515151515151515,"126,138,137,136,135,134,133,131,127,128",,"9,6,7"
shap_sampled,199096,8,3.0214409990003332,0.9203998148441315,0.9782569824601524,0.9393939393939394,0.9783612369519687,0.977187127689831,0.7515151515151515,"126,138,137,136,135,134,133,131,127,128",,"9,6,7"
shap_sampled,199096,9,3.0267824860020482,0.9203998297452927,0.9782569824601524,0.9393939393939394,0.9783612369519687,0.9771871271077543,0.7515151515151515,"126,138,137,136,135,134,133,131,127,128",,"9,6,7"
shap_sampled,194140,0,8.142454643999372,0.2609041929244995,0.638479915738742,0.9393939393939394,0.6384800336654308,0.3361704349517822,0.7515151515151515,"68,69,56,57,58,59,60,61,63,67",,"4,0,9"
shap_sampled,194140,1,8.120159476999106,0.6383743769765715,0.638479547123211,0.9393939393939394,0.6384800336654308,0.3361704349517822,0.7515151515151515,"1,0,13,12,11,10,9,8,2,3",,"0,4,9"
shap_sampled,194140,2,7.9565123620013765,0.2609041929244995,0.6384799157388699,0.9393939393939394,0.6384800336654308,0.3361704349517822,0.7515151515151515,"68,69,56,57,58,59,60,61,63,67",,"4,0,9"
shap_sampled,194140,3,8.141210260997468,0.2609041929244995,0.6384799157388699,0.9393939393939394,0.6384800336654308,0.33617085218429565,0.7515151515151515,"68,69,56,57,58,59,60,61,63,67",,"4,0,9"
shap_sampled,194140,4,7.915697915999772,0.6383743770784349,0.6384795471236657,0.9393939393939394,0.6384800336654308,0.33617085218429565,0.7515151515151515,"1,0,13,12,11,10,9,8,2,3",,"0,4,9"
shap_sampled,194140,5,8.128671473001305,0.6383743770784349,0.638479547123211,0.9393939393939394,0.6384800336654308,0.3361704349517822,0.7515151515151515,"1,0,13,12,11,10,9,8,2,3",,"0,4,9"
shap_sampled,194140,6,7.932614146997366,0.2609041929244995,0.638479915738742,0.9393939393939394,0.6384800336654308,0.3361704349517822,0.7515151515151515,"68,69,56,57,58,59,60,61,63,67",,"4,0,9"
shap_sampled,194140,7,8.134864894000202,0.6383743770784349,0.6384795471236657,0.9393939393939394,0.6384800336654308,0.3361704349517822,0.7515151515151515,"1,0,13,12,11,10,9,8,2,3",,"0,4,9"
shap_sampled,194140,8,8.120805733000452,0.27468904852867126,0.6384798980319317,0.9393939393939394,0.6384800336654308,0.33617085218429565,0.7515151515151515,"56,69,68,67,66,65,64,63,61,57",,"4,0,9"
shap_sampled,194140,9,7.920477865998691,0.27468904852867126,0.6384798980319317,0.9393939393939394,0.6384800336654308,0.33617085218429565,0.7515151515151515,"56,69,68,67,66,65,64,63,61,57",,"4,0,9"
shap_sampled,153891,0,43.215022527001565,0.6914589107036591,0.9875932697177632,0.9393939393939394,0.9381142854690552,0.9708021022379398,0.7454545454545455,"48,53,54,55,52,51,50,49,43,44",,"3,5,6"
shap_sampled,153891,1,42.957339311000396,0.6914589107036591,0.9875932697177632,0.9393939393939394,0.9381142854690552,0.9708021022379398,0.7454545454545455,"48,53,54,55,52,51,50,49,43,44",,"3,5,6"
shap_sampled,153891,2,43.17778920500132,0.09666043519973755,0.987596648701583,0.9393939393939394,0.9381142854690552,0.9708021022379398,0.7454545454545455,"54,55,42,43,44,45,46,47,53,52",,"3,5,6"
shap_sampled,153891,3,42.858662843002094,0.6914589107036591,0.9875932697177632,0.9393939393939394,0.21042007207870483,0.4163029193878174,0.7515151515151515,"48,53,54,55,52,51,50,49,43,44",,"3,5,10"
shap_sampled,153891,4,43.171366773000045,0.6914589107036591,0.9875932697177632,0.9393939393939394,0.9381142593920231,0.9708021022379398,0.7454545454545455,"48,53,54,55,52,51,50,49,43,44",,"3,5,6"
shap_sampled,153891,5,42.903223883000464,0.6914589107036591,0.9875932697177632,0.9393939393939394,0.9381142854690552,0.9708021096885204,0.7454545454545455,"48,53,54,55,52,51,50,49,43,44",,"3,5,6"
shap_sampled,153891,6,43.13985295800012,0.6914589107036591,0.9875932697177632,0.9393939393939394,0.9381142854690552,0.9708021096885204,0.7454545454545455,"48,53,54,55,52,51,50,49,43,44",,"3,5,6"
shap_sampled,153891,7,42.896864749996894,0.6914589405059814,0.9875932697177632,0.9393939393939394,0.9381142966449261,0.9708021022379398,0.7454545454545455,"48,53,54,55,52,51,50,49,43,44",,"3,5,6"
shap_sampled,153891,8,43.11242923499958,0.6914589107036591,0.9875932697177632,0.9393939393939394,0.9381142854690552,0.9708021096885204,0.7454545454545455,"48,53,54,55,52,51,50,49,43,44",,"3,5,6"
shap_sampled,153891,9,42.934619405001285,0.6914588510990143,0.9875932697177632,0.9393939393939394,0.9381142854690552,0.9708021096885204,0.7454545454545455,"48,53,54,55,52,51,50,49,43,44",,"3,5,6"
shap_sampled,155552,0,2.9584754570023506,0.8522765636444092,0.9967779390590294,0.9393939393939394,0.9967333538443199,0.9856369318440557,0.7515151515151515,"90,84,85,97,86,87,88,89,94,95",,"6,9,7"
shap_sampled,155552,1,2.7465135359998385,0.8522765934467316,0.9967779390590294,0.9393939393939394,0.996594817523146,0.9874035594984889,0.7575757575757576,"90,84,97,85,86,87,88,89,95,94",,"6,9,10"
shap_sampled,155552,2,2.72075777200007,0.8522765636444092,0.9967779390590294,0.9393939393939394,0.996594817523146,0.9874035594984889,0.7575757575757576,"90,84,97,85,86,87,88,89,95,94",,"6,9,10"
shap_sampled,155552,3,2.7205986740009394,0.852178156375885,0.9967782650721801,0.9393939393939394,0.996594817523146,0.9874035594984889,0.7575757575757576,"90,84,85,86,87,88,89,95,94,93",,"6,9,10"
shap_sampled,155552,4,2.7301450970007863,0.852178156375885,0.9967782650721801,0.9393939393939394,0.9967333538443199,0.9856369318440557,0.7515151515151515,"90,84,85,86,87,88,89,95,94,93",,"6,9,7"
shap_sampled,155552,5,2.7325675590000174,0.8522765636444092,0.9967779390590294,0.9393939393939394,0.996594817523146,0.9874035594984889,0.7575757575757576,"90,84,97,85,86,87,88,89,95,94",,"6,9,10"
shap_sampled,155552,6,2.9573278870011563,0.9547811672091484,0.996760279414957,0.9393939393939394,0.996594817523146,0.9874035594984889,0.7575757575757576,"95,97,96,84,85,86,87,88,94,93",,"6,9,10"
shap_sampled,155552,7,2.737230708000425,0.8522765636444092,0.9967779390590294,0.9393939393939394,0.996594817523146,0.9874035594984889,0.7575757575757576,"90,84,97,85,86,87,88,89,95,94",,"6,9,10"
shap_sampled,155552,8,2.7418019239994464,0.8522765636444092,0.9967779390590294,0.9393939393939394,0.9967333538443199,0.9856369318440557,0.7515151515151515,"90,84,97,85,86,87,88,89,95,94",,"6,9,7"
shap_sampled,155552,9,2.7338531390014396,0.8522765636444092,0.9967779390590294,0.9393939393939394,0.996594817523146,0.9874035594984889,0.7575757575757576,"90,84,97,85,86,87,88,89,95,94",,"6,9,10"
shap_sampled,170111,0,8.766121404001751,0.6237431243062019,0.7247300463568536,0.9393939393939394,0.7237910146359354,0.6151602268218994,0.7454545454545455,"54,55,42,43,44,45,46,47,53,52",,"3,5,6"
shap_sampled,170111,1,8.473370882999006,0.6237430647015572,0.7247299867522088,0.9393939393939394,0.7237910146359354,0.6151602268218994,0.7454545454545455,"54,55,42,43,44,45,46,47,53,52",,"3,5,6"
shap_sampled,170111,2,8.728732990002754,0.6237430647015572,0.7247299867522088,0.9393939393939394,0.7237910146359354,0.6151602268218994,0.7454545454545455,"54,55,42,43,44,45,46,47,53,52",,"3,5,6"
shap_sampled,170111,3,8.727917634001642,0.024276673793792725,0.7247556563779654,0.9393939393939394,0.7237910146359354,0.6151602268218994,0.7454545454545455,"49,42,43,44,45,46,47,48,54,53",,"3,5,6"
shap_sampled,170111,4,8.489287961998343,0.6237431019544601,0.7247300463568536,0.9393939393939394,0.7237910146359354,0.6151602268218994,0.7454545454545455,"54,55,42,43,44,45,46,47,53,52",,"3,5,6"
shap_sampled,170111,5,8.70900358200015,0.7158412160351872,0.7247031005244935,0.9393939393939394,0.7237910146359354,0.6151602268218994,0.7454545454545455,"42,55,54,53,52,51,50,49,43,44",,"3,5,6"
shap_sampled,170111,6,8.71454672999971,0.706245981156826,0.7247234820533777,0.9393939393939394,0.7237909550312907,0.6151601672172546,0.7454545454545455,"48,54,55,53,52,51,50,49,43,44",,"3,5,6"
shap_sampled,170111,7,8.469797334997565,0.6237430423498154,0.7247299867522088,0.9393939393939394,0.7237909550312907,0.6151601672172546,0.7454545454545455,"54,55,42,43,44,45,46,47,53,52",,"3,5,6"
shap_sampled,170111,8,8.688107379002759,0.6237430647015572,0.7247299867522088,0.9393939393939394,0.7237910146359354,0.6151601821184158,0.7454545454545455,"54,55,42,43,44,45,46,47,53,52",,"3,5,6"
shap_sampled,170111,9,8.743974196000636,0.6237430348992348,0.7247299867522088,0.9393939393939394,0.7237910146359354,0.6151602268218994,0.7454545454545455,"54,55,42,43,44,45,46,47,53,52",,"3,5,6"
shap_sampled,153011,0,4.196967190000578,0.8676396086812019,0.9503240903395636,0.9393939393939394,0.9259720835834742,0.946644690586254,0.7515151515151515,"42,55,54,53,52,51,50,49,43,44",,"3,5,11"
shap_sampled,153011,1,4.184813477000716,0.7417704612016678,0.9502989158645505,0.9393939393939394,0.5943177342414856,0.942239317111671,0.7454545454545455,"53,55,54,42,43,44,45,46,52,51",,"3,5,7"
shap_sampled,153011,2,4.1829825599998,0.6935178637504578,0.9503295236754639,0.9393939393939394,0.5943177342414856,0.942239317111671,0.7454545454545455,"47,52,53,54,55,51,50,49,48,46",,"3,5,7"
shap_sampled,153011,3,4.382019707001746,0.6935178339481354,0.9503295236754639,0.9393939393939394,0.5943177342414856,0.942239317111671,0.7454545454545455,"47,55,54,53,52,51,50,49,48,46",,"3,5,7"
shap_sampled,153011,4,4.177436296999076,0.579507052898407,0.9503216807934223,0.9393939393939394,0.5943177342414856,0.942239317111671,0.7454545454545455,"76,82,81,80,79,78,77,71,72,73",,"5,3,7"
shap_sampled,153011,5,4.170064548001392,0.210779070854187,0.9503437706371187,0.9393939393939394,0.8505829647183418,0.7705633044242859,0.7515151515151515,"70,82,83,81,80,79,78,77,71,72",,"5,3,10"
shap_sampled,153011,6,4.398792266001692,0.210779070854187,0.9503437706371187,0.9393939393939394,0.850582979619503,0.7705633044242859,0.7515151515151515,"70,82,83,81,80,79,78,77,71,72",,"5,3,10"
shap_sampled,153011,7,4.175589399997989,0.12112551927566528,0.950360036074926,0.9393939393939394,0.9032167457044125,0.8747597560286522,0.7454545454545455,"77,71,72,73,74,75,76,83,81,80",,"5,3,6"
shap_sampled,153011,8,4.167787020000105,0.8676396310329437,0.9503240903395636,0.9393939393939394,0.5943177342414856,0.942239317111671,0.7454545454545455,"42,55,54,53,52,51,50,49,43,44",,"3,5,7"
shap_sampled,153011,9,4.176597367997601,0.12112563848495483,0.950360036074926,0.9393939393939394,0.850582979619503,0.7705633044242859,0.7515151515151515,"77,71,72,73,74,75,76,83,81,80",,"5,3,10"
shap_exact,136551,0,1.1140025639979285,0.1964462399482727,0.9738123885617824,0.9393939393939394,0.7347414195537567,0.9368314705789089,0.7454545454545455,"54,42,55,43,44,45,46,47,53,52",3.552713678800501e-15,"3,5,4"
shap_exact,136551,1,1.3189668209997762,0.1964462399482727,0.9738123885617824,0.9393939393939394,0.7347413003444672,0.9368313513696194,0.7454545454545455,"54,42,55,43,44,45,46,47,53,52",8.881784197001252e-16,"3,5,4"
shap_exact,136551,2,1.1017954310009372,0.1964462399482727,0.9738123885617824,0.9393939393939394,0.7347414642572403,0.9368314705789089,0.7454545454545455,"54,42,55,43,44,45,46,47,53,52",4.440892098500626e-15,"3,5,4"
shap_exact,136551,3,1.104252496999834,0.1964462399482727,0.9738123885617824,0.9393939393939394,0.7347414195537567,0.9368314705789089,0.7454545454545455,"54,42,55,43,44,45,46,47,53,52",4.440892098500626e-15,"3,5,4"
shap_exact,136551,4,1.1054081830006908,0.1964462399482727,0.9738123885617824,0.9393939393939394,0.7347414195537567,0.9368314705789089,0.7454545454545455,"54,42,55,43,44,45,46,47,53,52",2.6645352591003757e-15,"3,5,4"
shap_exact,136551,5,1.104731728999468,0.1964462399482727,0.9738123885617824,0.9393939393939394,0.7347414195537567,0.9368314705789089,0.7454545454545455,"54,42,55,43,44,45,46,47,53,52",8.881784197001252e-16,"3,5,4"
shap_exact,136551,6,1.1047850390023086,0.1964462399482727,0.9738123885617824,0.9393939393939394,0.7347414642572403,0.9368314705789089,0.7454545454545455,"54,42,55,43,44,45,46,47,53,52",8.881784197001252e-16,"3,5,4"
shap_exact,136551,7,1.1063291359969298,0.1964462399482727,0.9738123885617824,0.9393939393939394,0.7347414642572403,0.9368314705789089,0.7454545454545455,"54,42,55,43,44,45,46,47,53,52",1.7763568394002505e-15,"3,5,4"
shap_exact,136551,8,1.105997030997969,0.1964462399482727,0.9738123885617824,0.9393939393939394,0.7347414195537567,0.9368314705789089,0.7454545454545455,"54,42,55,43,44,45,46,47,53,52",3.552713678800501e-15,"3,5,4"
shap_exact,136551,9,1.1156974849982362,0.1964462399482727,0.9738123885617824,0.9393939393939394,0.7347414642572403,0.9368314705789089,0.7454545454545455,"54,42,55,43,44,45,46,47,53,52",0.0,"3,5,4"
shap_exact,170429,0,1.0915580359978776,0.80880206823349,0.9644185051074601,0.9393939393939394,0.9606621360871941,0.9621226410381496,0.7454545454545455,"76,82,81,80,79,78,77,71,72,73",2.6645352591003757e-15,"5,3,0"
shap_exact,170429,1,1.0943265780006186,0.80880206823349,0.9644185051074601,0.9393939393939394,0.9606621360871941,0.9621226410381496,0.7454545454545455,"76,82,81,80,79,78,77,71,72,73",2.6645352591003757e-15,"5,3,0"
shap_exact,170429,2,1.087597278998146,0.80880206823349,0.9644185051074601,0.9393939393939394,0.9606622552964836,0.9621227602474391,0.7454545454545455,"76,82,81,80,79,78,77,71,72,73",4.440892098500626e-15,"5,3,0"
shap_exact,170429,3,1.0932988229978946,0.80880206823349,0.9644185051074601,0.9393939393939394,0.9606621360871941,0.9621226410381496,0.7454545454545455,"76,82,81,80,79,78,77,71,72,73",1.7763568394002505e-15,"5,3,0"
shap_exact,170429,4,1.090177746002155,0.80880206823349,0.9644185051074601,0.9393939393939394,0.9606621323619038,0.9621226410381496,0.7454545454545455,"76,82,81,80,79,78,77,71,72,73",2.6645352591003757e-15,"5,3,0"
shap_exact,170429,5,1.0906500759992923,0.8088021278381348,0.9644185051074601,0.9393939393939394,0.9606621360871941,0.9621226410381496,0.7454545454545455,"76,82,81,80,79,78,77,71,72,73",8.881784197001252e-16,"5,3,0"
shap_exact,170429,6,1.0930429790023481,0.80880206823349,0.9644185051074601,0.9393939393939394,0.9606622552964836,0.9621227602474391,0.7454545454545455,"76,82,81,80,79,78,77,71,72,73",8.881784197001252e-16,"5,3,0"
shap_exact,170429,7,1.321326148998196,0.80880206823349,0.9644185051074601,0.9393939393939394,0.9606621360871941,0.9621226410381496,0.7454545454545455,"76,82,81,80,79,78,77,71,72,73",0.0,"5,3,0"
shap_exact,170429,8,1.0979753999999957,0.80880206823349,0.9644185051074601,0.9393939393939394,0.9606621360871941,0.9621226410381496,0.7454545454545455,"76,82,81,80,79,78,77,71,72,73",0.0,"5,3,0"
shap_exact,170429,9,1.091767873000208,0.8088019490242004,0.9644183858981705,0.9393939393939394,0.9606621360871941,0.9621226410381496,0.7454545454545455,"76,82,81,80,79,78,77,71,72,73",2.6645352591003757e-15,"5,3,0"
shap_exact,150888,0,1.1988018350020866,0.6617039144039154,0.8458767733100103,0.9393939393939394,0.4241173565387726,0.0941704511642456,0.7515151515151515,"42,55,54,53,52,51,50,49,43,44",7.105427357601002e-15,"3,10,5"
shap_exact,150888,1,1.1929765269997006,0.6617038249969482,0.8458766541007208,0.9393939393939394,0.4241172969341278,0.0941704511642456,0.7515151515151515,"42,55,54,53,52,51,50,49,43,44",3.552713678800501e-15,"3,10,5"
shap_exact,150888,2,1.190354260001186,0.6617038697004318,0.8458767733100103,0.9393939393939394,0.4241173267364502,0.0941704511642456,0.7515151515151515,"42,55,54,53,52,51,50,49,43,44",8.881784197001252e-16,"3,10,5"
shap_exact,150888,3,1.1971376309993502,0.6617037951946259,0.8458766541007208,0.9393939393939394,0.42411744594573975,0.09417033195495605,0.7515151515151515,"42,55,54,53,52,51,50,49,43,44",5.329070518200751e-15,"3,10,5"
shap_exact,150888,4,1.1900427639993723,0.6617038697004318,0.8458767733100103,0.9393939393939394,0.42411747574806213,0.09417033195495605,0.7515151515151515,"42,55,54,53,52,51,50,49,43,44",2.6645352591003757e-15,"3,10,5"
shap_exact,150888,5,1.1951719710014004,0.6617039144039154,0.8458767733100103,0.9393939393939394,0.4241173565387726,0.0941704511642456,0.7515151515151515,"42,55,54,53,52,51,50,49,43,44",7.105427357601002e-15,"3,10,5"
shap_exact,150888,6,1.183469118001085,0.6617037951946259,0.8458766541007208,0.9393939393939394,0.42411744594573975,0.09417033195495605,0.7515151515151515,"42,55,54,53,52,51,50,49,43,44",8.881784197001252e-16,"3,10,5"
shap_exact,150888,7,1.1774540530022932,0.6617039144039154,0.8458767730917316,0.9393939393939394,0.42411747574806213,0.09417033195495605,0.7515151515151515,"42,55,54,53,52,51,50,49,43,44",1.7763568394002505e-15,"3,10,5"
shap_exact,150888,8,1.1849588719996973,0.6617039442062378,0.845876772858901,0.9393939393939394,0.42411747574806213,0.09417033195495605,0.7515151515151515,"42,55,54,53,52,51,50,49,43,44",8.881784197001252e-16,"3,10,5"
shap_exact,150888,9,1.1831880590034416,0.6617037951946259,0.845876653882442,0.9393939393939394,0.42411741614341736,0.09417033195495605,0.7515151515151515,"42,55,54,53,52,51,50,49,43,44",2.6645352591003757e-15,"3,10,5"
shap_exact,160689,0,1.1012172129994724,0.7855750005692244,0.8116719501267653,0.9393939393939394,0.7338765487074852,0.11640381813049316,0.7515151515151515,"52,53,54,55,42,43,44,45,51,50",1.7763568394002505e-15,"3,5,10"
shap_exact,160689,1,1.0945092850015499,0.7855750005692244,0.8116719501267653,0.9393939393939394,0.7338765487074852,0.11640381813049316,0.7515151515151515,"52,53,54,55,42,43,44,45,51,50",1.7763568394002505e-15,"3,5,10"
shap_exact,160689,2,1.3149126339994837,0.7855750676244497,0.8116720097314101,0.9393939393939394,0.73387660831213,0.11640375852584839,0.7515151515151515,"52,53,54,55,42,43,44,45,51,50",0.0,"3,5,10"
shap_exact,160689,3,1.093996709001658,0.7855750005692244,0.8116719501267653,0.9393939393939394,0.7338765487074852,0.11640393733978271,0.7515151515151515,"52,53,54,55,42,43,44,45,51,50",3.552713678800501e-15,"3,5,10"
shap_exact,160689,4,1.0945977410010528,0.7855750005692244,0.8116719501267653,0.9393939393939394,0.7338765636086464,0.11640393733978271,0.7515151515151515,"52,53,54,55,42,43,44,45,51,50",3.552713678800501e-15,"3,5,10"
shap_exact,160689,5,1.0935843730003398,0.7855750005692244,0.8116719501267653,0.9393939393939394,0.7338765636086464,0.11640393733978271,0.7515151515151515,"52,53,54,55,42,43,44,45,51,50",1.7763568394002505e-15,"3,5,10"
shap_exact,160689,6,1.0964454790009768,0.7855750005692244,0.8116719501267653,0.9393939393939394,0.7338765487074852,0.11640381813049316,0.7515151515151515,"52,53,54,55,42,43,44,45,51,50",8.881784197001252e-16,"3,5,10"
shap_exact,160689,7,1.0966963219980244,0.7855750005692244,0.8116719501267653,0.9393939393939394,0.73387660831213,0.11640375852584839,0.7515151515151515,"52,53,54,55,42,43,44,45,51,50",8.881784197001252e-16,"3,5,10"
shap_exact,160689,8,1.097675494998839,0.785575008019805,0.8116719501267653,0.9393939393939394,0.7338765636086464,0.11640393733978271,0.7515151515151515,"52,53,54,55,42,43,44,45,51,50",1.7763568394002505e-15,"3,5,10"
shap_exact,160689,9,1.1020145839975157,0.785575008019805,0.8116719501267653,0.9393939393939394,0.7338765636086464,0.11640381813049316,0.7515151515151515,"52,53,54,55,42,43,44,45,51,50",0.0,"3,5,10"
shap_exact,154039,0,1.1092816060008772,0.5613415185362101,0.5700400314453873,0.9393939393939394,0.5662834984250367,0.551722090691328,0.7454545454545455,"47,54,53,52,51,50,49,44,42,43",4.440892098500626e-15,"3,6,5"
shap_exact,154039,1,1.1108411619970866,0.5613415185362101,0.5700400314453873,0.9393939393939394,0.5662834984250367,0.551722090691328,0.7454545454545455,"47,54,53,52,51,50,49,44,42,43",3.552713678800501e-15,"3,6,5"
shap_exact,154039,2,1.1082265589975577,0.5613415781408548,0.5700400910500321,0.9393939393939394,0.5662835580296814,0.5517221502959728,0.7454545454545455,"47,54,53,52,51,50,49,44,42,43",8.881784197001252e-16,"3,6,5"
shap_exact,154039,3,1.1077933039996424,0.5613415781408548,0.5700400910500321,0.9393939393939394,0.5662835580296814,0.5517221502959728,0.7454545454545455,"47,54,53,52,51,50,49,44,42,43",3.552713678800501e-15,"3,6,5"
shap_exact,154039,4,1.1106771129998378,0.5613414589315653,0.5700399718407425,0.9393939393939394,0.5662834984250367,0.5517220813781023,0.7454545454545455,"47,54,53,52,51,50,49,44,42,43",5.329070518200751e-15,"3,6,5"
shap_exact,154039,5,1.1132809560003807,0.5613416377454996,0.5700401505600894,0.9393939393939394,0.5662834984250367,0.5517220813781023,0.7454545454545455,"47,54,53,52,51,50,49,44,42,43",5.329070518200751e-15,"3,6,5"
shap_exact,154039,6,1.1023394359981467,0.5613416377454996,0.5700401506546768,0.9393939393939394,0.5662836176343262,0.5517222099006176,0.7454545454545455,"47,54,53,52,51,50,49,44,42,43",4.440892098500626e-15,"3,6,5"
shap_exact,154039,7,1.326516591001564,0.5613415185362101,0.5700400313507998,0.9393939393939394,0.5662836176343262,0.5517222099006176,0.7454545454545455,"47,54,53,52,51,50,49,44,42,43",6.217248937900877e-15,"3,6,5"
shap_exact,154039,8,1.1114791940017312,0.5613415781408548,0.5700400910500321,0.9393939393939394,0.5662836176343262,0.5517222099006176,0.7454545454545455,"47,54,53,52,51,50,49,44,42,43",1.7763568394002505e-15,"3,6,5"
shap_exact,154039,9,1.1135514749985305,0.5613415781408548,0.5700400910500321,0.9393939393939394,0.5662834984250367,0.551722090691328,0.7454545454545455,"47,54,53,52,51,50,49,44,42,43",2.6645352591003757e-15,"3,6,5"
shap_exact,201916,0,1.0948319919989444,0.8434353470802307,0.9167035563441459,0.9393939393939394,0.9165294142148923,0.9159258212312125,0.7575757575757576,"126,138,137,136,135,134,133,127,128,131",5.329070518200751e-15,"9,6,10"
shap_exact,201916,1,1.0940565019991482,0.8434353470802307,0.9167035563441459,0.9393939393939394,0.9165294144768268,0.9159258212312125,0.7575757575757576,"126,138,137,136,135,134,133,127,128,131",3.552713678800501e-15,"9,6,10"
shap_exact,201916,2,1.0971971239996492,0.8434353470802307,0.9167035563441459,0.9393939393939394,0.9165294142148923,0.9159258208237588,0.7575757575757576,"126,138,137,136,135,134,133,127,128,131",3.552713678800501e-15,"9,6,10"
shap_exact,201916,3,1.096075543002371,0.8434353470802307,0.9167035563441459,0.9393939393939394,0.9165294142148923,0.9159258208237588,0.7575757575757576,"126,138,137,136,135,134,133,127,128,131",2.6645352591003757e-15,"9,6,10"
shap_exact,201916,4,1.0926620270001877,0.8434353470802307,0.9167035563441459,0.9393939393939394,0.9165294144768268,0.9159258208237588,0.7575757575757576,"126,138,137,136,135,134,133,127,128,131",4.440892098500626e-15,"9,6,10"
shap_exact,201916,5,1.092911957999604,0.8434353470802307,0.9167035563441459,0.9393939393939394,0.9165294144768268,0.9159258208237588,0.7575757575757576,"126,138,137,136,135,134,133,127,128,131",4.440892098500626e-15,"9,6,10"
shap_exact,201916,6,1.0969197429985797,0.8434353470802307,0.9167035563441459,0.9393939393939394,0.9165294144768268,0.9159258208237588,0.7575757575757576,"126,138,137,136,135,134,133,127,128,131",5.329070518200751e-15,"9,6,10"
shap_exact,201916,7,1.1034248399992066,0.8434353470802307,0.9167035563441459,0.9393939393939394,0.9165294144768268,0.9159258208237588,0.7575757575757576,"126,138,137,136,135,134,133,127,128,131",4.440892098500626e-15,"9,6,10"
shap_exact,201916,8,1.0934155149989238,0.8434353470802307,0.9167035563441459,0.9393939393939394,0.9165294144768268,0.9159258212312125,0.7575757575757576,"126,138,137,136,135,134,133,127,128,131",4.440892098500626e-15,"9,6,10"
shap_exact,201916,9,1.0963925100004417,0.8434353470802307,0.9167035563441459,0.9393939393939394,0.9165294144768268,0.9159258212312125,0.7575757575757576,"126,138,137,136,135,134,133,127,128,131",3.552713678800501e-15,"9,6,10"
shap_exact,174769,0,1.0971859240016784,0.7529573887586594,0.952053983361111,0.9393939393939394,0.9459470859728754,0.9367331555113196,0.7454545454545455,"92,96,95,94,93,90,88,89,97,91",4.440892098500626e-15,"6,4,5"
shap_exact,174769,1,1.093816089000029,0.7529573887586594,0.9520539835793898,0.9393939393939394,0.9459470859728754,0.9367331499233842,0.7454545454545455,"92,96,95,94,93,90,88,89,97,91",0.0,"6,4,5"
shap_exact,174769,2,1.3105806579987984,0.7529573887586594,0.952053983361111,0.9393939393939394,0.9459470859728754,0.9367331555113196,0.7454545454545455,"92,96,95,94,93,90,88,89,97,91",1.7763568394002505e-15,"6,4,5"
shap_exact,174769,3,1.0932375600023079,0.7529573887586594,0.952053983361111,0.9393939393939394,0.9459470859728754,0.9367331499233842,0.7454545454545455,"92,96,95,94,93,90,88,89,97,91",0.0,"6,4,5"
shap_exact,174769,4,1.1007859720011766,0.7529573887586594,0.9520539835793898,0.9393939393939394,0.9459470859728754,0.9367331499233842,0.7454545454545455,"92,96,95,94,93,90,88,89,97,91",1.7763568394002505e-15,"6,4,5"
shap_exact,174769,5,1.0993424439984665,0.7529573887586594,0.9520539835793898,0.9393939393939394,0.9459470859728754,0.9367331499233842,0.7454545454545455,"92,96,95,94,93,90,88,89,97,91",2.6645352591003757e-15,"6,4,5"
shap_exact,174769,6,1.094222664996778,0.7529573887586594,0.952053983361111,0.9393939393939394,0.9459470859728754,0.9367331499233842,0.7454545454545455,"92,96,95,94,93,90,88,89,97,91",2.6645352591003757e-15,"6,4,5"
shap_exact,174769,7,1.1062711990016396,0.7529573887586594,0.952053983361111,0.9393939393939394,0.9459470859728754,0.9367331499233842,0.7454545454545455,"92,96,95,94,93,90,88,89,97,91",4.440892098500626e-15,"6,4,5"
shap_exact,174769,8,1.0953336470010981,0.7529573887586594,0.952053983361111,0.9393939393939394,0.9459470859728754,0.9367331555113196,0.7454545454545455,"92,96,95,94,93,90,88,89,97,91",2.6645352591003757e-15,"6,4,5"
shap_exact,174769,9,1.0942494650007575,0.7529573887586594,0.9520539835793898,0.9393939393939394,0.9459470887668431,0.9367331499233842,0.7454545454545455,"92,96,95,94,93,90,88,89,97,91",8.881784197001252e-16,"6,4,5"
shap_exact,156014,0,1.1025519659997371,0.2956997752189636,0.69766098074615,0.9393939393939394,0.6168304309248924,0.2965806722640991,0.7515151515151515,"144,150,151,149,148,147,146,145,143,139",8.881784197001252e-16,"10,3,5"
shap_exact,156014,1,1.0962832139994134,0.2956998348236084,0.6976609211415052,0.9393939393939394,0.6168304309248924,0.2965806722640991,0.7515151515151515,"144,150,151,149,148,147,146,145,143,139",2.6645352591003757e-15,"10,3,5"
shap_exact,156014,2,1.0958695660010562,0.2956998348236084,0.6976609211415052,0.9393939393939394,0.616830550134182,0.29658055305480957,0.7515151515151515,"144,150,151,149,148,147,146,145,143,139",8.881784197001252e-16,"10,3,5"
shap_exact,156014,3,1.0951730140004656,0.2956998348236084,0.6976609211415052,0.9393939393939394,0.6168304681777954,0.2965806722640991,0.7515151515151515,"144,150,151,149,148,147,146,145,143,139",1.7763568394002505e-15,"10,3,5"
shap_exact,156014,4,1.0936313920028624,0.2956997752189636,0.69766098074615,0.9393939393939394,0.6168304309248924,0.2965806722640991,0.7515151515151515,"144,150,151,149,148,147,146,145,143,139",2.6645352591003757e-15,"10,3,5"
shap_exact,156014,5,1.0916477870014205,0.2956997752189636,0.69766098074615,0.9393939393939394,0.6168305277824402,0.29658061265945435,0.7515151515151515,"144,150,151,149,148,147,146,145,143,139",4.440892098500626e-15,"10,3,5"
shap_exact,156014,6,1.093646990997513,0.2956998348236084,0.6976609211415052,0.9393939393939394,0.6168305277824402,0.29658061265945435,0.7515151515151515,"144,150,151,149,148,147,146,145,143,139",7.105427357601002e-15,"10,3,5"
shap_exact,156014,7,1.3178504749994318,0.2956997752189636,0.69766098074615,0.9393939393939394,0.6168304532766342,0.2965806722640991,0.7515151515151515,"144,150,151,149,148,147,146,145,143,139",1.7763568394002505e-15,"10,3,5"
shap_exact,156014,8,1.0955058709987497,0.2956998944282532,0.6976608615368605,0.9393939393939394,0.6168304532766342,0.2965806722640991,0.7515151515151515,"144,150,151,149,148,147,146,145,143,139",7.993605777301127e-15,"10,3,5"
shap_exact,156014,9,1.0961488710017875,0.2956997752189636,0.69766098074615,0.9393939393939394,0.616830512881279,0.29658061265945435,0.7515151515151515,"144,150,151,149,148,147,146,145,143,139",4.440892098500626e-15,"10,3,5"
shap_exact,153009,0,1.1363194299992756,0.635367177426815,0.7297613686168916,0.9393939393939394,0.6809975206851959,0.32580775022506714,0.7515151515151515,"51,54,53,55,50,49,48,47,52,42",0.0,"3,10,4"
shap_exact,153009,1,1.1365006810010527,0.635367140173912,0.7297613686168916,0.9393939393939394,0.680997509509325,0.32580775022506714,0.7515151515151515,"51,54,53,55,50,49,48,47,52,42",3.552713678800501e-15,"3,10,4"
shap_exact,153009,2,1.1330831070008571,0.6353670805692673,0.7297613090304367,0.9393939393939394,0.6809975206851959,0.32580775022506714,0.7515151515151515,"51,54,53,55,50,49,48,47,52,42",4.440892098500626e-15,"3,10,4"
shap_exact,153009,3,1.1389755700001842,0.6353671178221703,0.7297613090304367,0.9393939393939394,0.6809975802898407,0.3258078098297119,0.7515151515151515,"51,54,53,55,50,49,48,47,52,42",0.0,"3,10,4"
shap_exact,153009,4,1.1371982240016223,0.6353671178221703,0.7297613089940569,0.9393939393939394,0.6809975206851959,0.32580769062042236,0.7515151515151515,"51,54,53,55,50,49,48,47,52,42",0.0,"3,10,4"
shap_exact,153009,5,1.1371434110005794,0.6353671178221703,0.7297613090122468,0.9393939393939394,0.6809975281357765,0.32580775022506714,0.7515151515151515,"51,54,53,55,50,49,48,47,52,42",1.7763568394002505e-15,"3,10,4"
shap_exact,153009,6,1.138480798999808,0.6353671997785568,0.7297614282215363,0.9393939393939394,0.6809975206851959,0.32580775022506714,0.7515151515151515,"51,54,53,55,50,49,48,47,52,42",4.440892098500626e-15,"3,10,4"
shap_exact,153009,7,1.1411215410007571,0.6353670880198479,0.7297613090122468,0.9393939393939394,0.6809976026415825,0.32580775022506714,0.7515151515151515,"51,54,53,55,50,49,48,47,52,42",2.6645352591003757e-15,"3,10,4"
shap_exact,153009,8,1.1390148739992583,0.6353670805692673,0.7297613090122468,0.9393939393939394,0.6809974610805511,0.32580769062042236,0.7515151515151515,"51,54,53,55,50,49,48,47,52,42",8.881784197001252e-16,"3,10,4"
shap_exact,153009,9,1.1360177120004664,0.6353670880198479,0.7297613090304367,0.9393939393939394,0.6809974834322929,0.32580769062042236,0.7515151515151515,"51,54,53,55,50,49,48,47,52,42",2.6645352591003757e-15,"3,10,4"
shap_exact,138359,0,1.112266104999435,0.02210897207260132,0.9996661220829992,0.9393939393939394,0.9584971480071545,0.999030276958365,0.7454545454545455,"48,55,54,53,52,51,50,49,43,44",5.329070518200751e-15,"3,5,0"
shap_exact,138359,1,1.1076231940023717,0.02210897207260132,0.9996661220829992,0.9393939393939394,0.9584971480071545,0.999030276958365,0.7454545454545455,"48,55,54,53,52,51,50,49,43,44",5.329070518200751e-15,"3,5,0"
shap_exact,138359,2,1.3279441580016282,0.02210897207260132,0.9996661220829992,0.9393939393939394,0.9584971591830254,0.9990302772494033,0.7454545454545455,"48,55,54,53,52,51,50,49,43,44",1.7763568394002505e-15,"3,5,0"
shap_exact,138359,3,1.1067109159994288,0.02210897207260132,0.9996661220829992,0.9393939393939394,0.9584971368312836,0.9990302772494033,0.7454545454545455,"48,55,54,53,52,51,50,49,43,44",1.7763568394002505e-15,"3,5,0"
shap_exact,138359,4,1.102510627999436,0.02210897207260132,0.9996661221302929,0.9393939393939394,0.9584971368312836,0.999030276958365,0.7454545454545455,"48,55,54,53,52,51,50,49,43,44",3.552713678800501e-15,"3,5,0"
shap_exact,138359,5,1.1008637980012281,0.02210897207260132,0.9996661220829992,0.9393939393939394,0.9584971480071545,0.999030276958365,0.7454545454545455,"48,55,54,53,52,51,50,49,43,44",5.329070518200751e-15,"3,5,0"
shap_exact,138359,6,1.1266722469990782,0.02210897207260132,0.9996661220829992,0.9393939393939394,0.9584971368312836,0.999030276958365,0.7454545454545455,"48,55,54,53,52,51,50,49,43,44",0.0,"3,5,0"
shap_exact,138359,7,1.2656470330002776,0.02210897207260132,0.9996661220829992,0.9393939393939394,0.9584971368312836,0.9990302766673267,0.7454545454545455,"48,55,54,53,52,51,50,49,43,44",3.552713678800501e-15,"3,5,0"
shap_exact,138359,8,1.2707626240007812,0.02210897207260132,0.9996661220829992,0.9393939393939394,0.9584971480071545,0.999030276958365,0.7454545454545455,"48,55,54,53,52,51,50,49,43,44",0.0,"3,5,0"
shap_exact,138359,9,1.265783980001288,0.02210897207260132,0.9996661220829992,0.9393939393939394,0.9584971368312836,0.9990302772494033,0.7454545454545455,"48,55,54,53,52,51,50,49,43,44",1.7763568394002505e-15,"3,5,0"
shap_exact,152136,0,1.2974453890019504,0.7485580593347549,0.9881143049428829,0.9393939393939394,0.9245321899652481,0.9859065981581807,0.7515151515151515,"42,55,54,53,52,51,50,49,43,44",2.6645352591003757e-15,"3,5,11"
shap_exact,152136,1,1.3023685679982009,0.7485580593347549,0.98811430493015,0.9393939393939394,0.9245322272181511,0.9859065993223339,0.7515151515151515,"42,55,54,53,52,51,50,49,43,44",8.881784197001252e-16,"3,5,11"
shap_exact,152136,2,1.3116462049983966,0.7485581040382385,0.98811430493015,0.9393939393939394,0.9245322272181511,0.9859065993223339,0.7515151515151515,"42,55,54,53,52,51,50,49,43,44",2.6645352591003757e-15,"3,5,11"
shap_exact,152136,3,1.294545749999088,0.7485580593347549,0.98811430493015,0.9393939393939394,0.9245322123169899,0.9859065993223339,0.7515151515151515,"42,55,54,53,52,51,50,49,43,44",6.217248937900877e-15,"3,5,11"
shap_exact,152136,4,1.2906839989991568,0.7485581040382385,0.98811430493015,0.9393939393939394,0.9245322272181511,0.9859065981581807,0.7515151515151515,"42,55,54,53,52,51,50,49,43,44",1.7763568394002505e-15,"3,5,11"
shap_exact,152136,5,1.3001300430005358,0.7485580146312714,0.98811430493015,0.9393939393939394,0.9245322123169899,0.9859065981581807,0.7515151515151515,"42,55,54,53,52,51,50,49,43,44",6.217248937900877e-15,"3,5,11"
shap_exact,152136,6,1.2908969599993725,0.7485580146312714,0.98811430493015,0.9393939393939394,0.9245322272181511,0.9859065993223339,0.7515151515151515,"42,55,54,53,52,51,50,49,43,44",4.440892098500626e-15,"3,5,11"
shap_exact,152136,7,1.304130954998982,0.7485581040382385,0.9881143049428829,0.9393939393939394,0.9245322123169899,0.9859065993223339,0.7515151515151515,"42,55,54,53,52,51,50,49,43,44",7.105427357601002e-15,"3,5,11"
shap_exact,152136,8,1.5405419529997744,0.7485581040382385,0.98811430493015,0.9393939393939394,0.9245322123169899,0.9859065993223339,0.7515151515151515,"42,55,54,53,52,51,50,49,43,44",2.6645352591003757e-15,"3,5,11"
shap_exact,152136,9,1.2932693869988725,0.7485580146312714,0.98811430493015,0.9393939393939394,0.9245322123169899,0.9859065981581807,0.7515151515151515,"42,55,54,53,52,51,50,49,43,44",2.6645352591003757e-15,"3,5,11"
shap_exact,137831,0,1.105473827003152,0.01931101083755493,0.9996999775212316,0.9393939393939394,0.9521265551447868,0.9990663461503573,0.7454545454545455,"48,55,54,53,52,51,50,49,43,44",0.0,"3,5,0"
shap_exact,137831,1,1.1056840119999833,0.01931101083755493,0.9996999775212316,0.9393939393939394,0.9521265551447868,0.9990663461503573,0.7454545454545455,"48,55,54,53,52,51,50,49,43,44",0.0,"3,5,0"
shap_exact,137831,2,1.1054535990006116,0.01931101083755493,0.9996999775212316,0.9393939393939394,0.9521265774965286,0.9990663461503573,0.7454545454545455,"48,55,54,53,52,51,50,49,43,44",3.552713678800501e-15,"3,5,0"
shap_exact,137831,3,1.1067427069974656,0.01931101083755493,0.9996999775212316,0.9393939393939394,0.952126570045948,0.9990663461503573,0.7454545454545455,"48,55,54,53,52,51,50,49,43,44",7.105427357601002e-15,"3,5,0"
shap_exact,137831,4,1.108458316000906,0.01931101083755493,0.9996999775212316,0.9393939393939394,0.9521265774965286,0.9990663461503573,0.7454545454545455,"48,55,54,53,52,51,50,49,43,44",3.552713678800501e-15,"3,5,0"
shap_exact,137831,5,1.1067659090003872,0.01931101083755493,0.9996999775212316,0.9393939393939394,0.9521265774965286,0.9990663461503573,0.7454545454545455,"48,55,54,53,52,51,50,49,43,44",3.552713678800501e-15,"3,5,0"
shap_exact,137831,6,1.1140766039970913,0.01931101083755493,0.9996999775212316,0.9393939393939394,0.9521265774965286,0.9990663461503573,0.7454545454545455,"48,55,54,53,52,51,50,49,43,44",0.0,"3,5,0"
shap_exact,137831,7,1.104307991998212,0.01931101083755493,0.9996999775212316,0.9393939393939394,0.9521265551447868,0.9990663461503573,0.7454545454545455,"48,55,54,53,52,51,50,49,43,44",1.7763568394002505e-15,"3,5,0"
shap_exact,137831,8,1.1052720269981364,0.01931101083755493,0.9996999775212316,0.9393939393939394,0.9521265774965286,0.9990663461503573,0.7454545454545455,"48,55,54,53,52,51,50,49,43,44",1.7763568394002505e-15,"3,5,0"
shap_exact,137831,9,1.1017664770006377,0.01931101083755493,0.9996999775212316,0.9393939393939394,0.9521265774965286,0.9990663461503573,0.7454545454545455,"48,55,54,53,52,51,50,49,43,44",7.105427357601002e-15,"3,5,0"
shap_exact,150802,0,1.1140414369983773,0.7676294106058776,0.7749589964805637,0.9393939393939394,0.7053205892443657,0.5018123388290405,0.7515151515151515,"51,55,54,53,52,42,43,44,50,49",8.881784197001252e-16,"3,5,10"
shap_exact,150802,1,1.1193049670000619,0.7676294138655066,0.7749589964805637,0.9393939393939394,0.7053205296397209,0.5018122792243958,0.7515151515151515,"51,55,54,53,52,42,43,44,50,49",3.552713678800501e-15,"3,5,10"
shap_exact,150802,2,1.111054092998529,0.7676294734701514,0.7749590560852084,0.9393939393939394,0.7053205296397209,0.5018122792243958,0.7515151515151515,"51,55,54,53,52,42,43,44,50,49",8.881784197001252e-16,"3,5,10"
shap_exact,150802,3,1.3322925450011098,0.7676294106058776,0.7749589964805637,0.9393939393939394,0.7053205296397209,0.5018122792243958,0.7515151515151515,"51,55,54,53,52,42,43,44,50,49",0.0,"3,5,10"
shap_exact,150802,4,1.1163591409967921,0.7676294138655066,0.7749589964805637,0.9393939393939394,0.7053205296397209,0.5018122792243958,0.7515151515151515,"51,55,54,53,52,42,43,44,50,49",8.881784197001252e-16,"3,5,10"
shap_exact,150802,5,1.1153540890009026,0.7676294734701514,0.7749590560852084,0.9393939393939394,0.7053205296397209,0.5018122792243958,0.7515151515151515,"51,55,54,53,52,42,43,44,50,49",8.881784197001252e-16,"3,5,10"
shap_exact,150802,6,1.1179572600012762,0.7676294138655066,0.7749589964805637,0.9393939393939394,0.7053205892443657,0.5018123388290405,0.7515151515151515,"51,55,54,53,52,42,43,44,50,49",3.552713678800501e-15,"3,5,10"
shap_exact,150802,7,1.1167066250018252,0.7676294734701514,0.7749590560852084,0.9393939393939394,0.7053205892443657,0.5018123388290405,0.7515151515151515,"51,55,54,53,52,42,43,44,50,49",1.7763568394002505e-15,"3,5,10"
shap_exact,150802,8,1.1206954949993815,0.7676294734701514,0.7749590560852084,0.9393939393939394,0.7053205296397209,0.5018122792243958,0.7515151515151515,"51,55,54,53,52,42,43,44,50,49",0.0,"3,5,10"
shap_exact,150802,9,1.1152298649976728,0.7676294138655066,0.7749589964805637,0.9393939393939394,0.7053205892443657,0.5018123388290405,0.7515151515151515,"51,55,54,53,52,42,43,44,50,49",8.881784197001252e-16,"3,5,10"
shap_exact,141885,0,1.1010869380006625,0.041768550872802734,0.5318649687612194,0.9393939393939394,0.518091281875968,0.5293977195397019,0.7454545454545455,"83,70,71,72,73,74,75,76,82,81",3.552713678800501e-15,"5,3,4"
shap_exact,141885,1,1.0982169349990727,0.041768670082092285,0.5318649091565746,0.9393939393939394,0.5180911682546139,0.5293976003304124,0.7454545454545455,"83,70,71,72,73,74,75,76,82,81",3.552713678800501e-15,"5,3,4"
shap_exact,141885,2,1.0996263380002347,0.04176849126815796,0.5318649687612194,0.9393939393939394,0.5180912874639034,0.5293977207038552,0.7454545454545455,"83,70,71,72,73,74,75,76,82,81",0.0,"5,3,4"
shap_exact,141885,3,1.096314763999544,0.041768670082092285,0.531864968761159,0.9393939393939394,0.518091281875968,0.5293977195397019,0.7454545454545455,"83,70,71,72,73,74,75,76,82,81",5.329070518200751e-15,"5,3,4"
shap_exact,141885,4,1.095469181000226,0.041768550872802734,0.5318649687612194,0.9393939393939394,0.518091281875968,0.5293977207038552,0.7454545454545455,"83,70,71,72,73,74,75,76,82,81",0.0,"5,3,4"
shap_exact,141885,5,1.1022930790022656,0.04176861047744751,0.5318649687612194,0.9393939393939394,0.5180912874639034,0.5293977207038552,0.7454545454545455,"83,70,71,72,73,74,75,76,82,81",0.0,"5,3,4"
shap_exact,141885,6,1.0990679569986241,0.04176861047744751,0.5318649091565142,0.9393939393939394,0.5180911626666784,0.5293976014945656,0.7454545454545455,"83,70,71,72,73,74,75,76,82,81",0.0,"5,3,4"
shap_exact,141885,7,1.1079133200000797,0.04176861047744751,0.5318649687612194,0.9393939393939394,0.5180912222713232,0.5293976599350572,0.7454545454545455,"83,70,71,72,73,74,75,76,82,81",7.105427357601002e-15,"5,3,4"
shap_exact,141885,8,1.3149990960009745,0.04176861047744751,0.5318649687612194,0.9393939393939394,0.518091281875968,0.5293977207038552,0.7454545454545455,"83,70,71,72,73,74,75,76,82,81",1.7763568394002505e-15,"5,3,4"
shap_exact,141885,9,1.0974523349977972,0.04176849126815796,0.5318650283658641,0.9393939393939394,0.518091281875968,0.5293977195397019,0.7454545454545455,"83,70,71,72,73,74,75,76,82,81",0.0,"5,3,4"
shap_exact,202292,0,1.0851700120001624,0.7878222540020943,0.8933440159016754,0.9393939393939394,0.8934213045959041,0.8927584079792723,0.7515151515151515,"137,138,126,127,128,129,130,136,135,132",3.552713678800501e-15,"9,6,7"
shap_exact,202292,1,1.0929897330024687,0.7878222540020943,0.8933440159016754,0.9393939393939394,0.8934213045936303,0.8927584079792723,0.7515151515151515,"137,138,126,127,128,129,130,136,135,132",2.6645352591003757e-15,"9,6,7"
shap_exact,202292,2,1.0929091720026918,0.7878222763538361,0.8933440159016754,0.9393939393939394,0.8934213045936303,0.8927584079792723,0.7515151515151515,"137,138,126,127,128,129,130,136,135,132",4.440892098500626e-15,"9,6,7"
shap_exact,202292,3,1.0909493930012104,0.7878222763538361,0.8933440159016754,0.9393939393939394,0.8934213045959041,0.8927584079792723,0.7515151515151515,"137,138,126,127,128,129,130,136,135,132",2.6645352591003757e-15,"9,6,7"
shap_exact,202292,4,1.0927842970013444,0.7878222241997719,0.8933440159016754,0.9393939393939394,0.8934213045959041,0.8927584079792723,0.7515151515151515,"137,138,126,127,128,129,130,136,135,132",1.7763568394002505e-15,"9,6,7"
shap_exact,202292,5,1.0940979500010144,0.7878222540020943,0.8933440159016754,0.9393939393939394,0.8934213045959041,0.8927584079792723,0.7515151515151515,"137,138,126,127,128,129,130,136,135,132",3.552713678800501e-15,"9,6,7"
shap_exact,202292,6,1.0907176250002522,0.7878222241997719,0.8933440159016754,0.9393939393939394,0.8934213045959041,0.8927584079792723,0.7515151515151515,"137,138,126,127,128,129,130,136,135,132",2.6645352591003757e-15,"9,6,7"
shap_exact,202292,7,1.0876888130005682,0.7878222540020943,0.8933440159016754,0.9393939393939394,0.8934213045936303,0.8927584079792723,0.7515151515151515,"137,138,126,127,128,129,130,136,135,132",4.440892098500626e-15,"9,6,7"
shap_exact,202292,8,1.0891702530025213,0.7878222763538361,0.8933440159016754,0.9393939393939394,0.8934213045936303,0.8927584079792723,0.7515151515151515,"137,138,126,127,128,129,130,136,135,132",2.6645352591003757e-15,"9,6,7"
shap_exact,202292,9,1.0889189789995726,0.7878222540020943,0.8933440159016754,0.9393939393939394,0.8934213045936303,0.8927584079792723,0.7515151515151515,"137,138,126,127,128,129,130,136,135,132",2.6645352591003757e-15,"9,6,7"
shap_exact,169364,0,1.107184727999993,0.7007118165493011,0.9598057056236939,0.9393939393939394,0.957723502535373,0.9597735624483903,0.7454545454545455,"48,55,54,53,52,51,50,49,43,44",8.881784197001252e-16,"3,5,0"
shap_exact,169364,1,1.104117883998697,0.7007118165493011,0.9598057056236939,0.9393939393939394,0.957723502535373,0.9597735624483903,0.7454545454545455,"48,55,54,53,52,51,50,49,43,44",1.7763568394002505e-15,"3,5,0"
shap_exact,169364,2,1.1094623259996297,0.7007118761539459,0.9598057056236939,0.9393939393939394,0.957723502535373,0.9597735624483903,0.7454545454545455,"48,55,54,53,52,51,50,49,43,44",2.6645352591003757e-15,"3,5,0"
shap_exact,169364,3,1.1067096030019457,0.7007118463516235,0.9598057056236939,0.9393939393939394,0.957723502535373,0.9597735624483903,0.7454545454545455,"48,55,54,53,52,51,50,49,43,44",5.329070518200751e-15,"3,5,0"
shap_exact,169364,4,1.3278200550012116,0.7007118165493011,0.9598057056236939,0.9393939393939394,0.957723502535373,0.9597735624483903,0.7454545454545455,"48,55,54,53,52,51,50,49,43,44",1.7763568394002505e-15,"3,5,0"
shap_exact,169364,5,1.1139958509993448,0.7007118463516235,0.9598057056236939,0.9393939393939394,0.957723502535373,0.9597735624483903,0.7454545454545455,"48,55,54,53,52,51,50,49,43,44",4.440892098500626e-15,"3,5,0"
shap_exact,169364,6,1.1087874959994224,0.7007117867469788,0.9598057056236939,0.9393939393939394,0.957723502535373,0.9597735624483903,0.7454545454545455,"48,55,54,53,52,51,50,49,43,44",4.440892098500626e-15,"3,5,0"
shap_exact,169364,7,1.104863878001197,0.7007118165493011,0.9598057056236939,0.9393939393939394,0.957723502535373,0.9597735624483903,0.7454545454545455,"48,55,54,53,52,51,50,49,43,44",4.440892098500626e-15,"3,5,0"
shap_exact,169364,8,1.1053310580027755,0.7007118165493011,0.9598057056236939,0.9393939393939394,0.957723502535373,0.9597735624483903,0.7454545454545455,"48,55,54,53,52,51,50,49,43,44",5.329070518200751e-15,"3,5,0"
shap_exact,169364,9,1.1028170050012704,0.7007119357585907,0.9598057056236939,0.9393939393939394,0.957723502535373,0.9597735624483903,0.7454545454545455,"48,55,54,53,52,51,50,49,43,44",4.440892098500626e-15,"3,5,0"
shap_exact,143000,0,1.1607796710013645,0.28026753664016724,0.7094066697172821,0.9393939393939394,0.651921458542347,0.09337764978408813,0.7515151515151515,"151,139,140,141,142,143,144,150,149,146",1.7763568394002505e-15,"10,3,5"
shap_exact,143000,1,1.15856640399943,0.2802675664424896,0.7094067293219268,0.9393939393939394,0.6519213989377022,0.09337770938873291,0.7515151515151515,"151,139,140,141,142,143,144,150,149,146",7.105427357601002e-15,"10,3,5"
shap_exact,143000,2,1.1594912850014225,0.280267596244812,0.7094067293219268,0.9393939393939394,0.6519213989377022,0.09337770938873291,0.7515151515151515,"151,139,140,141,142,143,144,150,149,146",1.7763568394002505e-15,"10,3,5"
shap_exact,143000,3,1.1598456720021204,0.280267596244812,0.7094067293219268,0.9393939393939394,0.6519213765859604,0.09337770938873291,0.7515151515151515,"151,139,140,141,142,143,144,150,149,146",3.552713678800501e-15,"10,3,5"
shap_exact,143000,4,1.1612163829995552,0.28026750683784485,0.7094066697172821,0.9393939393939394,0.651921458542347,0.09337764978408813,0.7515151515151515,"151,139,140,141,142,143,144,150,149,146",8.881784197001252e-15,"10,3,5"
shap_exact,143000,5,1.1610158250005043,0.280267596244812,0.7094067293219268,0.9393939393939394,0.6519214734435081,0.09337764978408813,0.7515151515151515,"151,139,140,141,142,143,144,150,149,146",3.552713678800501e-15,"10,3,5"
shap_exact,143000,6,1.1574421870027436,0.280267596244812,0.7094067293219268,0.9393939393939394,0.6519213989377022,0.09337770938873291,0.7515151515151515,"151,139,140,141,142,143,144,150,149,146",2.6645352591003757e-15,"10,3,5"
shap_exact,143000,7,1.1555090970032325,0.280267596244812,0.7094067293219268,0.9393939393939394,0.6519213989377022,0.09337770938873291,0.7515151515151515,"151,139,140,141,142,143,144,150,149,146",2.6645352591003757e-15,"10,3,5"
shap_exact,143000,8,1.157771837002656,0.28026753664016724,0.7094066697172821,0.9393939393939394,0.6519213989377022,0.09337770938873291,0.7515151515151515,"151,139,140,141,142,143,144,150,149,146",7.993605777301127e-15,"10,3,5"
shap_exact,143000,9,1.383397920999414,0.280267596244812,0.7094067889265716,0.9393939393939394,0.6519213989377022,0.09337770938873291,0.7515151515151515,"151,139,140,141,142,143,144,150,149,146",8.881784197001252e-16,"10,3,5"
shap_exact,156901,0,1.1268720330008364,0.0052697062492370605,0.9810843002051115,0.9393939393939394,0.629855215549469,0.03492558002471924,0.7515151515151515,"144,149,150,151,148,147,146,145,143,139",8.881784197001252e-16,"10,3,5"
shap_exact,156901,1,1.1168908520012337,0.0052697062492370605,0.9810843002051115,0.9393939393939394,0.629855215549469,0.03492558002471924,0.7515151515151515,"144,149,150,151,148,147,146,145,143,139",0.0,"10,3,5"
shap_exact,156901,2,1.116212806002295,0.0052697062492370605,0.9810843002051115,0.9393939393939394,0.629855215549469,0.03492558002471924,0.7515151515151515,"144,149,150,151,148,147,146,145,143,139",1.7763568394002505e-15,"10,3,5"
shap_exact,156901,3,1.1172914759990817,0.0052697062492370605,0.981084298575297,0.9393939393939394,0.629855215549469,0.03492558002471924,0.7515151515151515,"144,149,150,151,148,147,146,145,143,139",8.881784197001252e-16,"10,3,5"
shap_exact,156901,4,1.1247353710023162,0.0052697062492370605,0.9810843002051115,0.9393939393939394,0.629855215549469,0.03492558002471924,0.7515151515151515,"144,149,150,151,148,147,146,145,143,139",5.329070518200751e-15,"10,3,5"
shap_exact,156901,5,1.1242330149980262,0.0052697062492370605,0.9810843002051115,0.9393939393939394,0.629855215549469,0.034925639629364014,0.7515151515151515,"144,149,150,151,148,147,146,145,143,139",3.552713678800501e-15,"10,3,5"
shap_exact,156901,6,1.1213321329996688,0.0052697062492370605,0.9810843002051115,0.9393939393939394,0.629855215549469,0.03492558002471924,0.7515151515151515,"144,149,150,151,148,147,146,145,143,139",1.7763568394002505e-15,"10,3,5"
shap_exact,156901,7,1.1212176180015376,0.0052697062492370605,0.9810843002051115,0.9393939393939394,0.629855215549469,0.03492558002471924,0.7515151515151515,"144,149,150,151,148,147,146,145,143,139",2.6645352591003757e-15,"10,3,5"
shap_exact,156901,8,1.1216457230002561,0.0052697062492370605,0.9810843002051115,0.9393939393939394,0.629855215549469,0.03492558002471924,0.7515151515151515,"144,149,150,151,148,147,146,145,143,139",3.552713678800501e-15,"10,3,5"
shap_exact,156901,9,1.115324012000201,0.0052697062492370605,0.9810843002051115,0.9393939393939394,0.629855215549469,0.03492558002471924,0.7515151515151515,"144,149,150,151,148,147,146,145,143,139",5.329070518200751e-15,"10,3,5"
shap_exact,170917,0,1.1928819290005777,0.9652758687443566,0.9656036705928273,0.9393939393939394,0.9656333823587708,0.9617425932083279,0.7454545454545455,"1,0,13,12,11,10,9,8,2,3",3.552713678800501e-15,"0,4,3"
shap_exact,170917,1,1.1882781610001985,0.9652758687443566,0.9656036705928273,0.9393939393939394,0.9656333823587708,0.9617425932083279,0.7454545454545455,"1,0,13,12,11,10,9,8,2,3",1.7763568394002505e-15,"0,4,3"
shap_exact,170917,2,1.1887853059997724,0.9652757492149249,0.9656035513835377,0.9393939393939394,0.9656333823587708,0.9617425932083279,0.7454545454545455,"1,0,13,12,11,10,9,8,2,3",8.881784197001252e-15,"0,4,3"
shap_exact,170917,3,1.1881602400026168,0.965275749535067,0.965603551327149,0.9393939393939394,0.9656333823587708,0.9617425932083279,0.7454545454545455,"1,0,13,12,11,10,9,8,2,3",1.7763568394002505e-15,"0,4,3"
shap_exact,170917,4,1.4055082669983676,0.9652758684242144,0.9656036705928273,0.9393939393939394,0.9656333823587708,0.9617425932083279,0.7454545454545455,"1,0,13,12,11,10,9,8,2,3",0.0,"0,4,3"
shap_exact,170917,5,1.1873644520019297,0.9652758687443566,0.9656036705928273,0.9393939393939394,0.9656333823587708,0.9617425932083279,0.7454545454545455,"1,0,13,12,11,10,9,8,2,3",8.881784197001252e-15,"0,4,3"
shap_exact,170917,6,1.1888600880010927,0.9652758687443566,0.9656036705364386,0.9393939393939394,0.9656333823587708,0.9617426004260778,0.7454545454545455,"1,0,13,12,11,10,9,8,2,3",8.881784197001252e-15,"0,4,3"
shap_exact,170917,7,1.1860376840013487,0.9652758684242144,0.9656036706219311,0.9393939393939394,0.9656333823587708,0.9617426004260778,0.7454545454545455,"1,0,13,12,11,10,9,8,2,3",3.552713678800501e-15,"0,4,3"
shap_exact,170917,8,1.1878566080013115,0.9652758687443566,0.9656036705928273,0.9393939393939394,0.9656333823587708,0.9617425932083279,0.7454545454545455,"1,0,13,12,11,10,9,8,2,3",1.7763568394002505e-15,"0,4,3"
shap_exact,170917,9,1.1993077760016604,0.9652758684242144,0.9656036705364386,0.9393939393939394,0.9656333823587708,0.9617425932083279,0.7454545454545455,"1,0,13,12,11,10,9,8,2,3",3.552713678800501e-15,"0,4,3"
shap_exact,167298,0,1.1089687169987883,0.0010065436363220215,0.9797276831441195,0.9393939393939394,0.9773192836437374,0.9790400437195785,0.7454545454545455,"83,70,71,72,73,74,75,76,82,81",3.552713678800501e-15,"5,3,0"
shap_exact,167298,1,1.1111837469979946,0.0010065436363220215,0.9797276831441195,0.9393939393939394,0.9773192836437374,0.9790400437195785,0.7454545454545455,"83,70,71,72,73,74,75,76,82,81",5.329070518200751e-15,"5,3,0"
shap_exact,167298,2,1.1105719859988312,0.0010065436363220215,0.9797276831441195,0.9393939393939394,0.9773192836437374,0.9790400437195785,0.7454545454545455,"83,70,71,72,73,74,75,76,82,81",0.0,"5,3,0"
shap_exact,167298,3,1.1082545330027642,0.0010065436363220215,0.9797276831532145,0.9393939393939394,0.9773192836437374,0.9790400440688245,0.7454545454545455,"83,70,71,72,73,74,75,76,82,81",3.552713678800501e-15,"5,3,0"
shap_exact,167298,4,1.115967494002689,0.0010065436363220215,0.9797276831441195,0.9393939393939394,0.9773192836437374,0.9790400440688245,0.7454545454545455,"83,70,71,72,73,74,75,76,82,81",0.0,"5,3,0"
shap_exact,167298,5,1.110672203998547,0.0010065436363220215,0.9797276831532145,0.9393939393939394,0.9773192836437374,0.9790400437195785,0.7454545454545455,"83,70,71,72,73,74,75,76,82,81",4.440892098500626e-15,"5,3,0"
shap_exact,167298,6,1.1091510299993388,0.0010065436363220215,0.9797276831532145,0.9393939393939394,0.9773192836437374,0.9790400440688245,0.7454545454545455,"83,70,71,72,73,74,75,76,82,81",9.769962616701378e-15,"5,3,0"
shap_exact,167298,7,1.1078659810009412,0.0010065436363220215,0.9797276831532145,0.9393939393939394,0.9773192836437374,0.9790400437195785,0.7454545454545455,"83,70,71,72,73,74,75,76,82,81",6.217248937900877e-15,"5,3,0"
shap_exact,167298,8,1.1081092490021547,0.0010065436363220215,0.9797276831532145,0.9393939393939394,0.9773192848078907,0.9790400437195785,0.7454545454545455,"83,70,71,72,73,74,75,76,82,81",5.329070518200751e-15,"5,3,0"
shap_exact,167298,9,1.1154233189990919,0.0010065436363220215,0.9797276831441195,0.9393939393939394,0.9773192836437374,0.9790400440688245,0.7454545454545455,"83,70,71,72,73,74,75,76,82,81",1.7763568394002505e-15,"5,3,0"
shap_exact,143208,0,1.3166775870013225,0.651992617174983,0.6717035618858063,0.9393939393939394,0.6717474498753973,0.6699647583300248,0.7515151515151515,"136,138,137,126,127,128,129,135,134,131",1.7763568394002505e-15,"9,7,4"
shap_exact,143208,1,1.0947112950016162,0.6519923787564039,0.6717033234672272,0.9393939393939394,0.6717474498753973,0.6699647583300248,0.7515151515151515,"136,138,137,126,127,128,129,135,134,131",8.881784197001252e-16,"9,7,4"
shap_exact,143208,2,1.0935459100001026,0.651992617174983,0.6717035618858063,0.9393939393939394,0.6717474498753973,0.6699647583300248,0.7515151515151515,"136,138,137,126,127,128,129,135,134,131",8.881784197001252e-16,"9,7,4"
shap_exact,143208,3,1.0943630889996712,0.651992617174983,0.6717035618858063,0.9393939393939394,0.6717473902707525,0.66996469872538,0.7515151515151515,"136,138,137,126,127,128,129,135,134,131",8.881784197001252e-16,"9,7,4"
shap_exact,143208,4,1.1025384710010258,0.6519925575703382,0.6717035022811615,0.9393939393939394,0.6717474498753973,0.6699647583300248,0.7515151515151515,"136,138,137,126,127,128,129,135,134,131",1.7763568394002505e-15,"9,7,4"
shap_exact,143208,5,1.0918833510004333,0.6519923787564039,0.6717033234672272,0.9393939393939394,0.6717472114568181,0.6699645199114457,0.7515151515151515,"136,138,137,126,127,128,129,135,134,131",8.881784197001252e-16,"9,7,4"
shap_exact,143208,6,1.1086754339994513,0.6519925575703382,0.6717035022811615,0.9393939393939394,0.6717474498753973,0.6699647583300248,0.7515151515151515,"136,138,137,126,127,128,129,135,134,131",8.881784197001252e-16,"9,7,4"
shap_exact,143208,7,1.0990776549988368,0.651992617174983,0.6717035618858063,0.9393939393939394,0.6717473306661077,0.6699646391207352,0.7515151515151515,"136,138,137,126,127,128,129,135,134,131",1.7763568394002505e-15,"9,7,4"
shap_exact,143208,8,1.0880066119971161,0.651992617174983,0.6717035618858063,0.9393939393939394,0.6717472114568181,0.6699645199114457,0.7515151515151515,"136,138,137,126,127,128,129,135,134,131",8.881784197001252e-16,"9,7,4"
shap_exact,143208,9,1.0918765679998614,0.6519925575703382,0.6717035022811615,0.9393939393939394,0.671747211455795,0.6699645199114457,0.7515151515151515,"136,138,137,126,127,128,129,135,134,131",8.881784197001252e-16,"9,7,4"
shap_exact,164192,0,1.1080429629982973,0.07246118783950806,0.9153956694175411,0.9393939393939394,0.1815706491470337,0.9153782591856725,0.7575757575757576,"126,137,138,136,135,134,133,132,128,131",8.881784197001252e-15,"3,9,10"
shap_exact,164192,1,1.1101864490010485,0.07246118783950806,0.9153956694175411,0.9393939393939394,0.1815706491470337,0.9153782591856725,0.7575757575757576,"126,137,138,136,135,134,133,132,128,131",2.6645352591003757e-15,"3,9,10"
shap_exact,164192,2,1.122602374998678,0.07246118783950806,0.9153956694175411,0.9393939393939394,0.1815706491470337,0.9153782591856725,0.7575757575757576,"126,137,138,136,135,134,133,132,128,131",8.881784197001252e-16,"3,9,10"
shap_exact,164192,3,1.1114750659980928,0.07246118783950806,0.9153956694175411,0.9393939393939394,0.1815706491470337,0.9153782591856725,0.7575757575757576,"126,137,138,136,135,134,133,132,128,131",1.7763568394002505e-15,"3,9,10"
shap_exact,164192,4,1.1127755739980785,0.07246118783950806,0.9153956694175411,0.9393939393939394,0.1815706491470337,0.9153782591856725,0.7575757575757576,"126,137,138,136,135,134,133,132,128,131",5.329070518200751e-15,"3,9,10"
shap_exact,164192,5,1.3358198759997322,0.07246118783950806,0.9153956694175411,0.9393939393939394,0.1815706491470337,0.9153782591856725,0.7575757575757576,"126,137,138,136,135,134,133,132,128,131",6.217248937900877e-15,"3,9,10"
shap_exact,164192,6,1.111942375999206,0.07246118783950806,0.9153956694175411,0.9393939393939394,0.1815706491470337,0.9153782591856725,0.7575757575757576,"126,137,138,136,135,134,133,132,128,131",5.329070518200751e-15,"3,9,10"
shap_exact,164192,7,1.1107679950000602,0.07246118783950806,0.9153956694175411,0.9393939393939394,0.1815706491470337,0.9153782591856725,0.7575757575757576,"126,137,138,136,135,134,133,132,128,131",7.993605777301127e-15,"3,9,10"
shap_exact,164192,8,1.111352503998205,0.07246118783950806,0.9153956694175411,0.9393939393939394,0.1815706491470337,0.9153782591856725,0.7575757575757576,"126,137,138,136,135,134,133,132,128,131",7.105427357601002e-15,"3,9,10"
shap_exact,164192,9,1.1137740230005875,0.07246118783950806,0.9153956694175411,0.9393939393939394,0.1815706491470337,0.9153782591856725,0.7575757575757576,"126,137,138,136,135,134,133,132,128,131",3.552713678800501e-15,"3,9,10"
shap_exact,138377,0,1.101900009001838,0.09283500909805298,0.7656190173615869,0.9393939393939394,0.5496423989534378,0.7605484169907868,0.7515151515151515,"54,55,42,43,44,45,46,47,53,52",3.552713678800501e-15,"3,4,11"
shap_exact,138377,1,1.101956254002289,0.0928349494934082,0.7656190173615869,0.9393939393939394,0.5496423840522766,0.760548357386142,0.7515151515151515,"54,55,42,43,44,45,46,47,53,52",5.329070518200751e-15,"3,4,11"
shap_exact,138377,2,1.100320866000402,0.09283488988876343,0.7656189577569421,0.9393939393939394,0.5496423691511154,0.7605484169907868,0.7515151515151515,"54,55,42,43,44,45,46,47,53,52",2.6645352591003757e-15,"3,4,11"
shap_exact,138377,3,1.0979626059997827,0.0928349494934082,0.7656190173615869,0.9393939393939394,0.5496422797441483,0.760548357386142,0.7515151515151515,"54,55,42,43,44,45,46,47,53,52",7.105427357601002e-15,"3,4,11"
shap_exact,138377,4,1.0950105289994099,0.09283488988876343,0.7656189577637633,0.9393939393939394,0.5496423691511154,0.7605484169907868,0.7515151515151515,"54,55,42,43,44,45,46,47,53,52",3.552713678800501e-15,"3,4,11"
shap_exact,138377,5,1.0946465130000433,0.0928349494934082,0.7656190173615869,0.9393939393939394,0.5496423691511154,0.7605484169907868,0.7515151515151515,"54,55,42,43,44,45,46,47,53,52",3.552713678800501e-15,"3,4,11"
shap_exact,138377,6,1.0918042220000643,0.0928349494934082,0.7656189577637633,0.9393939393939394,0.5496423691511154,0.7605484169907868,0.7515151515151515,"54,55,42,43,44,45,46,47,53,52",2.6645352591003757e-15,"3,4,11"
shap_exact,138377,7,1.094105614,0.09283488988876343,0.7656189577569421,0.9393939393939394,0.5496423989534378,0.7605484169907868,0.7515151515151515,"54,55,42,43,44,45,46,47,53,52",0.0,"3,4,11"
shap_exact,138377,8,1.1008705100030056,0.0928349494934082,0.7656190173556752,0.9393939393939394,0.5496423691511154,0.7605484169907868,0.7515151515151515,"54,55,42,43,44,45,46,47,53,52",8.881784197001252e-16,"3,4,11"
shap_exact,138377,9,1.0980576049987576,0.09283500909805298,0.7656190173615869,0.9393939393939394,0.5496423691511154,0.7605484169907868,0.7515151515151515,"54,55,42,43,44,45,46,47,53,52",8.881784197001252e-15,"3,4,11"
shap_exact,168076,0,1.324580345000868,0.5665596425533295,0.9907916665888479,0.9393939393939394,0.9897451882716268,0.9907181622693315,0.7454545454545455,"48,55,54,53,52,51,50,49,43,44",1.7763568394002505e-15,"3,5,0"
shap_exact,168076,1,1.0998159449991363,0.5665596425533295,0.9907916665888479,0.9393939393939394,0.9897451882716268,0.9907181622693315,0.7454545454545455,"48,55,54,53,52,51,50,49,43,44",1.7763568394002505e-15,"3,5,0"
shap_exact,168076,2,1.094903435998276,0.566559761762619,0.9907916665888479,0.9393939393939394,0.9897451882716268,0.9907181622693315,0.7454545454545455,"48,55,54,53,52,51,50,49,43,44",5.329070518200751e-15,"3,5,0"
shap_exact,168076,3,1.1055565729984664,0.5665596723556519,0.9907916665888479,0.9393939393939394,0.9897451887372881,0.9907181622693315,0.7454545454545455,"48,55,54,53,52,51,50,49,43,44",3.552713678800501e-15,"3,5,0"
shap_exact,168076,4,1.0979664029982814,0.5665596723556519,0.9907916665856646,0.9393939393939394,0.9897451882716268,0.9907181622693315,0.7454545454545455,"48,55,54,53,52,51,50,49,43,44",2.6645352591003757e-15,"3,5,0"
shap_exact,168076,5,1.096055775997229,0.5665596723556519,0.9907916665888479,0.9393939393939394,0.9897451882716268,0.9907181622693315,0.7454545454545455,"48,55,54,53,52,51,50,49,43,44",1.7763568394002505e-15,"3,5,0"
shap_exact,168076,6,1.0986964369985799,0.5665597021579742,0.9907916665888479,0.9393939393939394,0.9897451882716268,0.9907181622693315,0.7454545454545455,"48,55,54,53,52,51,50,49,43,44",1.7763568394002505e-15,"3,5,0"
shap_exact,168076,7,1.1029386340014753,0.5665596723556519,0.9907916665888479,0.9393939393939394,0.9897451882716268,0.9907181622693315,0.7454545454545455,"48,55,54,53,52,51,50,49,43,44",5.329070518200751e-15,"3,5,0"
shap_exact,168076,8,1.1031493410009716,0.5665597021579742,0.9907916665888479,0.9393939393939394,0.9897451882716268,0.9907181622693315,0.7454545454545455,"48,55,54,53,52,51,50,49,43,44",7.105427357601002e-15,"3,5,0"
shap_exact,168076,9,1.0952081300019927,0.5665597021579742,0.9907916665888479,0.9393939393939394,0.9897451882716268,0.9907181622693315,0.7454545454545455,"48,55,54,53,52,51,50,49,43,44",6.217248937900877e-15,"3,5,0"
shap_exact,199096,0,1.1003428980002354,0.9203998297452927,0.9782569824601524,0.9393939393939394,0.9783612369519687,0.977187127689831,0.7515151515151515,"126,138,137,136,135,134,133,131,127,128",2.6645352591003757e-15,"9,6,7"
shap_exact,199096,1,1.0987166160011839,0.9203998297452927,0.9782569824601524,0.9393939393939394,0.9783612369519687,0.977187127689831,0.7515151515151515,"126,138,137,136,135,134,133,131,127,128",1.7763568394002505e-15,"9,6,7"
shap_exact,199096,2,1.098104582997621,0.9203998148441315,0.9782569824601524,0.9393939393939394,0.9783612369519687,0.977187127689831,0.7515151515151515,"126,138,137,136,135,134,133,131,127,128",1.7763568394002505e-15,"9,6,7"
shap_exact,199096,3,1.096957393001503,0.9203998148441315,0.9782569824601524,0.9393939393939394,0.9783612369601542,0.977187127689831,0.7515151515151515,"126,138,137,136,135,134,133,131,127,128",1.7763568394002505e-15,"9,6,7"
shap_exact,199096,4,1.0939474769984372,0.9203998297452927,0.9782569824601524,0.9393939393939394,0.9783612369519687,0.977187127689831,0.7515151515151515,"126,138,137,136,135,134,133,131,127,128",1.7763568394002505e-15,"9,6,7"
shap_exact,199096,5,1.3169492879969766,0.9203998148441315,0.9782569824601524,0.9393939393939394,0.9783612369519687,0.977187127689831,0.7515151515151515,"126,138,137,136,135,134,133,131,127,128",1.7763568394002505e-15,"9,6,7"
shap_exact,199096,6,1.0967787269983091,0.9203998297452927,0.9782569824601524,0.9393939393939394,0.9783612369519687,0.977187127689831,0.7515151515151515,"126,138,137,136,135,134,133,131,127,128",2.6645352591003757e-15,"9,6,7"
shap_exact,199096,7,1.0981977080009528,0.9203998297452927,0.9782569824601524,0.9393939393939394,0.9783612369519687,0.9771871271077543,0.7515151515151515,"126,138,137,136,135,134,133,131,127,128",2.6645352591003757e-15,"9,6,7"
shap_exact,199096,8,1.0976864360018226,0.9203998148441315,0.9782569824601524,0.9393939393939394,0.9783612369519687,0.9771871271077543,0.7515151515151515,"126,138,137,136,135,134,133,131,127,128",2.6645352591003757e-15,"9,6,7"
shap_exact,199096,9,1.0945439800016175,0.9203998148441315,0.9782569824601524,0.9393939393939394,0.9783612369519687,0.977187127689831,0.7515151515151515,"126,138,137,136,135,134,133,131,127,128",1.7763568394002505e-15,"9,6,7"
shap_exact,194140,0,1.101657882998552,0.2609041929244995,0.6384799157388699,0.9393939393939394,0.6384800336654308,0.3361704349517822,0.7515151515151515,"68,69,56,57,58,59,60,61,63,67",5.329070518200751e-15,"4,0,9"
shap_exact,194140,1,1.1001542120029626,0.2609041929244995,0.6384799157388699,0.9393939393939394,0.6384800336654308,0.3361704349517822,0.7515151515151515,"68,69,56,57,58,59,60,61,63,67",5.329070518200751e-15,"4,0,9"
shap_exact,194140,2,1.0995879660003993,0.2609041929244995,0.6384799157388699,0.9393939393939394,0.6384800336654308,0.33617085218429565,0.7515151515151515,"68,69,56,57,58,59,60,61,63,67",7.105427357601002e-15,"4,0,9"
shap_exact,194140,3,1.0981110350003291,0.2609041929244995,0.638479915738742,0.9393939393939394,0.6384800336654308,0.3361704349517822,0.7515151515151515,"68,69,56,57,58,59,60,61,63,67",7.105427357601002e-15,"4,0,9"
shap_exact,194140,4,1.0991235809997306,0.2609041929244995,0.6384799157388699,0.9393939393939394,0.6384800336654308,0.3361704349517822,0.7515151515151515,"68,69,56,57,58,59,60,61,63,67",1.7763568394002505e-15,"4,0,9"
shap_exact,194140,5,1.096895206002955,0.2609041929244995,0.638479915738742,0.9393939393939394,0.6384800336654308,0.3361704349517822,0.7515151515151515,"68,69,56,57,58,59,60,61,63,67",1.7763568394002505e-15,"4,0,9"
shap_exact,194140,6,1.0963622330018552,0.2609041929244995,0.638479915738742,0.9393939393939394,0.6384800336654308,0.3361704349517822,0.7515151515151515,"68,69,56,57,58,59,60,61,63,67",3.552713678800501e-15,"4,0,9"
shap_exact,194140,7,1.0977436540015333,0.2609041929244995,0.6384799157388699,0.9393939393939394,0.6384800336654308,0.3361704349517822,0.7515151515151515,"68,69,56,57,58,59,60,61,63,67",3.552713678800501e-15,"4,0,9"
shap_exact,194140,8,1.093152690998977,0.2609041929244995,0.6384799157388699,0.9393939393939394,0.6384800336654308,0.3361704349517822,0.7515151515151515,"68,69,56,57,58,59,60,61,63,67",7.105427357601002e-15,"4,0,9"
shap_exact,194140,9,1.0901827190027689,0.2609041929244995,0.6384799157388699,0.9393939393939394,0.6384800336654308,0.3361704349517822,0.7515151515151515,"68,69,56,57,58,59,60,61,63,67",7.105427357601002e-15,"4,0,9"
shap_exact,153891,0,1.114891617999092,0.6914588212966919,0.9875932697177632,0.9393939393939394,0.9381142854690552,0.9708021096885204,0.7454545454545455,"48,53,54,55,52,51,50,49,43,44",8.881784197001252e-15,"3,5,6"
shap_exact,153891,1,1.336445172997628,0.6914589107036591,0.9875932697177632,0.9393939393939394,0.9381142854690552,0.9708021022379398,0.7454545454545455,"48,53,54,55,52,51,50,49,43,44",0.0,"3,5,6"
shap_exact,153891,2,1.1169283720009844,0.6914589107036591,0.9875932697177632,0.9393939393939394,0.9381142854690552,0.9708021096885204,0.7454545454545455,"48,53,54,55,52,51,50,49,43,44",6.217248937900877e-15,"3,5,6"
shap_exact,153891,3,1.1167965040003764,0.6914589107036591,0.9875932697177632,0.9393939393939394,0.9381142854690552,0.9708021022379398,0.7454545454545455,"48,53,54,55,52,51,50,49,43,44",7.105427357601002e-15,"3,5,6"
shap_exact,153891,4,1.117686749999848,0.6914589107036591,0.9875932697177632,0.9393939393939394,0.9381142593920231,0.9708021022379398,0.7454545454545455,"48,53,54,55,52,51,50,49,43,44",3.552713678800501e-15,"3,5,6"
shap_exact,153891,5,1.1182944940010202,0.6914589107036591,0.9875932697177632,0.9393939393939394,0.9381142854690552,0.9708021096885204,0.7454545454545455,"48,53,54,55,52,51,50,49,43,44",8.881784197001252e-16,"3,5,6"
shap_exact,153891,6,1.115299565000896,0.6914589107036591,0.9875932697177632,0.9393939393939394,0.9381142593920231,0.9708021022379398,0.7454545454545455,"48,53,54,55,52,51,50,49,43,44",0.0,"3,5,6"
shap_exact,153891,7,1.1162974849976308,0.6914589107036591,0.9875932697177632,0.9393939393939394,0.9381142854690552,0.9708021096885204,0.7454545454545455,"48,53,54,55,52,51,50,49,43,44",4.440892098500626e-15,"3,5,6"
shap_exact,153891,8,1.1161120059987297,0.6914589107036591,0.9875932697177632,0.9393939393939394,0.9381142593920231,0.9708021022379398,0.7454545454545455,"48,53,54,55,52,51,50,49,43,44",1.7763568394002505e-15,"3,5,6"
shap_exact,153891,9,1.11637604200223,0.6914588212966919,0.9875932697177632,0.9393939393939394,0.9381142854690552,0.9708021022379398,0.7454545454545455,"48,53,54,55,52,51,50,49,43,44",0.0,"3,5,6"
shap_exact,155552,0,1.0929666900010488,0.8522765636444092,0.9967779390590294,0.9393939393939394,0.996594817523146,0.9874035594984889,0.7575757575757576,"90,84,97,85,86,87,88,89,95,94",5.329070518200751e-15,"6,9,10"
shap_exact,155552,1,1.093445923001127,0.8522765636444092,0.9967779390590294,0.9393939393939394,0.996594817523146,0.9874035594984889,0.7575757575757576,"90,84,97,85,86,87,88,89,95,94",5.329070518200751e-15,"6,9,10"
shap_exact,155552,2,1.095019203999982,0.8522765636444092,0.9967779390590294,0.9393939393939394,0.996594817523146,0.9874035594984889,0.7575757575757576,"90,84,97,85,86,87,88,89,95,94",5.329070518200751e-15,"6,9,10"
shap_exact,155552,3,1.0956278300000122,0.8522765636444092,0.9967779390590294,0.9393939393939394,0.996594817523146,0.9874035594984889,0.7575757575757576,"90,84,97,85,86,87,88,89,95,94",5.329070518200751e-15,"6,9,10"
shap_exact,155552,4,1.0957515929985675,0.8522765636444092,0.9967779390590294,0.9393939393939394,0.996594817523146,0.9874035594984889,0.7575757575757576,"90,84,97,85,86,87,88,89,95,94",7.105427357601002e-15,"6,9,10"
shap_exact,155552,5,1.0958101140022336,0.8522765636444092,0.9967779390590294,0.9393939393939394,0.996594817523146,0.9874035594984889,0.7575757575757576,"90,84,97,85,86,87,88,89,95,94",5.329070518200751e-15,"6,9,10"
shap_exact,155552,6,1.3208565750028356,0.8522765636444092,0.9967779390590294,0.9393939393939394,0.996594817523146,0.9874035594984889,0.7575757575757576,"90,84,97,85,86,87,88,89,95,94",5.329070518200751e-15,"6,9,10"
shap_exact,155552,7,1.1045252909971168,0.8522765636444092,0.9967779390590294,0.9393939393939394,0.996594817523146,0.9874035594984889,0.7575757575757576,"90,84,97,85,86,87,88,89,95,94",5.329070518200751e-15,"6,9,10"
shap_exact,155552,8,1.278559332000441,0.8522765636444092,0.9967779390590294,0.9393939393939394,0.996594817523146,0.9874035594984889,0.7575757575757576,"90,84,97,85,86,87,88,89,95,94",7.105427357601002e-15,"6,9,10"
shap_exact,155552,9,1.0984250369983783,0.8522765636444092,0.9967779390565283,0.9393939393939394,0.996594817523146,0.9874035594984889,0.7575757575757576,"90,84,97,85,86,87,88,89,95,94",5.329070518200751e-15,"6,9,10"
shap_exact,170111,0,1.2051350270012335,0.6237431019544601,0.7247300463568536,0.9393939393939394,0.7237910146359354,0.6151602268218994,0.7454545454545455,"54,55,42,43,44,45,46,47,53,52",2.6645352591003757e-15,"3,5,6"
shap_exact,170111,1,1.3282316199984052,0.6237430945038795,0.7247300463568536,0.9393939393939394,0.7237910146359354,0.6151602268218994,0.7454545454545455,"54,55,42,43,44,45,46,47,53,52",0.0,"3,5,6"
shap_exact,170111,2,1.1400961200015445,0.6237430647015572,0.7247299867522088,0.9393939393939394,0.7237909550312907,0.6151601672172546,0.7454545454545455,"54,55,42,43,44,45,46,47,53,52",8.881784197001252e-16,"3,5,6"
shap_exact,170111,3,1.0963898449990666,0.6237430647015572,0.7247299867522088,0.9393939393939394,0.7237909550312907,0.6151601672172546,0.7454545454545455,"54,55,42,43,44,45,46,47,53,52",8.881784197001252e-16,"3,5,6"
shap_exact,170111,4,1.1011079379968578,0.6237430423498154,0.7247299867522088,0.9393939393939394,0.7237910146359354,0.6151602268218994,0.7454545454545455,"54,55,42,43,44,45,46,47,53,52",0.0,"3,5,6"
shap_exact,170111,5,1.0977446460019564,0.6237431243062019,0.7247300463568536,0.9393939393939394,0.7237910146359354,0.6151602268218994,0.7454545454545455,"54,55,42,43,44,45,46,47,53,52",8.881784197001252e-16,"3,5,6"
shap_exact,170111,6,1.101366393999342,0.6237430647015572,0.7247299867522088,0.9393939393939394,0.7237910146359354,0.6151602268218994,0.7454545454545455,"54,55,42,43,44,45,46,47,53,52",8.881784197001252e-16,"3,5,6"
shap_exact,170111,7,1.0971565289983118,0.6237431243062019,0.7247300463568536,0.9393939393939394,0.7237910146359354,0.6151602268218994,0.7454545454545455,"54,55,42,43,44,45,46,47,53,52",0.0,"3,5,6"
shap_exact,170111,8,1.0932059709994064,0.6237430647015572,0.7247299867522088,0.9393939393939394,0.7237909550312907,0.6151601672172546,0.7454545454545455,"54,55,42,43,44,45,46,47,53,52",2.6645352591003757e-15,"3,5,6"
shap_exact,170111,9,1.0985253949984326,0.6237430423498154,0.7247299867522088,0.9393939393939394,0.7237910146359354,0.6151602268218994,0.7454545454545455,"54,55,42,43,44,45,46,47,53,52",1.7763568394002505e-15,"3,5,6"
shap_exact,153011,0,1.1030948579973483,0.12112563848495483,0.950360036074926,0.9393939393939394,0.8505829423666,0.7705633044242859,0.7515151515151515,"77,71,72,73,74,75,76,83,81,80",1.7763568394002505e-15,"5,3,10"
shap_exact,153011,1,1.3227025599990156,0.12112563848495483,0.950360036074926,0.9393939393939394,0.8505829423666,0.7705633044242859,0.7515151515151515,"77,71,72,73,74,75,76,83,81,80",7.993605777301127e-15,"5,3,10"
shap_exact,153011,2,1.0985882630011474,0.12112563848495483,0.950360036074926,0.9393939393939394,0.8505830019712448,0.7705633491277695,0.7515151515151515,"77,71,72,73,74,75,76,83,81,80",4.440892098500626e-15,"5,3,10"
shap_exact,153011,3,1.0935263840001426,0.12112563848495483,0.9503600360912969,0.9393939393939394,0.8505829423666,0.7705632746219635,0.7515151515151515,"77,71,72,73,74,75,76,83,81,80",0.0,"5,3,10"
shap_exact,153011,4,1.097955582998111,0.12112563848495483,0.950360036074926,0.9393939393939394,0.8505830019712448,0.7705632746219635,0.7515151515151515,"77,71,72,73,74,75,76,83,81,80",1.7763568394002505e-15,"5,3,10"
shap_exact,153011,5,1.1036364679966937,0.12112563848495483,0.950360036074926,0.9393939393939394,0.850582979619503,0.7705633193254471,0.7515151515151515,"77,71,72,73,74,75,76,83,81,80",1.7763568394002505e-15,"5,3,10"
shap_exact,153011,6,1.1022917360023712,0.12112551927566528,0.9503600360912969,0.9393939393939394,0.8505830019712448,0.7705633044242859,0.7515151515151515,"77,71,72,73,74,75,76,83,81,80",3.552713678800501e-15,"5,3,10"
shap_exact,153011,7,1.0970521809977072,0.12112563848495483,0.950360036074926,0.9393939393939394,0.8505829647183418,0.7705632746219635,0.7515151515151515,"77,71,72,73,74,75,76,83,81,80",8.881784197001252e-16,"5,3,10"
shap_exact,153011,8,1.0972278119988914,0.12112563848495483,0.9503600360912969,0.9393939393939394,0.8505829647183418,0.7705633193254471,0.7515151515151515,"77,71,72,73,74,75,76,83,81,80",4.440892098500626e-15,"5,3,10"
shap_exact,153011,9,1.0980860590025259,0.12112551927566528,0.9503600360912969,0.9393939393939394,0.8505829423666,0.7705633193254471,0.7515151515151515,"77,71,72,73,74,75,76,83,81,80",2.6645352591003757e-15,"5,3,10"
